Newton iteration: 0 Time elapsed =0:00:38.649727
<A u 0 , A u 0 >_{-1}^0.5 =  0.8721439970696245
Newton iteration: 1 Time elapsed =0:01:15.037663
<A u 1 , A u 1 >_{-1}^0.5 =  0.863734744235541
Newton iteration: 2 Time elapsed =0:01:49.846131
<A u 2 , A u 2 >_{-1}^0.5 =  0.8554604433386275
Newton iteration: 3 Time elapsed =0:02:24.140987
<A u 3 , A u 3 >_{-1}^0.5 =  0.8473105967711637
Newton iteration: 4 Time elapsed =0:02:58.527498
<A u 4 , A u 4 >_{-1}^0.5 =  0.8392763905127212
Newton iteration: 5 Time elapsed =0:03:34.071690
<A u 5 , A u 5 >_{-1}^0.5 =  0.8313503696186084
Newton iteration: 6 Time elapsed =0:04:08.524857
<A u 6 , A u 6 >_{-1}^0.5 =  0.8235261855245909
Newton iteration: 7 Time elapsed =0:04:40.661571
<A u 7 , A u 7 >_{-1}^0.5 =  0.81579839664175
Newton iteration: 8 Time elapsed =0:05:16.718173
<A u 8 , A u 8 >_{-1}^0.5 =  0.8081623095407696
Newton iteration: 9 Time elapsed =0:05:51.447263
<A u 9 , A u 9 >_{-1}^0.5 =  0.8006138515001585
Newton iteration: 10 Time elapsed =0:06:26.608866
<A u 10 , A u 10 >_{-1}^0.5 =  0.7931494675373392
Newton iteration: 11 Time elapsed =0:06:58.809583
<A u 11 , A u 11 >_{-1}^0.5 =  0.7857660367093535
Newton iteration: 12 Time elapsed =0:07:31.561533
<A u 12 , A u 12 >_{-1}^0.5 =  0.7784608036899955
Newton iteration: 13 Time elapsed =0:08:04.595237
<A u 13 , A u 13 >_{-1}^0.5 =  0.7712313225367913
Newton iteration: 14 Time elapsed =0:08:36.619362
<A u 14 , A u 14 >_{-1}^0.5 =  0.7640754102441641
Newton iteration: 15 Time elapsed =0:09:08.716610
<A u 15 , A u 15 >_{-1}^0.5 =  0.7569911081972102
Newton iteration: 16 Time elapsed =0:09:40.174615
<A u 16 , A u 16 >_{-1}^0.5 =  0.7499766500380579
Newton iteration: 17 Time elapsed =0:10:10.963011
<A u 17 , A u 17 >_{-1}^0.5 =  0.7430304347629889
Newton iteration: 18 Time elapsed =0:10:43.844859
<A u 18 , A u 18 >_{-1}^0.5 =  0.7361510041068509
Newton iteration: 19 Time elapsed =0:11:20.953726
<A u 19 , A u 19 >_{-1}^0.5 =  0.7293370234572931
Newton iteration: 20 Time elapsed =0:11:54.049441
<A u 20 , A u 20 >_{-1}^0.5 =  0.7225872656877671
Newton iteration: 21 Time elapsed =0:12:25.766006
<A u 21 , A u 21 >_{-1}^0.5 =  0.7159005974140263
Newton iteration: 22 Time elapsed =0:12:57.441183
<A u 22 , A u 22 >_{-1}^0.5 =  0.7092759672707811
Newton iteration: 23 Time elapsed =0:13:32.125989
<A u 23 , A u 23 >_{-1}^0.5 =  0.702712395878696
Newton iteration: 24 Time elapsed =0:14:06.781099
<A u 24 , A u 24 >_{-1}^0.5 =  0.696208967230908
Newton iteration: 25 Time elapsed =0:14:41.739564
<A u 25 , A u 25 >_{-1}^0.5 =  0.689764821275696
Newton iteration: 26 Time elapsed =0:15:15.634744
<A u 26 , A u 26 >_{-1}^0.5 =  0.6833791475106132
Newton iteration: 27 Time elapsed =0:15:49.319543
<A u 27 , A u 27 >_{-1}^0.5 =  0.6770511794345087
Newton iteration: 28 Time elapsed =0:16:20.952434
<A u 28 , A u 28 >_{-1}^0.5 =  0.6707801897295008
Newton iteration: 29 Time elapsed =0:16:55.711672
<A u 29 , A u 29 >_{-1}^0.5 =  0.6645654860659831
Newton iteration: 30 Time elapsed =0:17:29.007598
<A u 30 , A u 30 >_{-1}^0.5 =  0.6584064074407668
Newton iteration: 31 Time elapsed =0:18:03.011543
<A u 31 , A u 31 >_{-1}^0.5 =  0.652302320972884
Newton iteration: 32 Time elapsed =0:18:36.464168
<A u 32 , A u 32 >_{-1}^0.5 =  0.646252619093206
Newton iteration: 33 Time elapsed =0:19:08.000421
<A u 33 , A u 33 >_{-1}^0.5 =  0.6402567170738578
Newton iteration: 34 Time elapsed =0:19:43.124142
<A u 34 , A u 34 >_{-1}^0.5 =  0.6343140508515659
Newton iteration: 35 Time elapsed =0:20:18.875516
<A u 35 , A u 35 >_{-1}^0.5 =  0.6284240751058852
Newton iteration: 36 Time elapsed =0:20:51.365516
<A u 36 , A u 36 >_{-1}^0.5 =  0.6225862615589421
Newton iteration: 37 Time elapsed =0:21:22.397171
<A u 37 , A u 37 >_{-1}^0.5 =  0.6168000974681691
Newton iteration: 38 Time elapsed =0:21:59.264615
<A u 38 , A u 38 >_{-1}^0.5 =  0.6110650842875331
Newton iteration: 39 Time elapsed =0:22:30.235576
<A u 39 , A u 39 >_{-1}^0.5 =  0.6053807364761905
Newton iteration: 40 Time elapsed =0:23:02.238936
<A u 40 , A u 40 >_{-1}^0.5 =  0.5997465804364103
Newton iteration: 41 Time elapsed =0:23:36.238560
<A u 41 , A u 41 >_{-1}^0.5 =  0.5941621535650812
Newton iteration: 42 Time elapsed =0:24:08.493490
<A u 42 , A u 42 >_{-1}^0.5 =  0.5886270034052027
Newton iteration: 43 Time elapsed =0:24:41.071604
<A u 43 , A u 43 >_{-1}^0.5 =  0.5831406868855271
Newton iteration: 44 Time elapsed =0:25:13.375218
<A u 44 , A u 44 >_{-1}^0.5 =  0.5777027696381839
Newton iteration: 45 Time elapsed =0:25:47.059684
<A u 45 , A u 45 >_{-1}^0.5 =  0.5723128253852586
Newton iteration: 46 Time elapsed =0:26:17.608878
<A u 46 , A u 46 >_{-1}^0.5 =  0.5669704353865272
Newton iteration: 47 Time elapsed =0:26:50.053533
<A u 47 , A u 47 >_{-1}^0.5 =  0.5616751879415949
Newton iteration: 48 Time elapsed =0:27:25.063212
<A u 48 , A u 48 >_{-1}^0.5 =  0.5564266779403221
Newton iteration: 49 Time elapsed =0:27:58.225278
<A u 49 , A u 49 >_{-1}^0.5 =  0.5512245064563922
Newton iteration: 50 Time elapsed =0:28:32.251561
<A u 50 , A u 50 >_{-1}^0.5 =  0.5460682803793427
Newton iteration: 51 Time elapsed =0:29:06.799299
<A u 51 , A u 51 >_{-1}^0.5 =  0.5409576120809517
Newton iteration: 52 Time elapsed =0:29:39.477584
<A u 52 , A u 52 >_{-1}^0.5 =  0.5358921191124654
Newton iteration: 53 Time elapsed =0:30:13.089904
<A u 53 , A u 53 >_{-1}^0.5 =  0.5308714239293888
Newton iteration: 54 Time elapsed =0:30:48.558561
<A u 54 , A u 54 >_{-1}^0.5 =  0.5258951536410877
Newton iteration: 55 Time elapsed =0:31:20.633820
<A u 55 , A u 55 >_{-1}^0.5 =  0.5209629397826493
Newton iteration: 56 Time elapsed =0:31:55.103307
<A u 56 , A u 56 >_{-1}^0.5 =  0.516074418106834
Newton iteration: 57 Time elapsed =0:32:30.305643
<A u 57 , A u 57 >_{-1}^0.5 =  0.5112292283940717
Newton iteration: 58 Time elapsed =0:33:03.509574
<A u 58 , A u 58 >_{-1}^0.5 =  0.5064270142788058
Newton iteration: 59 Time elapsed =0:33:36.054533
<A u 59 , A u 59 >_{-1}^0.5 =  0.5016674230905628
Newton iteration: 60 Time elapsed =0:34:11.125845
<A u 60 , A u 60 >_{-1}^0.5 =  0.49695010570836357
Newton iteration: 61 Time elapsed =0:34:43.189538
<A u 61 , A u 61 >_{-1}^0.5 =  0.4922747164272194
Newton iteration: 62 Time elapsed =0:35:17.954216
<A u 62 , A u 62 >_{-1}^0.5 =  0.4876409128355595
Newton iteration: 63 Time elapsed =0:35:54.424099
<A u 63 , A u 63 >_{-1}^0.5 =  0.48304835570260984
Newton iteration: 64 Time elapsed =0:36:29.014535
<A u 64 , A u 64 >_{-1}^0.5 =  0.4784967088748008
Newton iteration: 65 Time elapsed =0:37:02.625129
<A u 65 , A u 65 >_{-1}^0.5 =  0.47398563918036846
Newton iteration: 66 Time elapsed =0:37:36.028595
<A u 66 , A u 66 >_{-1}^0.5 =  0.4695148163414358
Newton iteration: 67 Time elapsed =0:38:06.314509
<A u 67 , A u 67 >_{-1}^0.5 =  0.4650839128928955
Newton iteration: 68 Time elapsed =0:38:41.034695
<A u 68 , A u 68 >_{-1}^0.5 =  0.4606926041074974
Newton iteration: 69 Time elapsed =0:39:15.358593
<A u 69 , A u 69 >_{-1}^0.5 =  0.45634056792659805
Newton iteration: 70 Time elapsed =0:39:49.683607
<A u 70 , A u 70 >_{-1}^0.5 =  0.4520274848960805
Newton iteration: 71 Time elapsed =0:40:23.621072
<A u 71 , A u 71 >_{-1}^0.5 =  0.4477530381069929
Newton iteration: 72 Time elapsed =0:40:53.562998
<A u 72 , A u 72 >_{-1}^0.5 =  0.4435169131405125
Newton iteration: 73 Time elapsed =0:41:26.862652
<A u 73 , A u 73 >_{-1}^0.5 =  0.43931879801686435
Newton iteration: 74 Time elapsed =0:41:59.944815
<A u 74 , A u 74 >_{-1}^0.5 =  0.4351583831478561
Newton iteration: 75 Time elapsed =0:42:32.663497
<A u 75 , A u 75 >_{-1}^0.5 =  0.4310353612927314
Newton iteration: 76 Time elapsed =0:43:06.862171
<A u 76 , A u 76 >_{-1}^0.5 =  0.4269494275170643
Newton iteration: 77 Time elapsed =0:43:37.538610
<A u 77 , A u 77 >_{-1}^0.5 =  0.4229002791544519
Newton iteration: 78 Time elapsed =0:44:09.933424
<A u 78 , A u 78 >_{-1}^0.5 =  0.41888761577074407
Newton iteration: 79 Time elapsed =0:44:43.103612
<A u 79 , A u 79 >_{-1}^0.5 =  0.4149111391306512
Newton iteration: 80 Time elapsed =0:45:19.943640
<A u 80 , A u 80 >_{-1}^0.5 =  0.4109705531664902
Newton iteration: 81 Time elapsed =0:45:53.016536
<A u 81 , A u 81 >_{-1}^0.5 =  0.4070655639489281
Newton iteration: 82 Time elapsed =0:46:28.139561
<A u 82 , A u 82 >_{-1}^0.5 =  0.40319587965953363
Newton iteration: 83 Time elapsed =0:46:59.986728
<A u 83 , A u 83 >_{-1}^0.5 =  0.399361210565022
Newton iteration: 84 Time elapsed =0:47:30.341586
<A u 84 , A u 84 >_{-1}^0.5 =  0.3955612689930214
Newton iteration: 85 Time elapsed =0:48:03.550784
<A u 85 , A u 85 >_{-1}^0.5 =  0.3917957693092856
Newton iteration: 86 Time elapsed =0:48:36.912166
<A u 86 , A u 86 >_{-1}^0.5 =  0.38806442789617596
Newton iteration: 87 Time elapsed =0:49:08.595319
<A u 87 , A u 87 >_{-1}^0.5 =  0.3843669631323762
Newton iteration: 88 Time elapsed =0:49:42.495663
<A u 88 , A u 88 >_{-1}^0.5 =  0.3807030953736922
Newton iteration: 89 Time elapsed =0:50:20.033745
<A u 89 , A u 89 >_{-1}^0.5 =  0.3770725469348714
Newton iteration: 90 Time elapsed =0:50:53.215563
<A u 90 , A u 90 >_{-1}^0.5 =  0.37347504207236565
Newton iteration: 91 Time elapsed =0:51:26.446578
<A u 91 , A u 91 >_{-1}^0.5 =  0.36991030696794547
Newton iteration: 92 Time elapsed =0:51:58.300875
<A u 92 , A u 92 >_{-1}^0.5 =  0.36637806971311404
Newton iteration: 93 Time elapsed =0:52:29.704967
<A u 93 , A u 93 >_{-1}^0.5 =  0.36287806029423986
Newton iteration: 94 Time elapsed =0:52:59.542804
<A u 94 , A u 94 >_{-1}^0.5 =  0.3594100105783732
Newton iteration: 95 Time elapsed =0:53:36.050661
<A u 95 , A u 95 >_{-1}^0.5 =  0.35597365429967265
Newton iteration: 96 Time elapsed =0:54:08.098045
<A u 96 , A u 96 >_{-1}^0.5 =  0.35256872704638853
Newton iteration: 97 Time elapsed =0:54:42.387082
<A u 97 , A u 97 >_{-1}^0.5 =  0.3491949662483828
Newton iteration: 98 Time elapsed =0:55:14.221227
<A u 98 , A u 98 >_{-1}^0.5 =  0.34585211116512093
Newton iteration: 99 Time elapsed =0:55:48.343601
<A u 99 , A u 99 >_{-1}^0.5 =  0.3425399028740984
Total time elapsed =0:55:49.190046
*** Iteration # 1 . Shear modulus G =  [0.76457939]
Newton iteration: 0 Time elapsed =0:00:32.347694
<A u 0 , A u 0 >_{-1}^0.5 =  0.7826365575869162
Newton iteration: 1 Time elapsed =0:01:03.761833
<A u 1 , A u 1 >_{-1}^0.5 =  0.7753179832689772
Newton iteration: 2 Time elapsed =0:01:38.198689
<A u 2 , A u 2 >_{-1}^0.5 =  0.7680828200758345
Newton iteration: 3 Time elapsed =0:02:10.855097
<A u 3 , A u 3 >_{-1}^0.5 =  0.7609276722176417
Newton iteration: 4 Time elapsed =0:02:41.259777
<A u 4 , A u 4 >_{-1}^0.5 =  0.7538495696229899
Newton iteration: 5 Time elapsed =0:03:15.329892
<A u 5 , A u 5 >_{-1}^0.5 =  0.7468458988881644
Newton iteration: 6 Time elapsed =0:03:49.271159
<A u 6 , A u 6 >_{-1}^0.5 =  0.7399143468817322
Newton iteration: 7 Time elapsed =0:04:21.481464
<A u 7 , A u 7 >_{-1}^0.5 =  0.7330528544372589
Newton iteration: 8 Time elapsed =0:04:56.446567
<A u 8 , A u 8 >_{-1}^0.5 =  0.7262595781369132
Newton iteration: 9 Time elapsed =0:05:29.809574
<A u 9 , A u 9 >_{-1}^0.5 =  0.719532858621267
Newton iteration: 10 Time elapsed =0:06:04.553592
<A u 10 , A u 10 >_{-1}^0.5 =  0.7128711941912392
Newton iteration: 11 Time elapsed =0:06:36.724190
<A u 11 , A u 11 >_{-1}^0.5 =  0.7062732187233083
Newton iteration: 12 Time elapsed =0:07:08.648616
<A u 12 , A u 12 >_{-1}^0.5 =  0.6997376831169837
Newton iteration: 13 Time elapsed =0:07:42.532431
<A u 13 , A u 13 >_{-1}^0.5 =  0.6932634396481195
Newton iteration: 14 Time elapsed =0:08:15.619965
<A u 14 , A u 14 >_{-1}^0.5 =  0.686849428723198
Newton iteration: 15 Time elapsed =0:08:51.770651
<A u 15 , A u 15 >_{-1}^0.5 =  0.6804946676256227
Newton iteration: 16 Time elapsed =0:09:24.380567
<A u 16 , A u 16 >_{-1}^0.5 =  0.6741982409213282
Newton iteration: 17 Time elapsed =0:09:57.216557
<A u 17 , A u 17 >_{-1}^0.5 =  0.6679592922517738
Newton iteration: 18 Time elapsed =0:10:28.938186
<A u 18 , A u 18 >_{-1}^0.5 =  0.6617770172913232
Newton iteration: 19 Time elapsed =0:11:01.876820
<A u 19 , A u 19 >_{-1}^0.5 =  0.6556506576851309
Newton iteration: 20 Time elapsed =0:11:33.396652
<A u 20 , A u 20 >_{-1}^0.5 =  0.6495794958156138
Newton iteration: 21 Time elapsed =0:12:05.743541
<A u 21 , A u 21 >_{-1}^0.5 =  0.6435628502713416
Newton iteration: 22 Time elapsed =0:12:37.979719
<A u 22 , A u 22 >_{-1}^0.5 =  0.6376000719132523
Newton iteration: 23 Time elapsed =0:13:11.297577
<A u 23 , A u 23 >_{-1}^0.5 =  0.6316905404503909
Newton iteration: 24 Time elapsed =0:13:42.851465
<A u 24 , A u 24 >_{-1}^0.5 =  0.6258336614515329
Newton iteration: 25 Time elapsed =0:14:14.586077
<A u 25 , A u 25 >_{-1}^0.5 =  0.6200288637307358
Newton iteration: 26 Time elapsed =0:14:46.134618
<A u 26 , A u 26 >_{-1}^0.5 =  0.6142755970545389
Newton iteration: 27 Time elapsed =0:15:21.042541
<A u 27 , A u 27 >_{-1}^0.5 =  0.6085733301266205
Newton iteration: 28 Time elapsed =0:15:55.695527
<A u 28 , A u 28 >_{-1}^0.5 =  0.602921548812337
Newton iteration: 29 Time elapsed =0:16:32.250653
<A u 29 , A u 29 >_{-1}^0.5 =  0.5973197545712123
Newton iteration: 30 Time elapsed =0:17:05.801936
<A u 30 , A u 30 >_{-1}^0.5 =  0.5917674630701162
Newton iteration: 31 Time elapsed =0:17:40.604158
<A u 31 , A u 31 >_{-1}^0.5 =  0.5862642029538108
Newton iteration: 32 Time elapsed =0:18:12.223388
<A u 32 , A u 32 >_{-1}^0.5 =  0.5808095147528624
Newton iteration: 33 Time elapsed =0:18:44.753284
<A u 33 , A u 33 >_{-1}^0.5 =  0.5754029499117276
Newton iteration: 34 Time elapsed =0:19:17.617083
<A u 34 , A u 34 >_{-1}^0.5 =  0.5700440699221669
Newton iteration: 35 Time elapsed =0:19:49.447517
<A u 35 , A u 35 >_{-1}^0.5 =  0.5647324455492273
Newton iteration: 36 Time elapsed =0:20:22.540066
<A u 36 , A u 36 >_{-1}^0.5 =  0.559467656138664
Newton iteration: 37 Time elapsed =0:20:57.027895
<A u 37 , A u 37 >_{-1}^0.5 =  0.5542492889962044
Newton iteration: 38 Time elapsed =0:21:30.935628
<A u 38 , A u 38 >_{-1}^0.5 =  0.5490769388303025
Newton iteration: 39 Time elapsed =0:22:03.870298
<A u 39 , A u 39 >_{-1}^0.5 =  0.543950207251078
Newton iteration: 40 Time elapsed =0:22:36.828959
<A u 40 , A u 40 >_{-1}^0.5 =  0.5388687023190885
Newton iteration: 41 Time elapsed =0:23:10.710777
<A u 41 , A u 41 >_{-1}^0.5 =  0.5338320381383636
Newton iteration: 42 Time elapsed =0:23:46.282740
<A u 42 , A u 42 >_{-1}^0.5 =  0.5288398344888405
Newton iteration: 43 Time elapsed =0:24:20.170626
<A u 43 , A u 43 >_{-1}^0.5 =  0.5238917164938947
Newton iteration: 44 Time elapsed =0:24:52.711789
<A u 44 , A u 44 >_{-1}^0.5 =  0.518987314319212
Newton iteration: 45 Time elapsed =0:25:25.035368
<A u 45 , A u 45 >_{-1}^0.5 =  0.5141262628996984
Newton iteration: 46 Time elapsed =0:25:57.392610
<A u 46 , A u 46 >_{-1}^0.5 =  0.5093082016914512
Newton iteration: 47 Time elapsed =0:26:30.429894
<A u 47 , A u 47 >_{-1}^0.5 =  0.5045327744462487
Newton iteration: 48 Time elapsed =0:27:03.375232
<A u 48 , A u 48 >_{-1}^0.5 =  0.49979962900623226
Newton iteration: 49 Time elapsed =0:27:33.776840
<A u 49 , A u 49 >_{-1}^0.5 =  0.4951084171167557
Newton iteration: 50 Time elapsed =0:28:07.104621
<A u 50 , A u 50 >_{-1}^0.5 =  0.4904587942555924
Newton iteration: 51 Time elapsed =0:28:44.936710
<A u 51 , A u 51 >_{-1}^0.5 =  0.4858504194768911
Newton iteration: 52 Time elapsed =0:29:18.519686
<A u 52 , A u 52 >_{-1}^0.5 =  0.4812829552684235
Newton iteration: 53 Time elapsed =0:29:51.434829
<A u 53 , A u 53 >_{-1}^0.5 =  0.476756067420883
Newton iteration: 54 Time elapsed =0:30:23.216662
<A u 54 , A u 54 >_{-1}^0.5 =  0.472269424908053
Newton iteration: 55 Time elapsed =0:30:58.633673
<A u 55 , A u 55 >_{-1}^0.5 =  0.4678226997768385
Newton iteration: 56 Time elapsed =0:31:34.863142
<A u 56 , A u 56 >_{-1}^0.5 =  0.46341556704622583
Newton iteration: 57 Time elapsed =0:32:09.025690
<A u 57 , A u 57 >_{-1}^0.5 =  0.45904770461437333
Newton iteration: 58 Time elapsed =0:32:43.423334
<A u 58 , A u 58 >_{-1}^0.5 =  0.45471879317305813
Newton iteration: 59 Time elapsed =0:33:20.099374
<A u 59 , A u 59 >_{-1}^0.5 =  0.450428516128829
Newton iteration: 60 Time elapsed =0:33:54.940846
<A u 60 , A u 60 >_{-1}^0.5 =  0.44617655953027874
Newton iteration: 61 Time elapsed =0:34:27.661746
<A u 61 , A u 61 >_{-1}^0.5 =  0.4419626120008614
Newton iteration: 62 Time elapsed =0:35:01.975665
<A u 62 , A u 62 >_{-1}^0.5 =  0.43778636467677456
Newton iteration: 63 Time elapsed =0:35:34.528212
<A u 63 , A u 63 >_{-1}^0.5 =  0.43364751114949446
Newton iteration: 64 Time elapsed =0:36:07.988056
<A u 64 , A u 64 >_{-1}^0.5 =  0.42954574741252505
Newton iteration: 65 Time elapsed =0:36:41.999862
<A u 65 , A u 65 >_{-1}^0.5 =  0.4254807718119876
Newton iteration: 66 Time elapsed =0:37:15.748087
<A u 66 , A u 66 >_{-1}^0.5 =  0.42145228500079657
Newton iteration: 67 Time elapsed =0:37:48.344829
<A u 67 , A u 67 >_{-1}^0.5 =  0.4174599898960148
Newton iteration: 68 Time elapsed =0:38:21.574653
<A u 68 , A u 68 >_{-1}^0.5 =  0.41350359163920003
Newton iteration: 69 Time elapsed =0:38:57.818351
<A u 69 , A u 69 >_{-1}^0.5 =  0.4095827975594652
Newton iteration: 70 Time elapsed =0:39:27.701531
<A u 70 , A u 70 >_{-1}^0.5 =  0.4056973171390161
Newton iteration: 71 Time elapsed =0:39:58.084630
<A u 71 , A u 71 >_{-1}^0.5 =  0.40184686198097413
Newton iteration: 72 Time elapsed =0:40:30.980428
<A u 72 , A u 72 >_{-1}^0.5 =  0.39803114577930676
Newton iteration: 73 Time elapsed =0:41:06.473891
<A u 73 , A u 73 >_{-1}^0.5 =  0.3942498842906495
Newton iteration: 74 Time elapsed =0:41:40.770034
<A u 74 , A u 74 >_{-1}^0.5 =  0.390502795307933
Newton iteration: 75 Time elapsed =0:42:18.358458
<A u 75 , A u 75 >_{-1}^0.5 =  0.3867895986356024
Newton iteration: 76 Time elapsed =0:42:50.555545
<A u 76 , A u 76 >_{-1}^0.5 =  0.38311001606633954
Newton iteration: 77 Time elapsed =0:43:22.176952
<A u 77 , A u 77 >_{-1}^0.5 =  0.37946377135915915
Newton iteration: 78 Time elapsed =0:43:56.425496
<A u 78 , A u 78 >_{-1}^0.5 =  0.37585059021875256
Newton iteration: 79 Time elapsed =0:44:30.240975
<A u 79 , A u 79 >_{-1}^0.5 =  0.3722702002759991
Newton iteration: 80 Time elapsed =0:45:08.160672
<A u 80 , A u 80 >_{-1}^0.5 =  0.3687223310695515
Newton iteration: 81 Time elapsed =0:45:43.654316
<A u 81 , A u 81 >_{-1}^0.5 =  0.36520671402837096
Newton iteration: 82 Time elapsed =0:46:19.979958
<A u 82 , A u 82 >_{-1}^0.5 =  0.3617230824552098
Newton iteration: 83 Time elapsed =0:46:54.247795
<A u 83 , A u 83 >_{-1}^0.5 =  0.3582711715108663
Newton iteration: 84 Time elapsed =0:47:30.822956
<A u 84 , A u 84 >_{-1}^0.5 =  0.35485071819926073
Newton iteration: 85 Time elapsed =0:48:04.965689
<A u 85 , A u 85 >_{-1}^0.5 =  0.35146146135316664
Newton iteration: 86 Time elapsed =0:48:35.701782
<A u 86 , A u 86 >_{-1}^0.5 =  0.348103141620608
Newton iteration: 87 Time elapsed =0:49:07.662436
<A u 87 , A u 87 >_{-1}^0.5 =  0.34477550145184915
Newton iteration: 88 Time elapsed =0:49:41.311426
<A u 88 , A u 88 >_{-1}^0.5 =  0.3414782850869161
Newton iteration: 89 Time elapsed =0:50:16.821716
<A u 89 , A u 89 >_{-1}^0.5 =  0.3382112385436354
Newton iteration: 90 Time elapsed =0:50:52.835545
<A u 90 , A u 90 >_{-1}^0.5 =  0.3349741096061135
Newton iteration: 91 Time elapsed =0:51:27.159628
<A u 91 , A u 91 >_{-1}^0.5 =  0.33176664781365284
Newton iteration: 92 Time elapsed =0:51:57.379700
<A u 92 , A u 92 >_{-1}^0.5 =  0.3285886044500448
Newton iteration: 93 Time elapsed =0:52:31.340578
<A u 93 , A u 93 >_{-1}^0.5 =  0.32543973253322267
Newton iteration: 94 Time elapsed =0:53:05.432411
<A u 94 , A u 94 >_{-1}^0.5 =  0.3223197868052313
Newton iteration: 95 Time elapsed =0:53:40.240957
<A u 95 , A u 95 >_{-1}^0.5 =  0.31922852372249994
Newton iteration: 96 Time elapsed =0:54:15.557163
<A u 96 , A u 96 >_{-1}^0.5 =  0.31616570144638895
Newton iteration: 97 Time elapsed =0:54:48.753180
<A u 97 , A u 97 >_{-1}^0.5 =  0.3131310798339709
Newton iteration: 98 Time elapsed =0:55:25.187602
<A u 98 , A u 98 >_{-1}^0.5 =  0.31012442042905297
Newton iteration: 99 Time elapsed =0:56:00.069958
<A u 99 , A u 99 >_{-1}^0.5 =  0.3071454864533986
Total time elapsed =1:51:49.678324
*** Iteration # 2 . Shear modulus G =  [0.64686623]
Newton iteration: 0 Time elapsed =0:00:36.550442
<A u 0 , A u 0 >_{-1}^0.5 =  0.712357521067059
Newton iteration: 1 Time elapsed =0:01:12.029395
<A u 1 , A u 1 >_{-1}^0.5 =  0.7056862933726746
Newton iteration: 2 Time elapsed =0:01:45.205995
<A u 2 , A u 2 >_{-1}^0.5 =  0.6990860322066278
Newton iteration: 3 Time elapsed =0:02:19.220158
<A u 3 , A u 3 >_{-1}^0.5 =  0.6925546105403144
Newton iteration: 4 Time elapsed =0:02:54.675481
<A u 4 , A u 4 >_{-1}^0.5 =  0.6860901193932931
Newton iteration: 5 Time elapsed =0:03:29.142399
<A u 5 , A u 5 >_{-1}^0.5 =  0.6796908368634771
Newton iteration: 6 Time elapsed =0:04:02.891379
<A u 6 , A u 6 >_{-1}^0.5 =  0.6733552021633773
Newton iteration: 7 Time elapsed =0:04:35.552152
<A u 7 , A u 7 >_{-1}^0.5 =  0.667081793765432
Newton iteration: 8 Time elapsed =0:05:08.973390
<A u 8 , A u 8 >_{-1}^0.5 =  0.6608693109352792
Newton iteration: 9 Time elapsed =0:05:43.090774
<A u 9 , A u 9 >_{-1}^0.5 =  0.6547165580702444
Newton iteration: 10 Time elapsed =0:06:16.660898
<A u 10 , A u 10 >_{-1}^0.5 =  0.6486224313700352
Newton iteration: 11 Time elapsed =0:06:51.998555
<A u 11 , A u 11 >_{-1}^0.5 =  0.6425859074538781
Newton iteration: 12 Time elapsed =0:07:27.430387
<A u 12 , A u 12 >_{-1}^0.5 =  0.636606033608243
Newton iteration: 13 Time elapsed =0:08:02.102404
<A u 13 , A u 13 >_{-1}^0.5 =  0.6306819194054302
Newton iteration: 14 Time elapsed =0:08:36.718756
<A u 14 , A u 14 >_{-1}^0.5 =  0.6248127294786067
Newton iteration: 15 Time elapsed =0:09:12.074441
<A u 15 , A u 15 >_{-1}^0.5 =  0.6189976772756492
Newton iteration: 16 Time elapsed =0:09:45.979847
<A u 16 , A u 16 >_{-1}^0.5 =  0.613236019644094
Newton iteration: 17 Time elapsed =0:10:20.976421
<A u 17 , A u 17 >_{-1}^0.5 =  0.6075270521239249
Newton iteration: 18 Time elapsed =0:10:56.664380
<A u 18 , A u 18 >_{-1}^0.5 =  0.6018701048449663
Newton iteration: 19 Time elapsed =0:11:32.611734
<A u 19 , A u 19 >_{-1}^0.5 =  0.5962645389422976
Newton iteration: 20 Time elapsed =0:12:06.591808
<A u 20 , A u 20 >_{-1}^0.5 =  0.5907097434165425
Newton iteration: 21 Time elapsed =0:12:39.720338
<A u 21 , A u 21 >_{-1}^0.5 =  0.5852051323774344
Newton iteration: 22 Time elapsed =0:13:14.091737
<A u 22 , A u 22 >_{-1}^0.5 =  0.579750142618304
Newton iteration: 23 Time elapsed =0:13:46.667705
<A u 23 , A u 23 >_{-1}^0.5 =  0.5743442314770357
Newton iteration: 24 Time elapsed =0:14:21.933423
<A u 24 , A u 24 >_{-1}^0.5 =  0.5689868749456495
Newton iteration: 25 Time elapsed =0:14:57.087466
<A u 25 , A u 25 >_{-1}^0.5 =  0.5636775659961413
Newton iteration: 26 Time elapsed =0:15:30.971270
<A u 26 , A u 26 >_{-1}^0.5 =  0.5584158130948284
Newton iteration: 27 Time elapsed =0:16:04.067037
<A u 27 , A u 27 >_{-1}^0.5 =  0.5532011388814438
Newton iteration: 28 Time elapsed =0:16:38.754362
<A u 28 , A u 28 >_{-1}^0.5 =  0.548033078992447
Newton iteration: 29 Time elapsed =0:17:13.490581
<A u 29 , A u 29 >_{-1}^0.5 =  0.5429111810109143
Newton iteration: 30 Time elapsed =0:17:47.780466
<A u 30 , A u 30 >_{-1}^0.5 =  0.537835003527691
Newton iteration: 31 Time elapsed =0:18:20.670343
<A u 31 , A u 31 >_{-1}^0.5 =  0.5328041153005708
Newton iteration: 32 Time elapsed =0:18:58.962085
<A u 32 , A u 32 >_{-1}^0.5 =  0.5278180944999971
Newton iteration: 33 Time elapsed =0:19:34.459815
<A u 33 , A u 33 >_{-1}^0.5 =  0.5228765280312757
Newton iteration: 34 Time elapsed =0:20:06.764888
<A u 34 , A u 34 >_{-1}^0.5 =  0.5179790109245592
Newton iteration: 35 Time elapsed =0:20:42.068992
<A u 35 , A u 35 >_{-1}^0.5 =  0.5131251457849858
Newton iteration: 36 Time elapsed =0:21:18.089621
<A u 36 , A u 36 >_{-1}^0.5 =  0.5083145422962705
Newton iteration: 37 Time elapsed =0:21:57.327448
<A u 37 , A u 37 >_{-1}^0.5 =  0.5035468167719273
Newton iteration: 38 Time elapsed =0:22:34.040258
<A u 38 , A u 38 >_{-1}^0.5 =  0.49882159174893265
Newton iteration: 39 Time elapsed =0:23:11.314140
<A u 39 , A u 39 >_{-1}^0.5 =  0.4941384956193224
Newton iteration: 40 Time elapsed =0:23:44.714523
<A u 40 , A u 40 >_{-1}^0.5 =  0.48949716229572715
Newton iteration: 41 Time elapsed =0:24:16.902328
<A u 41 , A u 41 >_{-1}^0.5 =  0.4848972309073132
Newton iteration: 42 Time elapsed =0:24:52.168948
<A u 42 , A u 42 >_{-1}^0.5 =  0.4803383455229732
Newton iteration: 43 Time elapsed =0:25:25.864439
<A u 43 , A u 43 >_{-1}^0.5 =  0.4758201548990744
Newton iteration: 44 Time elapsed =0:25:59.058746
<A u 44 , A u 44 >_{-1}^0.5 =  0.471342312249208
Newton iteration: 45 Time elapsed =0:26:32.953109
<A u 45 , A u 45 >_{-1}^0.5 =  0.46690447503385946
Newton iteration: 46 Time elapsed =0:27:05.602788
<A u 46 , A u 46 >_{-1}^0.5 =  0.462506304767956
Newton iteration: 47 Time elapsed =0:27:39.050451
<A u 47 , A u 47 >_{-1}^0.5 =  0.458147466844638
Newton iteration: 48 Time elapsed =0:28:14.511384
<A u 48 , A u 48 >_{-1}^0.5 =  0.45382763037364904
Newton iteration: 49 Time elapsed =0:28:45.992460
<A u 49 , A u 49 >_{-1}^0.5 =  0.4495464680329963
Newton iteration: 50 Time elapsed =0:29:18.935348
<A u 50 , A u 50 >_{-1}^0.5 =  0.44530365593261534
Newton iteration: 51 Time elapsed =0:29:53.467810
<A u 51 , A u 51 >_{-1}^0.5 =  0.4410988734889523
Newton iteration: 52 Time elapsed =0:30:25.679330
<A u 52 , A u 52 >_{-1}^0.5 =  0.43693180330942677
Newton iteration: 53 Time elapsed =0:30:59.728505
<A u 53 , A u 53 >_{-1}^0.5 =  0.4328021310859338
Newton iteration: 54 Time elapsed =0:31:35.079254
<A u 54 , A u 54 >_{-1}^0.5 =  0.4287095454965177
Newton iteration: 55 Time elapsed =0:32:08.489509
<A u 55 , A u 55 >_{-1}^0.5 =  0.42465373811453
Newton iteration: 56 Time elapsed =0:32:42.123667
<A u 56 , A u 56 >_{-1}^0.5 =  0.4206344033245998
Newton iteration: 57 Time elapsed =0:33:18.711188
<A u 57 , A u 57 >_{-1}^0.5 =  0.4166512382448226
Newton iteration: 58 Time elapsed =0:33:53.703825
<A u 58 , A u 58 >_{-1}^0.5 =  0.4127039426546223
Newton iteration: 59 Time elapsed =0:34:28.966116
<A u 59 , A u 59 >_{-1}^0.5 =  0.4087922189278272
Newton iteration: 60 Time elapsed =0:35:05.093087
<A u 60 , A u 60 >_{-1}^0.5 =  0.40491577197048917
Newton iteration: 61 Time elapsed =0:35:38.915320
<A u 61 , A u 61 >_{-1}^0.5 =  0.40107430916304593
Newton iteration: 62 Time elapsed =0:36:12.597319
<A u 62 , A u 62 >_{-1}^0.5 =  0.3972675403065169
Newton iteration: 63 Time elapsed =0:36:46.477987
<A u 63 , A u 63 >_{-1}^0.5 =  0.39349517757230384
Newton iteration: 64 Time elapsed =0:37:19.928050
<A u 64 , A u 64 >_{-1}^0.5 =  0.3897569354553925
Newton iteration: 65 Time elapsed =0:37:53.888551
<A u 65 , A u 65 >_{-1}^0.5 =  0.3860525307306285
Newton iteration: 66 Time elapsed =0:38:27.955272
<A u 66 , A u 66 >_{-1}^0.5 =  0.3823816824118152
Newton iteration: 67 Time elapsed =0:39:03.258357
<A u 67 , A u 67 >_{-1}^0.5 =  0.3787441117134476
Newton iteration: 68 Time elapsed =0:39:36.802304
<A u 68 , A u 68 >_{-1}^0.5 =  0.3751395420148117
Newton iteration: 69 Time elapsed =0:40:11.090312
<A u 69 , A u 69 >_{-1}^0.5 =  0.37156769882632534
Newton iteration: 70 Time elapsed =0:40:46.032684
<A u 70 , A u 70 >_{-1}^0.5 =  0.36802830975788137
Newton iteration: 71 Time elapsed =0:41:17.850377
<A u 71 , A u 71 >_{-1}^0.5 =  0.36452110448908975
Newton iteration: 72 Time elapsed =0:41:52.614963
<A u 72 , A u 72 >_{-1}^0.5 =  0.36104581474123043
Newton iteration: 73 Time elapsed =0:42:25.764757
<A u 73 , A u 73 >_{-1}^0.5 =  0.35760217425081176
Newton iteration: 74 Time elapsed =0:43:02.539022
<A u 74 , A u 74 >_{-1}^0.5 =  0.35418991874458194
Newton iteration: 75 Time elapsed =0:43:35.952654
<A u 75 , A u 75 >_{-1}^0.5 =  0.35080878591591386
Newton iteration: 76 Time elapsed =0:44:08.224628
<A u 76 , A u 76 >_{-1}^0.5 =  0.3474585154024306
Newton iteration: 77 Time elapsed =0:44:40.397636
<A u 77 , A u 77 >_{-1}^0.5 =  0.344138848764788
Newton iteration: 78 Time elapsed =0:45:12.509706
<A u 78 , A u 78 >_{-1}^0.5 =  0.34084952946652636
Newton iteration: 79 Time elapsed =0:45:43.561399
<A u 79 , A u 79 >_{-1}^0.5 =  0.33759030285490754
Newton iteration: 80 Time elapsed =0:46:14.639937
<A u 80 , A u 80 >_{-1}^0.5 =  0.33436091614266317
Newton iteration: 81 Time elapsed =0:46:48.094699
<A u 81 , A u 81 >_{-1}^0.5 =  0.3311611183905783
Newton iteration: 82 Time elapsed =0:47:24.293613
<A u 82 , A u 82 >_{-1}^0.5 =  0.3279906604908695
Newton iteration: 83 Time elapsed =0:47:55.805717
<A u 83 , A u 83 >_{-1}^0.5 =  0.32484929515126093
Newton iteration: 84 Time elapsed =0:48:30.918275
<A u 84 , A u 84 >_{-1}^0.5 =  0.3217367768797379
Newton iteration: 85 Time elapsed =0:49:06.591399
<A u 85 , A u 85 >_{-1}^0.5 =  0.31865286196991116
Newton iteration: 86 Time elapsed =0:49:39.402386
<A u 86 , A u 86 >_{-1}^0.5 =  0.3155973084869533
Newton iteration: 87 Time elapsed =0:50:12.754099
<A u 87 , A u 87 >_{-1}^0.5 =  0.312569876254048
Newton iteration: 88 Time elapsed =0:50:44.496937
<A u 88 , A u 88 >_{-1}^0.5 =  0.30957032683933755
Newton iteration: 89 Time elapsed =0:51:19.726441
<A u 89 , A u 89 >_{-1}^0.5 =  0.30659842354330863
Newton iteration: 90 Time elapsed =0:51:53.371776
<A u 90 , A u 90 >_{-1}^0.5 =  0.30365393138660435
Newton iteration: 91 Time elapsed =0:52:25.093342
<A u 91 , A u 91 >_{-1}^0.5 =  0.3007366170981993
Newton iteration: 92 Time elapsed =0:52:59.239483
<A u 92 , A u 92 >_{-1}^0.5 =  0.2978462491039445
Newton iteration: 93 Time elapsed =0:53:34.268415
<A u 93 , A u 93 >_{-1}^0.5 =  0.2949825975154378
Newton iteration: 94 Time elapsed =0:54:07.924599
<A u 94 , A u 94 >_{-1}^0.5 =  0.2921454341191814
Newton iteration: 95 Time elapsed =0:54:44.507626
<A u 95 , A u 95 >_{-1}^0.5 =  0.28933453236603135
Newton iteration: 96 Time elapsed =0:55:17.903530
<A u 96 , A u 96 >_{-1}^0.5 =  0.2865496673608985
Newton iteration: 97 Time elapsed =0:55:47.501635
<A u 97 , A u 97 >_{-1}^0.5 =  0.28379061585268095
Newton iteration: 98 Time elapsed =0:56:19.499336
<A u 98 , A u 98 >_{-1}^0.5 =  0.281057156224423
Newton iteration: 99 Time elapsed =0:56:50.602535
<A u 99 , A u 99 >_{-1}^0.5 =  0.2783490684836679
Total time elapsed =2:48:40.464062
*** Iteration # 3 . Shear modulus G =  [0.55206398]
Newton iteration: 0 Time elapsed =0:00:32.080982
<A u 0 , A u 0 >_{-1}^0.5 =  0.6531990837919791
Newton iteration: 1 Time elapsed =0:01:07.482888
<A u 1 , A u 1 >_{-1}^0.5 =  0.6470526226422689
Newton iteration: 2 Time elapsed =0:01:40.892846
<A u 2 , A u 2 >_{-1}^0.5 =  0.640969858175685
Newton iteration: 3 Time elapsed =0:02:14.314926
<A u 3 , A u 3 >_{-1}^0.5 =  0.6349492179791439
Newton iteration: 4 Time elapsed =0:02:48.627680
<A u 4 , A u 4 >_{-1}^0.5 =  0.6289892649163573
Newton iteration: 5 Time elapsed =0:03:23.803952
<A u 5 , A u 5 >_{-1}^0.5 =  0.62308867998839
Newton iteration: 6 Time elapsed =0:03:54.512416
<A u 6 , A u 6 >_{-1}^0.5 =  0.6172462476871877
Newton iteration: 7 Time elapsed =0:04:26.558919
<A u 7 , A u 7 >_{-1}^0.5 =  0.6114608434391845
Newton iteration: 8 Time elapsed =0:04:58.928457
<A u 8 , A u 8 >_{-1}^0.5 =  0.605731422807279
Newton iteration: 9 Time elapsed =0:05:31.353171
<A u 9 , A u 9 >_{-1}^0.5 =  0.6000570121772901
Newton iteration: 10 Time elapsed =0:06:06.116015
<A u 10 , A u 10 >_{-1}^0.5 =  0.5944367007016964
Newton iteration: 11 Time elapsed =0:06:39.833440
<A u 11 , A u 11 >_{-1}^0.5 =  0.5888696333116219
Newton iteration: 12 Time elapsed =0:07:14.012834
<A u 12 , A u 12 >_{-1}^0.5 =  0.5833550046392078
Newton iteration: 13 Time elapsed =0:07:46.658343
<A u 13 , A u 13 >_{-1}^0.5 =  0.577892053718099
Newton iteration: 14 Time elapsed =0:08:20.797902
<A u 14 , A u 14 >_{-1}^0.5 =  0.5724800593508863
Newton iteration: 15 Time elapsed =0:08:51.517989
<A u 15 , A u 15 >_{-1}^0.5 =  0.5671183360498117
Newton iteration: 16 Time elapsed =0:09:27.856867
<A u 16 , A u 16 >_{-1}^0.5 =  0.5618062304713952
Newton iteration: 17 Time elapsed =0:10:00.909640
<A u 17 , A u 17 >_{-1}^0.5 =  0.5565431182779037
Newton iteration: 18 Time elapsed =0:10:36.414798
<A u 18 , A u 18 >_{-1}^0.5 =  0.5513284013684079
Newton iteration: 19 Time elapsed =0:11:10.878971
<A u 19 , A u 19 >_{-1}^0.5 =  0.5461615054307363
Newton iteration: 20 Time elapsed =0:11:42.738905
<A u 20 , A u 20 >_{-1}^0.5 =  0.5410418777726828
Newton iteration: 21 Time elapsed =0:12:18.993501
<A u 21 , A u 21 >_{-1}^0.5 =  0.5359689853967394
Newton iteration: 22 Time elapsed =0:12:51.363554
<A u 22 , A u 22 >_{-1}^0.5 =  0.5309423132876826
Newton iteration: 23 Time elapsed =0:13:27.649025
<A u 23 , A u 23 >_{-1}^0.5 =  0.5259613628866238
Newton iteration: 24 Time elapsed =0:13:58.925111
<A u 24 , A u 24 >_{-1}^0.5 =  0.5210256507287013
Newton iteration: 25 Time elapsed =0:14:32.605972
<A u 25 , A u 25 >_{-1}^0.5 =  0.5161347072246839
Newton iteration: 26 Time elapsed =0:15:06.089167
<A u 26 , A u 26 >_{-1}^0.5 =  0.5112880755694189
Newton iteration: 27 Time elapsed =0:15:38.289103
<A u 27 , A u 27 >_{-1}^0.5 =  0.5064853107622397
Newton iteration: 28 Time elapsed =0:16:10.972860
<A u 28 , A u 28 >_{-1}^0.5 =  0.5017259787264019
Newton iteration: 29 Time elapsed =0:16:44.415982
<A u 29 , A u 29 >_{-1}^0.5 =  0.49700965551628173
Newton iteration: 30 Time elapsed =0:17:15.277265
<A u 30 , A u 30 >_{-1}^0.5 =  0.49233592660246556
Newton iteration: 31 Time elapsed =0:17:49.925770
<A u 31 , A u 31 >_{-1}^0.5 =  0.48770438622608636
Newton iteration: 32 Time elapsed =0:18:24.593760
<A u 32 , A u 32 >_{-1}^0.5 =  0.48311463681484
Newton iteration: 33 Time elapsed =0:18:57.059139
<A u 33 , A u 33 >_{-1}^0.5 =  0.478566288454042
Newton iteration: 34 Time elapsed =0:19:29.819906
<A u 34 , A u 34 >_{-1}^0.5 =  0.4740589584068108
Newton iteration: 35 Time elapsed =0:20:03.095203
<A u 35 , A u 35 >_{-1}^0.5 =  0.46959227067825976
Newton iteration: 36 Time elapsed =0:20:31.948934
<A u 36 , A u 36 >_{-1}^0.5 =  0.46516585561910095
Newton iteration: 37 Time elapsed =0:21:04.363941
<A u 37 , A u 37 >_{-1}^0.5 =  0.4607793495646284
Newton iteration: 38 Time elapsed =0:21:39.082188
<A u 38 , A u 38 >_{-1}^0.5 =  0.4564323945054749
Newton iteration: 39 Time elapsed =0:22:09.885976
<A u 39 , A u 39 >_{-1}^0.5 =  0.45212463778701006
Newton iteration: 40 Time elapsed =0:22:43.329405
<A u 40 , A u 40 >_{-1}^0.5 =  0.4478557318344939
Newton iteration: 41 Time elapsed =0:23:19.411216
<A u 41 , A u 41 >_{-1}^0.5 =  0.4436253339015131
Newton iteration: 42 Time elapsed =0:23:56.362014
<A u 42 , A u 42 >_{-1}^0.5 =  0.4394331058394247
Newton iteration: 43 Time elapsed =0:24:30.953985
<A u 43 , A u 43 >_{-1}^0.5 =  0.43527871388581824
Newton iteration: 44 Time elapsed =0:25:03.046603
<A u 44 , A u 44 >_{-1}^0.5 =  0.43116182847020074
Newton iteration: 45 Time elapsed =0:25:33.471851
<A u 45 , A u 45 >_{-1}^0.5 =  0.42708212403528717
Newton iteration: 46 Time elapsed =0:26:06.317984
<A u 46 , A u 46 >_{-1}^0.5 =  0.4230392788724718
Newton iteration: 47 Time elapsed =0:26:41.514313
<A u 47 , A u 47 >_{-1}^0.5 =  0.4190329749701808
Newton iteration: 48 Time elapsed =0:27:14.447089
<A u 48 , A u 48 >_{-1}^0.5 =  0.41506289787393896
Newton iteration: 49 Time elapsed =0:27:48.108872
<A u 49 , A u 49 >_{-1}^0.5 =  0.4111287365571127
Newton iteration: 50 Time elapsed =0:28:23.296944
<A u 50 , A u 50 >_{-1}^0.5 =  0.40723018330137517
Newton iteration: 51 Time elapsed =0:28:59.257730
<A u 51 , A u 51 >_{-1}^0.5 =  0.40336693358606235
Newton iteration: 52 Time elapsed =0:29:32.181219
<A u 52 , A u 52 >_{-1}^0.5 =  0.3995386859856258
Newton iteration: 53 Time elapsed =0:30:06.585925
<A u 53 , A u 53 >_{-1}^0.5 =  0.39574514207451106
Newton iteration: 54 Time elapsed =0:30:40.548960
<A u 54 , A u 54 >_{-1}^0.5 =  0.3919860063388005
Newton iteration: 55 Time elapsed =0:31:11.220205
<A u 55 , A u 55 >_{-1}^0.5 =  0.3882609860940997
Newton iteration: 56 Time elapsed =0:31:45.289230
<A u 56 , A u 56 >_{-1}^0.5 =  0.3845697914090955
Newton iteration: 57 Time elapsed =0:32:16.213461
<A u 57 , A u 57 >_{-1}^0.5 =  0.38091213503434723
Newton iteration: 58 Time elapsed =0:32:45.003171
<A u 58 , A u 58 >_{-1}^0.5 =  0.37728773233588064
Newton iteration: 59 Time elapsed =0:33:21.277372
<A u 59 , A u 59 >_{-1}^0.5 =  0.37369630123318376
Newton iteration: 60 Time elapsed =0:33:50.023166
<A u 60 , A u 60 >_{-1}^0.5 =  0.3701375621412578
Newton iteration: 61 Time elapsed =0:34:19.444108
<A u 61 , A u 61 >_{-1}^0.5 =  0.36661123791639694
Newton iteration: 62 Time elapsed =0:34:55.572161
<A u 62 , A u 62 >_{-1}^0.5 =  0.3631170538054124
Newton iteration: 63 Time elapsed =0:35:26.641991
<A u 63 , A u 63 >_{-1}^0.5 =  0.3596547373980067
Newton iteration: 64 Time elapsed =0:35:59.635227
<A u 64 , A u 64 >_{-1}^0.5 =  0.35622401858207214
Newton iteration: 65 Time elapsed =0:36:32.986987
<A u 65 , A u 65 >_{-1}^0.5 =  0.35282462950168897
Newton iteration: 66 Time elapsed =0:37:07.038494
<A u 66 , A u 66 >_{-1}^0.5 =  0.3494563045175891
Newton iteration: 67 Time elapsed =0:37:39.742883
<A u 67 , A u 67 >_{-1}^0.5 =  0.34611878016994374
Newton iteration: 68 Time elapsed =0:38:12.754414
<A u 68 , A u 68 >_{-1}^0.5 =  0.34281179514324167
Newton iteration: 69 Time elapsed =0:38:48.933005
<A u 69 , A u 69 >_{-1}^0.5 =  0.33953509023315287
Newton iteration: 70 Time elapsed =0:39:18.922514
<A u 70 , A u 70 >_{-1}^0.5 =  0.3362884083151914
Newton iteration: 71 Time elapsed =0:39:53.453822
<A u 71 , A u 71 >_{-1}^0.5 =  0.33307149431506655
Newton iteration: 72 Time elapsed =0:40:24.270161
<A u 72 , A u 72 >_{-1}^0.5 =  0.32988409518058054
Newton iteration: 73 Time elapsed =0:40:57.979206
<A u 73 , A u 73 >_{-1}^0.5 =  0.3267259598549784
Newton iteration: 74 Time elapsed =0:41:31.984872
<A u 74 , A u 74 >_{-1}^0.5 =  0.3235968392516232
Newton iteration: 75 Time elapsed =0:42:04.440376
<A u 75 , A u 75 >_{-1}^0.5 =  0.3204964862299069
Newton iteration: 76 Time elapsed =0:42:35.858985
<A u 76 , A u 76 >_{-1}^0.5 =  0.31742465557231814
Newton iteration: 77 Time elapsed =0:43:09.010288
<A u 77 , A u 77 >_{-1}^0.5 =  0.31438110396256763
Newton iteration: 78 Time elapsed =0:43:39.761006
<A u 78 , A u 78 >_{-1}^0.5 =  0.31136558996470937
Newton iteration: 79 Time elapsed =0:44:14.638929
<A u 79 , A u 79 >_{-1}^0.5 =  0.3083778740031638
Newton iteration: 80 Time elapsed =0:44:48.719905
<A u 80 , A u 80 >_{-1}^0.5 =  0.3054177183436102
Newton iteration: 81 Time elapsed =0:45:24.704887
<A u 81 , A u 81 >_{-1}^0.5 =  0.3024848870746625
Newton iteration: 82 Time elapsed =0:45:57.732968
<A u 82 , A u 82 >_{-1}^0.5 =  0.29957914609027314
Newton iteration: 83 Time elapsed =0:46:32.740563
<A u 83 , A u 83 >_{-1}^0.5 =  0.29670026307283676
Newton iteration: 84 Time elapsed =0:47:05.385094
<A u 84 , A u 84 >_{-1}^0.5 =  0.2938480074769155
Newton iteration: 85 Time elapsed =0:47:36.921762
<A u 85 , A u 85 >_{-1}^0.5 =  0.2910221505135529
Newton iteration: 86 Time elapsed =0:48:10.536946
<A u 86 , A u 86 >_{-1}^0.5 =  0.2882224651351498
Newton iteration: 87 Time elapsed =0:48:43.637978
<A u 87 , A u 87 >_{-1}^0.5 =  0.2854487260208382
Newton iteration: 88 Time elapsed =0:49:17.305400
<A u 88 , A u 88 >_{-1}^0.5 =  0.2827007095623347
Newton iteration: 89 Time elapsed =0:49:52.406894
<A u 89 , A u 89 >_{-1}^0.5 =  0.2799781938502394
Newton iteration: 90 Time elapsed =0:50:27.565671
<A u 90 , A u 90 >_{-1}^0.5 =  0.2772809586607341
Newton iteration: 91 Time elapsed =0:51:01.437982
<A u 91 , A u 91 >_{-1}^0.5 =  0.2746087854426774
Newton iteration: 92 Time elapsed =0:51:34.325776
<A u 92 , A u 92 >_{-1}^0.5 =  0.2719614573050431
Newton iteration: 93 Time elapsed =0:52:07.175227
<A u 93 , A u 93 >_{-1}^0.5 =  0.26933875900469717
Newton iteration: 94 Time elapsed =0:52:39.937447
<A u 94 , A u 94 >_{-1}^0.5 =  0.26674047693448355
Newton iteration: 95 Time elapsed =0:53:12.076955
<A u 95 , A u 95 >_{-1}^0.5 =  0.26416639911158935
Newton iteration: 96 Time elapsed =0:53:45.453188
<A u 96 , A u 96 >_{-1}^0.5 =  0.2616163151661824
Newton iteration: 97 Time elapsed =0:54:17.114965
<A u 97 , A u 97 >_{-1}^0.5 =  0.25909001633029743
Newton iteration: 98 Time elapsed =0:54:50.517665
<A u 98 , A u 98 >_{-1}^0.5 =  0.2565872954269541
Newton iteration: 99 Time elapsed =0:55:24.804328
<A u 99 , A u 99 >_{-1}^0.5 =  0.25410794685948623
Total time elapsed =3:44:05.595239
*** Iteration # 4 . Shear modulus G =  [0.47487075]
Newton iteration: 0 Time elapsed =0:00:32.592465
<A u 0 , A u 0 >_{-1}^0.5 =  0.6021856963821213
Newton iteration: 1 Time elapsed =0:01:06.020483
<A u 1 , A u 1 >_{-1}^0.5 =  0.5964897301521499
Newton iteration: 2 Time elapsed =0:01:42.271654
<A u 2 , A u 2 >_{-1}^0.5 =  0.5908520723157854
Newton iteration: 3 Time elapsed =0:02:13.234712
<A u 3 , A u 3 >_{-1}^0.5 =  0.5852714696110217
Newton iteration: 4 Time elapsed =0:02:46.159812
<A u 4 , A u 4 >_{-1}^0.5 =  0.5797467610035698
Newton iteration: 5 Time elapsed =0:03:18.817999
<A u 5 , A u 5 >_{-1}^0.5 =  0.574276867124087
Newton iteration: 6 Time elapsed =0:03:50.731475
<A u 6 , A u 6 >_{-1}^0.5 =  0.568860781108062
Newton iteration: 7 Time elapsed =0:04:23.623871
<A u 7 , A u 7 >_{-1}^0.5 =  0.5634975606308547
Newton iteration: 8 Time elapsed =0:04:55.883194
<A u 8 , A u 8 >_{-1}^0.5 =  0.5581863209639979
Newton iteration: 9 Time elapsed =0:05:26.945338
<A u 9 , A u 9 >_{-1}^0.5 =  0.5529262289066975
Newton iteration: 10 Time elapsed =0:05:58.504602
<A u 10 , A u 10 >_{-1}^0.5 =  0.5477164974693977
Newton iteration: 11 Time elapsed =0:06:30.623397
<A u 11 , A u 11 >_{-1}^0.5 =  0.5425563812052678
Newton iteration: 12 Time elapsed =0:07:07.055571
<A u 12 , A u 12 >_{-1}^0.5 =  0.5374451721014069
Newton iteration: 13 Time elapsed =0:07:40.408673
<A u 13 , A u 13 >_{-1}^0.5 =  0.5323821959546634
Newton iteration: 14 Time elapsed =0:08:13.858666
<A u 14 , A u 14 >_{-1}^0.5 =  0.5273668091681253
Newton iteration: 15 Time elapsed =0:08:48.779961
<A u 15 , A u 15 >_{-1}^0.5 =  0.5223983959135803
Newton iteration: 16 Time elapsed =0:09:20.226793
<A u 16 , A u 16 >_{-1}^0.5 =  0.5174763656130928
Newton iteration: 17 Time elapsed =0:09:52.844443
<A u 17 , A u 17 >_{-1}^0.5 =  0.512600150699445
Newton iteration: 18 Time elapsed =0:10:24.492387
<A u 18 , A u 18 >_{-1}^0.5 =  0.5077692046207868
Newton iteration: 19 Time elapsed =0:10:57.413099
<A u 19 , A u 19 >_{-1}^0.5 =  0.5029830000595803
Newton iteration: 20 Time elapsed =0:11:30.015494
<A u 20 , A u 20 >_{-1}^0.5 =  0.4982410273399745
Newton iteration: 21 Time elapsed =0:12:04.634567
<A u 21 , A u 21 >_{-1}^0.5 =  0.49354279300118853
Newton iteration: 22 Time elapsed =0:12:39.365254
<A u 22 , A u 22 >_{-1}^0.5 =  0.48888781851741203
Newton iteration: 23 Time elapsed =0:13:14.312462
<A u 23 , A u 23 >_{-1}^0.5 =  0.4842756391472753
Newton iteration: 24 Time elapsed =0:13:46.741440
<A u 24 , A u 24 >_{-1}^0.5 =  0.4797058028981179
Newton iteration: 25 Time elapsed =0:14:18.276040
<A u 25 , A u 25 >_{-1}^0.5 =  0.4751778695921092
Newton iteration: 26 Time elapsed =0:14:53.595440
<A u 26 , A u 26 >_{-1}^0.5 =  0.4706914100229082
Newton iteration: 27 Time elapsed =0:15:28.638966
<A u 27 , A u 27 >_{-1}^0.5 =  0.46624600519297515
Newton iteration: 28 Time elapsed =0:16:01.098604
<A u 28 , A u 28 >_{-1}^0.5 =  0.46184124562275797
Newton iteration: 29 Time elapsed =0:16:33.615083
<A u 29 , A u 29 >_{-1}^0.5 =  0.45747673072412826
Newton iteration: 30 Time elapsed =0:17:04.990945
<A u 30 , A u 30 >_{-1}^0.5 =  0.45315206823127263
Newton iteration: 31 Time elapsed =0:17:35.613970
<A u 31 , A u 31 >_{-1}^0.5 =  0.44886687368306755
Newton iteration: 32 Time elapsed =0:18:08.757520
<A u 32 , A u 32 >_{-1}^0.5 =  0.4446207699516428
Newton iteration: 33 Time elapsed =0:18:42.196913
<A u 33 , A u 33 >_{-1}^0.5 =  0.4404133868124611
Newton iteration: 34 Time elapsed =0:19:15.240560
<A u 34 , A u 34 >_{-1}^0.5 =  0.43624436055173826
Newton iteration: 35 Time elapsed =0:19:49.114415
<A u 35 , A u 35 >_{-1}^0.5 =  0.4321133336075196
Newton iteration: 36 Time elapsed =0:20:23.086576
<A u 36 , A u 36 >_{-1}^0.5 =  0.4280199542411135
Newton iteration: 37 Time elapsed =0:20:56.710639
<A u 37 , A u 37 >_{-1}^0.5 =  0.42396387623594955
Newton iteration: 38 Time elapsed =0:21:30.707211
<A u 38 , A u 38 >_{-1}^0.5 =  0.41994475862124564
Newton iteration: 39 Time elapsed =0:22:03.895213
<A u 39 , A u 39 >_{-1}^0.5 =  0.4159622654181412
Newton iteration: 40 Time elapsed =0:22:36.932538
<A u 40 , A u 40 >_{-1}^0.5 =  0.41201606540619895
Newton iteration: 41 Time elapsed =0:23:10.636330
<A u 41 , A u 41 >_{-1}^0.5 =  0.4081058319083858
Newton iteration: 42 Time elapsed =0:23:41.996042
<A u 42 , A u 42 >_{-1}^0.5 =  0.40423124259288423
Newton iteration: 43 Time elapsed =0:24:18.272056
<A u 43 , A u 43 >_{-1}^0.5 =  0.40039197929015186
Newton iteration: 44 Time elapsed =0:24:47.469424
<A u 44 , A u 44 >_{-1}^0.5 =  0.3965877278239424
Newton iteration: 45 Time elapsed =0:25:20.965284
<A u 45 , A u 45 >_{-1}^0.5 =  0.39281817785499135
Newton iteration: 46 Time elapsed =0:25:53.288248
<A u 46 , A u 46 >_{-1}^0.5 =  0.38908302273630335
Newton iteration: 47 Time elapsed =0:26:27.297470
<A u 47 , A u 47 >_{-1}^0.5 =  0.3853819593790184
Newton iteration: 48 Time elapsed =0:26:58.867491
<A u 48 , A u 48 >_{-1}^0.5 =  0.3817146881279518
Newton iteration: 49 Time elapsed =0:27:34.372725
<A u 49 , A u 49 >_{-1}^0.5 =  0.37808091264600674
Newton iteration: 50 Time elapsed =0:28:05.041759
<A u 50 , A u 50 >_{-1}^0.5 =  0.37448033980668644
Newton iteration: 51 Time elapsed =0:28:35.136294
<A u 51 , A u 51 >_{-1}^0.5 =  0.3709126795940609
Newton iteration: 52 Time elapsed =0:29:06.763259
<A u 52 , A u 52 >_{-1}^0.5 =  0.3673776450095585
Newton iteration: 53 Time elapsed =0:29:39.008449
<A u 53 , A u 53 >_{-1}^0.5 =  0.36387495198504016
Newton iteration: 54 Time elapsed =0:30:11.795125
<A u 54 , A u 54 >_{-1}^0.5 =  0.36040431930162514
Newton iteration: 55 Time elapsed =0:30:44.319593
<A u 55 , A u 55 >_{-1}^0.5 =  0.3569654685138467
Newton iteration: 56 Time elapsed =0:31:15.620305
<A u 56 , A u 56 >_{-1}^0.5 =  0.3535581238786774
Newton iteration: 57 Time elapsed =0:31:46.822523
<A u 57 , A u 57 >_{-1}^0.5 =  0.350182012289069
Newton iteration: 58 Time elapsed =0:32:22.189298
<A u 58 , A u 58 >_{-1}^0.5 =  0.34683686321163193
Newton iteration: 59 Time elapsed =0:32:56.011730
<A u 59 , A u 59 >_{-1}^0.5 =  0.3435224086281668
Newton iteration: 60 Time elapsed =0:33:29.586772
<A u 60 , A u 60 >_{-1}^0.5 =  0.34023838298071407
Newton iteration: 61 Time elapsed =0:34:03.382534
<A u 61 , A u 61 >_{-1}^0.5 =  0.3369845231198944
Newton iteration: 62 Time elapsed =0:34:35.650683
<A u 62 , A u 62 >_{-1}^0.5 =  0.33376056825625133
Newton iteration: 63 Time elapsed =0:35:07.393888
<A u 63 , A u 63 >_{-1}^0.5 =  0.3305662599144171
Newton iteration: 64 Time elapsed =0:35:39.756827
<A u 64 , A u 64 >_{-1}^0.5 =  0.3274013418898464
Newton iteration: 65 Time elapsed =0:36:09.348603
<A u 65 , A u 65 >_{-1}^0.5 =  0.32426556020796615
Newton iteration: 66 Time elapsed =0:36:42.140433
<A u 66 , A u 66 >_{-1}^0.5 =  0.3211586630855443
Newton iteration: 67 Time elapsed =0:37:15.788382
<A u 67 , A u 67 >_{-1}^0.5 =  0.3180804008941212
Newton iteration: 68 Time elapsed =0:37:50.673105
<A u 68 , A u 68 >_{-1}^0.5 =  0.31503052612535587
Newton iteration: 69 Time elapsed =0:38:23.880397
<A u 69 , A u 69 >_{-1}^0.5 =  0.31200879335815485
Newton iteration: 70 Time elapsed =0:38:56.474032
<A u 70 , A u 70 >_{-1}^0.5 =  0.3090149592274452
Newton iteration: 71 Time elapsed =0:39:28.038011
<A u 71 , A u 71 >_{-1}^0.5 =  0.3060487823944905
Newton iteration: 72 Time elapsed =0:40:04.297449
<A u 72 , A u 72 >_{-1}^0.5 =  0.30311002351862665
Newton iteration: 73 Time elapsed =0:40:37.560523
<A u 73 , A u 73 >_{-1}^0.5 =  0.30019844523033185
Newton iteration: 74 Time elapsed =0:41:08.208578
<A u 74 , A u 74 >_{-1}^0.5 =  0.29731381210552205
Newton iteration: 75 Time elapsed =0:41:39.118347
<A u 75 , A u 75 >_{-1}^0.5 =  0.29445589064101074
Newton iteration: 76 Time elapsed =0:42:12.915125
<A u 76 , A u 76 >_{-1}^0.5 =  0.2916244492310272
Newton iteration: 77 Time elapsed =0:42:46.678220
<A u 77 , A u 77 >_{-1}^0.5 =  0.28881925814474746
Newton iteration: 78 Time elapsed =0:43:19.911714
<A u 78 , A u 78 >_{-1}^0.5 =  0.28604008950473825
Newton iteration: 79 Time elapsed =0:43:53.145234
<A u 79 , A u 79 >_{-1}^0.5 =  0.2832867172662757
Newton iteration: 80 Time elapsed =0:44:24.839256
<A u 80 , A u 80 >_{-1}^0.5 =  0.2805589171974935
Newton iteration: 81 Time elapsed =0:44:56.392754
<A u 81 , A u 81 >_{-1}^0.5 =  0.2778564668602506
Newton iteration: 82 Time elapsed =0:45:30.091491
<A u 82 , A u 82 >_{-1}^0.5 =  0.2751791455917323
Newton iteration: 83 Time elapsed =0:46:03.691702
<A u 83 , A u 83 >_{-1}^0.5 =  0.27252673448669795
Newton iteration: 84 Time elapsed =0:46:36.678804
<A u 84 , A u 84 >_{-1}^0.5 =  0.2698990163803512
Newton iteration: 85 Time elapsed =0:47:07.728379
<A u 85 , A u 85 >_{-1}^0.5 =  0.2672957758317739
Newton iteration: 86 Time elapsed =0:47:40.936179
<A u 86 , A u 86 >_{-1}^0.5 =  0.26471679910791196
Newton iteration: 87 Time elapsed =0:48:15.148467
<A u 87 , A u 87 >_{-1}^0.5 =  0.2621618741680511
Newton iteration: 88 Time elapsed =0:48:49.347510
<A u 88 , A u 88 >_{-1}^0.5 =  0.2596307906487709
Newton iteration: 89 Time elapsed =0:49:22.224332
<A u 89 , A u 89 >_{-1}^0.5 =  0.25712333984933444
Newton iteration: 90 Time elapsed =0:49:56.903512
<A u 90 , A u 90 >_{-1}^0.5 =  0.2546393147174924
Newton iteration: 91 Time elapsed =0:50:31.507490
<A u 91 , A u 91 >_{-1}^0.5 =  0.25217850983566803
Newton iteration: 92 Time elapsed =0:51:05.351234
<A u 92 , A u 92 >_{-1}^0.5 =  0.24974072140751136
Newton iteration: 93 Time elapsed =0:51:38.030824
<A u 93 , A u 93 >_{-1}^0.5 =  0.24732574724477926
Newton iteration: 94 Time elapsed =0:52:09.795561
<A u 94 , A u 94 >_{-1}^0.5 =  0.24493338675454734
Newton iteration: 95 Time elapsed =0:52:41.520487
<A u 95 , A u 95 >_{-1}^0.5 =  0.24256344092669954
Newton iteration: 96 Time elapsed =0:53:17.095460
<A u 96 , A u 96 >_{-1}^0.5 =  0.2402157123217157
Newton iteration: 97 Time elapsed =0:53:52.911917
<A u 97 , A u 97 >_{-1}^0.5 =  0.2378900050587112
Newton iteration: 98 Time elapsed =0:54:25.280396
<A u 98 , A u 98 >_{-1}^0.5 =  0.23558612480371274
Newton iteration: 99 Time elapsed =0:54:58.431043
<A u 99 , A u 99 >_{-1}^0.5 =  0.23330387875818515
Total time elapsed =4:39:04.420297
*** Iteration # 5 . Shear modulus G =  [0.41138897]
Newton iteration: 0 Time elapsed =0:00:33.148256
<A u 0 , A u 0 >_{-1}^0.5 =  0.5576083328717102
Newton iteration: 1 Time elapsed =0:01:09.059456
<A u 1 , A u 1 >_{-1}^0.5 =  0.55230679545866
Newton iteration: 2 Time elapsed =0:01:43.190386
<A u 2 , A u 2 >_{-1}^0.5 =  0.5470592499088336
Newton iteration: 3 Time elapsed =0:02:18.334716
<A u 3 , A u 3 >_{-1}^0.5 =  0.5418646471173522
Newton iteration: 4 Time elapsed =0:02:52.178261
<A u 4 , A u 4 >_{-1}^0.5 =  0.5367220051920081
Newton iteration: 5 Time elapsed =0:03:28.196286
<A u 5 , A u 5 >_{-1}^0.5 =  0.5316304024242455
Newton iteration: 6 Time elapsed =0:03:59.692189
<A u 6 , A u 6 >_{-1}^0.5 =  0.5265889711218646
Newton iteration: 7 Time elapsed =0:04:35.012150
<A u 7 , A u 7 >_{-1}^0.5 =  0.5215968921854103
Newton iteration: 8 Time elapsed =0:05:07.356291
<A u 8 , A u 8 >_{-1}^0.5 =  0.5166533903279685
Newton iteration: 9 Time elapsed =0:05:41.433254
<A u 9 , A u 9 >_{-1}^0.5 =  0.5117577298530014
Newton iteration: 10 Time elapsed =0:06:15.715753
<A u 10 , A u 10 >_{-1}^0.5 =  0.5069092109172435
Newton iteration: 11 Time elapsed =0:06:47.291629
<A u 11 , A u 11 >_{-1}^0.5 =  0.5021071662162853
Newton iteration: 12 Time elapsed =0:07:19.674260
<A u 12 , A u 12 >_{-1}^0.5 =  0.49735095803917967
Newton iteration: 13 Time elapsed =0:07:55.454316
<A u 13 , A u 13 >_{-1}^0.5 =  0.4926399756460325
Newton iteration: 14 Time elapsed =0:08:27.207260
<A u 14 , A u 14 >_{-1}^0.5 =  0.4879736329287582
Newton iteration: 15 Time elapsed =0:09:02.348046
<A u 15 , A u 15 >_{-1}^0.5 =  0.4833513663206812
Newton iteration: 16 Time elapsed =0:09:33.728405
<A u 16 , A u 16 >_{-1}^0.5 =  0.47877263292519245
Newton iteration: 17 Time elapsed =0:10:07.423638
<A u 17 , A u 17 >_{-1}^0.5 =  0.47423690883762715
Newton iteration: 18 Time elapsed =0:10:41.053609
<A u 18 , A u 18 >_{-1}^0.5 =  0.4697436876378986
Newton iteration: 19 Time elapsed =0:11:19.933642
<A u 19 , A u 19 >_{-1}^0.5 =  0.4652924790342935
Newton iteration: 20 Time elapsed =0:11:52.255399
<A u 20 , A u 20 >_{-1}^0.5 =  0.46088280764131434
Newton iteration: 21 Time elapsed =0:12:24.328522
<A u 21 , A u 21 >_{-1}^0.5 =  0.45651421187664454
Newton iteration: 22 Time elapsed =0:12:54.251234
<A u 22 , A u 22 >_{-1}^0.5 =  0.4521862429640505
Newton iteration: 23 Time elapsed =0:13:26.887344
<A u 23 , A u 23 >_{-1}^0.5 =  0.44789846403075706
Newton iteration: 24 Time elapsed =0:14:01.357270
<A u 24 , A u 24 >_{-1}^0.5 =  0.44365044928914915
Newton iteration: 25 Time elapsed =0:14:33.854176
<A u 25 , A u 25 >_{-1}^0.5 =  0.4394417832938507
Newton iteration: 26 Time elapsed =0:15:06.321709
<A u 26 , A u 26 >_{-1}^0.5 =  0.435272060266319
Newton iteration: 27 Time elapsed =0:15:39.159220
<A u 27 , A u 27 >_{-1}^0.5 =  0.4311408834799701
Newton iteration: 28 Time elapsed =0:16:13.099841
<A u 28 , A u 28 >_{-1}^0.5 =  0.42704786469968403
Newton iteration: 29 Time elapsed =0:16:47.215361
<A u 29 , A u 29 >_{-1}^0.5 =  0.42299262367019425
Newton iteration: 30 Time elapsed =0:17:20.293372
<A u 30 , A u 30 >_{-1}^0.5 =  0.41897478764850465
Newton iteration: 31 Time elapsed =0:17:52.848301
<A u 31 , A u 31 >_{-1}^0.5 =  0.4149939909760217
Newton iteration: 32 Time elapsed =0:18:25.486804
<A u 32 , A u 32 >_{-1}^0.5 =  0.4110498746865311
Newton iteration: 33 Time elapsed =0:18:58.547317
<A u 33 , A u 33 >_{-1}^0.5 =  0.4071420861465915
Newton iteration: 34 Time elapsed =0:19:30.596790
<A u 34 , A u 34 >_{-1}^0.5 =  0.40327027872524995
Newton iteration: 35 Time elapsed =0:20:05.652305
<A u 35 , A u 35 >_{-1}^0.5 =  0.39943411149038704
Newton iteration: 36 Time elapsed =0:20:40.237704
<A u 36 , A u 36 >_{-1}^0.5 =  0.39563324892915575
Newton iteration: 37 Time elapsed =0:21:15.165155
<A u 37 , A u 37 >_{-1}^0.5 =  0.39186736069034966
Newton iteration: 38 Time elapsed =0:21:47.777163
<A u 38 , A u 38 >_{-1}^0.5 =  0.3881361213467242
Newton iteration: 39 Time elapsed =0:22:26.111735
<A u 39 , A u 39 >_{-1}^0.5 =  0.3844392101754414
Newton iteration: 40 Time elapsed =0:22:59.434055
<A u 40 , A u 40 >_{-1}^0.5 =  0.38077631095508546
Newton iteration: 41 Time elapsed =0:23:31.200264
<A u 41 , A u 41 >_{-1}^0.5 =  0.3771471117777594
Newton iteration: 42 Time elapsed =0:24:04.597883
<A u 42 , A u 42 >_{-1}^0.5 =  0.37355130487497273
Newton iteration: 43 Time elapsed =0:24:39.899321
<A u 43 , A u 43 >_{-1}^0.5 =  0.3699885864561433
Newton iteration: 44 Time elapsed =0:25:12.185362
<A u 44 , A u 44 >_{-1}^0.5 =  0.36645865655862697
Newton iteration: 45 Time elapsed =0:25:42.637448
<A u 45 , A u 45 >_{-1}^0.5 =  0.36296121890832583
Newton iteration: 46 Time elapsed =0:26:14.994291
<A u 46 , A u 46 >_{-1}^0.5 =  0.3594959807899828
Newton iteration: 47 Time elapsed =0:26:46.668032
<A u 47 , A u 47 >_{-1}^0.5 =  0.35606265292637673
Newton iteration: 48 Time elapsed =0:27:19.638302
<A u 48 , A u 48 >_{-1}^0.5 =  0.352660949365682
Newton iteration: 49 Time elapsed =0:27:55.091649
<A u 49 , A u 49 >_{-1}^0.5 =  0.3492905873763497
Newton iteration: 50 Time elapsed =0:28:32.330859
<A u 50 , A u 50 >_{-1}^0.5 =  0.3459512873488923
Newton iteration: 51 Time elapsed =0:29:03.708484
<A u 51 , A u 51 >_{-1}^0.5 =  0.34264277270404575
Newton iteration: 52 Time elapsed =0:29:40.580556
<A u 52 , A u 52 >_{-1}^0.5 =  0.33936476980679364
Newton iteration: 53 Time elapsed =0:30:12.131151
<A u 53 , A u 53 >_{-1}^0.5 =  0.3361170078857995
Newton iteration: 54 Time elapsed =0:30:42.892369
<A u 54 , A u 54 >_{-1}^0.5 =  0.33289921895785357
Newton iteration: 55 Time elapsed =0:31:16.865874
<A u 55 , A u 55 >_{-1}^0.5 =  0.32971113775691674
Newton iteration: 56 Time elapsed =0:31:52.982260
<A u 56 , A u 56 >_{-1}^0.5 =  0.3265525016674423
Newton iteration: 57 Time elapsed =0:32:30.368549
<A u 57 , A u 57 >_{-1}^0.5 =  0.32342305066165006
Newton iteration: 58 Time elapsed =0:33:08.011070
<A u 58 , A u 58 >_{-1}^0.5 =  0.3203225272404537
Newton iteration: 59 Time elapsed =0:33:43.048639
<A u 59 , A u 59 >_{-1}^0.5 =  0.31725067637776266
Newton iteration: 60 Time elapsed =0:34:17.059399
<A u 60 , A u 60 >_{-1}^0.5 =  0.31420724546795054
Newton iteration: 61 Time elapsed =0:34:49.303502
<A u 61 , A u 61 >_{-1}^0.5 =  0.3111919842762076
Newton iteration: 62 Time elapsed =0:35:23.801414
<A u 62 , A u 62 >_{-1}^0.5 =  0.3082046448916251
Newton iteration: 63 Time elapsed =0:35:58.932986
<A u 63 , A u 63 >_{-1}^0.5 =  0.3052449816827642
Newton iteration: 64 Time elapsed =0:36:34.632690
<A u 64 , A u 64 >_{-1}^0.5 =  0.3023127512555842
Newton iteration: 65 Time elapsed =0:37:10.015512
<A u 65 , A u 65 >_{-1}^0.5 =  0.2994077124135194
Newton iteration: 66 Time elapsed =0:37:46.081329
<A u 66 , A u 66 >_{-1}^0.5 =  0.29652962611959727
Newton iteration: 67 Time elapsed =0:38:21.225552
<A u 67 , A u 67 >_{-1}^0.5 =  0.29367825546041537
Newton iteration: 68 Time elapsed =0:38:57.088354
<A u 68 , A u 68 >_{-1}^0.5 =  0.2908533656118871
Newton iteration: 69 Time elapsed =0:39:29.293196
<A u 69 , A u 69 >_{-1}^0.5 =  0.28805472380660735
Newton iteration: 70 Time elapsed =0:40:02.409271
<A u 70 , A u 70 >_{-1}^0.5 =  0.28528209930275594
Newton iteration: 71 Time elapsed =0:40:35.632808
<A u 71 , A u 71 >_{-1}^0.5 =  0.2825352633544007
Newton iteration: 72 Time elapsed =0:41:08.123328
<A u 72 , A u 72 >_{-1}^0.5 =  0.2798139891831366
Newton iteration: 73 Time elapsed =0:41:40.850382
<A u 73 , A u 73 >_{-1}^0.5 =  0.27711805195097067
Newton iteration: 74 Time elapsed =0:42:14.908506
<A u 74 , A u 74 >_{-1}^0.5 =  0.27444722873434907
Newton iteration: 75 Time elapsed =0:42:50.336261
<A u 75 , A u 75 >_{-1}^0.5 =  0.2718012984992681
Newton iteration: 76 Time elapsed =0:43:22.590454
<A u 76 , A u 76 >_{-1}^0.5 =  0.26918004207740354
Newton iteration: 77 Time elapsed =0:43:56.805345
<A u 77 , A u 77 >_{-1}^0.5 =  0.2665832421431783
Newton iteration: 78 Time elapsed =0:44:29.615813
<A u 78 , A u 78 >_{-1}^0.5 =  0.26401068319171644
Newton iteration: 79 Time elapsed =0:45:04.506318
<A u 79 , A u 79 >_{-1}^0.5 =  0.2614621515176283
Newton iteration: 80 Time elapsed =0:45:36.694506
<A u 80 , A u 80 >_{-1}^0.5 =  0.25893743519456797
Newton iteration: 81 Time elapsed =0:46:09.248823
<A u 81 , A u 81 >_{-1}^0.5 =  0.2564363240555192
Newton iteration: 82 Time elapsed =0:46:40.676634
<A u 82 , A u 82 >_{-1}^0.5 =  0.2539586096737678
Newton iteration: 83 Time elapsed =0:47:15.317911
<A u 83 , A u 83 >_{-1}^0.5 =  0.2515040853445075
Newton iteration: 84 Time elapsed =0:47:50.396299
<A u 84 , A u 84 >_{-1}^0.5 =  0.24907254606704707
Newton iteration: 85 Time elapsed =0:48:23.709220
<A u 85 , A u 85 >_{-1}^0.5 =  0.2466637885275836
Newton iteration: 86 Time elapsed =0:48:59.468273
<A u 86 , A u 86 >_{-1}^0.5 =  0.24427761108250332
Newton iteration: 87 Time elapsed =0:49:30.685989
<A u 87 , A u 87 >_{-1}^0.5 =  0.24191381374217424
Newton iteration: 88 Time elapsed =0:50:03.055295
<A u 88 , A u 88 >_{-1}^0.5 =  0.23957219815521746
Newton iteration: 89 Time elapsed =0:50:36.665895
<A u 89 , A u 89 >_{-1}^0.5 =  0.23725256759320362
Newton iteration: 90 Time elapsed =0:51:08.380340
<A u 90 , A u 90 >_{-1}^0.5 =  0.23495472693576946
Newton iteration: 91 Time elapsed =0:51:40.565324
<A u 91 , A u 91 >_{-1}^0.5 =  0.23267848265612687
Newton iteration: 92 Time elapsed =0:52:15.092900
<A u 92 , A u 92 >_{-1}^0.5 =  0.23042364280692285
Newton iteration: 93 Time elapsed =0:52:48.841983
<A u 93 , A u 93 >_{-1}^0.5 =  0.22819001700646158
Newton iteration: 94 Time elapsed =0:53:22.033809
<A u 94 , A u 94 >_{-1}^0.5 =  0.22597741642523766
Newton iteration: 95 Time elapsed =0:53:54.208308
<A u 95 , A u 95 >_{-1}^0.5 =  0.22378565377278317
Newton iteration: 96 Time elapsed =0:54:29.495529
<A u 96 , A u 96 >_{-1}^0.5 =  0.2216145432847923
Newton iteration: 97 Time elapsed =0:55:02.929708
<A u 97 , A u 97 >_{-1}^0.5 =  0.21946390071053262
Newton iteration: 98 Time elapsed =0:55:36.376952
<A u 98 , A u 98 >_{-1}^0.5 =  0.2173335433004981
Newton iteration: 99 Time elapsed =0:56:10.470718
<A u 99 , A u 99 >_{-1}^0.5 =  0.21522328979431438
Total time elapsed =5:35:15.198915
*** Iteration # 6 . Shear modulus G =  [0.35871044]
Newton iteration: 0 Time elapsed =0:00:34.466207
<A u 0 , A u 0 >_{-1}^0.5 =  0.5182989072990863
Newton iteration: 1 Time elapsed =0:01:05.304691
<A u 1 , A u 1 >_{-1}^0.5 =  0.5133464983415233
Newton iteration: 2 Time elapsed =0:01:41.619771
<A u 2 , A u 2 >_{-1}^0.5 =  0.5084444865533712
Newton iteration: 3 Time elapsed =0:02:16.525755
<A u 3 , A u 3 >_{-1}^0.5 =  0.5035806575392677
Newton iteration: 4 Time elapsed =0:02:50.447958
<A u 4 , A u 4 >_{-1}^0.5 =  0.4987771070845834
Newton iteration: 5 Time elapsed =0:03:25.009654
<A u 5 , A u 5 >_{-1}^0.5 =  0.4940213617775069
Newton iteration: 6 Time elapsed =0:03:57.399094
<A u 6 , A u 6 >_{-1}^0.5 =  0.48931265250811845
Newton iteration: 7 Time elapsed =0:04:29.403705
<A u 7 , A u 7 >_{-1}^0.5 =  0.48465024848487986
Newton iteration: 8 Time elapsed =0:05:02.085055
<A u 8 , A u 8 >_{-1}^0.5 =  0.48003345376352785
Newton iteration: 9 Time elapsed =0:05:32.705682
<A u 9 , A u 9 >_{-1}^0.5 =  0.4754616041541231
Newton iteration: 10 Time elapsed =0:06:07.957819
<A u 10 , A u 10 >_{-1}^0.5 =  0.47093406445993347
Newton iteration: 11 Time elapsed =0:06:40.145764
<A u 11 , A u 11 >_{-1}^0.5 =  0.46645022600820807
Newton iteration: 12 Time elapsed =0:07:13.863490
<A u 12 , A u 12 >_{-1}^0.5 =  0.4620095044380764
Newton iteration: 13 Time elapsed =0:07:47.190734
<A u 13 , A u 13 >_{-1}^0.5 =  0.45761133771547047
Newton iteration: 14 Time elapsed =0:08:20.510848
<A u 14 , A u 14 >_{-1}^0.5 =  0.453255184348795
Newton iteration: 15 Time elapsed =0:08:52.810708
<A u 15 , A u 15 >_{-1}^0.5 =  0.44894052178247906
Newton iteration: 16 Time elapsed =0:09:26.354785
<A u 16 , A u 16 >_{-1}^0.5 =  0.44466684494834297
Newton iteration: 17 Time elapsed =0:10:00.293719
<A u 17 , A u 17 >_{-1}^0.5 =  0.44043366495731534
Newton iteration: 18 Time elapsed =0:10:33.241122
<A u 18 , A u 18 >_{-1}^0.5 =  0.43624050791609154
Newton iteration: 19 Time elapsed =0:11:07.796289
<A u 19 , A u 19 >_{-1}^0.5 =  0.43208691385522563
Newton iteration: 20 Time elapsed =0:11:39.947537
<A u 20 , A u 20 >_{-1}^0.5 =  0.42797243575678023
Newton iteration: 21 Time elapsed =0:12:11.962939
<A u 21 , A u 21 >_{-1}^0.5 =  0.42389663867101557
Newton iteration: 22 Time elapsed =0:12:44.234212
<A u 22 , A u 22 >_{-1}^0.5 =  0.4198590989128918
Newton iteration: 23 Time elapsed =0:13:18.158372
<A u 23 , A u 23 >_{-1}^0.5 =  0.415859403330152
Newton iteration: 24 Time elapsed =0:13:49.792809
<A u 24 , A u 24 >_{-1}^0.5 =  0.41189714863575067
Newton iteration: 25 Time elapsed =0:14:23.198837
<A u 25 , A u 25 >_{-1}^0.5 =  0.4079719407981678
Newton iteration: 26 Time elapsed =0:14:56.921755
<A u 26 , A u 26 >_{-1}^0.5 =  0.4040833944838683
Newton iteration: 27 Time elapsed =0:15:31.118102
<A u 27 , A u 27 >_{-1}^0.5 =  0.40023113254685483
Newton iteration: 28 Time elapsed =0:16:05.148190
<A u 28 , A u 28 >_{-1}^0.5 =  0.39641478556070153
Newton iteration: 29 Time elapsed =0:16:37.000501
<A u 29 , A u 29 >_{-1}^0.5 =  0.39263399138907484
Newton iteration: 30 Time elapsed =0:17:11.734987
<A u 30 , A u 30 >_{-1}^0.5 =  0.388888394791054
Newton iteration: 31 Time elapsed =0:17:41.754080
<A u 31 , A u 31 >_{-1}^0.5 =  0.3851776470580646
Newton iteration: 32 Time elapsed =0:18:16.338748
<A u 32 , A u 32 >_{-1}^0.5 =  0.3815014056794758
Newton iteration: 33 Time elapsed =0:18:48.978954
<A u 33 , A u 33 >_{-1}^0.5 =  0.37785933403424626
Newton iteration: 34 Time elapsed =0:19:22.735742
<A u 34 , A u 34 >_{-1}^0.5 =  0.3742511011063104
Newton iteration: 35 Time elapsed =0:19:56.142683
<A u 35 , A u 35 >_{-1}^0.5 =  0.3706763812215432
Newton iteration: 36 Time elapsed =0:20:29.704740
<A u 36 , A u 36 >_{-1}^0.5 =  0.3671348538044561
Newton iteration: 37 Time elapsed =0:21:04.600458
<A u 37 , A u 37 >_{-1}^0.5 =  0.3636262031528471
Newton iteration: 38 Time elapsed =0:21:37.685729
<A u 38 , A u 38 >_{-1}^0.5 =  0.3601501182289186
Newton iteration: 39 Time elapsed =0:22:11.783511
<A u 39 , A u 39 >_{-1}^0.5 =  0.3567062924654104
Newton iteration: 40 Time elapsed =0:22:42.208696
<A u 40 , A u 40 >_{-1}^0.5 =  0.35329442358551655
Newton iteration: 41 Time elapsed =0:23:12.730815
<A u 41 , A u 41 >_{-1}^0.5 =  0.3499142134354175
Newton iteration: 42 Time elapsed =0:23:45.857733
<A u 42 , A u 42 >_{-1}^0.5 =  0.3465653678283982
Newton iteration: 43 Time elapsed =0:24:21.393643
<A u 43 , A u 43 >_{-1}^0.5 =  0.3432475963995938
Newton iteration: 44 Time elapsed =0:24:53.341636
<A u 44 , A u 44 >_{-1}^0.5 =  0.3399606124705193
Newton iteration: 45 Time elapsed =0:25:25.943903
<A u 45 , A u 45 >_{-1}^0.5 =  0.3367041329225857
Newton iteration: 46 Time elapsed =0:26:00.349898
<A u 46 , A u 46 >_{-1}^0.5 =  0.33347787807890134
Newton iteration: 47 Time elapsed =0:26:31.812421
<A u 47 , A u 47 >_{-1}^0.5 =  0.33028157159370786
Newton iteration: 48 Time elapsed =0:27:02.607359
<A u 48 , A u 48 >_{-1}^0.5 =  0.32711494034884686
Newton iteration: 49 Time elapsed =0:27:35.467428
<A u 49 , A u 49 >_{-1}^0.5 =  0.323977714356736
Newton iteration: 50 Time elapsed =0:28:09.953385
<A u 50 , A u 50 >_{-1}^0.5 =  0.3208696266693358
Newton iteration: 51 Time elapsed =0:28:43.875973
<A u 51 , A u 51 >_{-1}^0.5 =  0.3177904132926842
Newton iteration: 52 Time elapsed =0:29:16.176426
<A u 52 , A u 52 >_{-1}^0.5 =  0.31473981310654536
Newton iteration: 53 Time elapsed =0:29:48.215101
<A u 53 , A u 53 >_{-1}^0.5 =  0.31171756778883397
Newton iteration: 54 Time elapsed =0:30:18.168726
<A u 54 , A u 54 >_{-1}^0.5 =  0.3087234217444351
Newton iteration: 55 Time elapsed =0:30:52.493756
<A u 55 , A u 55 >_{-1}^0.5 =  0.3057571220381141
Newton iteration: 56 Time elapsed =0:31:27.318541
<A u 56 , A u 56 >_{-1}^0.5 =  0.3028184183312111
Newton iteration: 57 Time elapsed =0:32:03.852672
<A u 57 , A u 57 >_{-1}^0.5 =  0.29990706282187374
Newton iteration: 58 Time elapsed =0:32:36.742615
<A u 58 , A u 58 >_{-1}^0.5 =  0.29702281018854465
Newton iteration: 59 Time elapsed =0:33:11.945920
<A u 59 , A u 59 >_{-1}^0.5 =  0.29416541753649184
Newton iteration: 60 Time elapsed =0:33:47.851235
<A u 60 , A u 60 >_{-1}^0.5 =  0.2913346443471842
Newton iteration: 61 Time elapsed =0:34:23.875691
<A u 61 , A u 61 >_{-1}^0.5 =  0.28853025243028474
Newton iteration: 62 Time elapsed =0:34:57.893003
<A u 62 , A u 62 >_{-1}^0.5 =  0.2857520058781103
Newton iteration: 63 Time elapsed =0:35:29.124729
<A u 63 , A u 63 >_{-1}^0.5 =  0.28299967102237283
Newton iteration: 64 Time elapsed =0:36:02.836122
<A u 64 , A u 64 >_{-1}^0.5 =  0.280273016393053
Newton iteration: 65 Time elapsed =0:36:36.797028
<A u 65 , A u 65 >_{-1}^0.5 =  0.2775718126792716
Newton iteration: 66 Time elapsed =0:37:12.857690
<A u 66 , A u 66 >_{-1}^0.5 =  0.27489583269201434
Newton iteration: 67 Time elapsed =0:37:44.532130
<A u 67 , A u 67 >_{-1}^0.5 =  0.27224485132859344
Newton iteration: 68 Time elapsed =0:38:18.584716
<A u 68 , A u 68 >_{-1}^0.5 =  0.26961864553873616
Newton iteration: 69 Time elapsed =0:38:51.283523
<A u 69 , A u 69 >_{-1}^0.5 =  0.26701699429218956
Newton iteration: 70 Time elapsed =0:39:22.062407
<A u 70 , A u 70 >_{-1}^0.5 =  0.26443967854774186
Newton iteration: 71 Time elapsed =0:39:55.752732
<A u 71 , A u 71 >_{-1}^0.5 =  0.261886481223579
Newton iteration: 72 Time elapsed =0:40:30.246779
<A u 72 , A u 72 >_{-1}^0.5 =  0.2593571871688851
Newton iteration: 73 Time elapsed =0:41:02.285858
<A u 73 , A u 73 >_{-1}^0.5 =  0.2568515831366056
Newton iteration: 74 Time elapsed =0:41:38.132746
<A u 74 , A u 74 >_{-1}^0.5 =  0.2543694577573113
Newton iteration: 75 Time elapsed =0:42:12.995762
<A u 75 , A u 75 >_{-1}^0.5 =  0.25191060151408384
Newton iteration: 76 Time elapsed =0:42:44.914923
<A u 76 , A u 76 >_{-1}^0.5 =  0.24947480671836517
Newton iteration: 77 Time elapsed =0:43:21.085743
<A u 77 , A u 77 >_{-1}^0.5 =  0.24706186748671174
Newton iteration: 78 Time elapsed =0:43:55.790677
<A u 78 , A u 78 >_{-1}^0.5 =  0.2446715797183956
Newton iteration: 79 Time elapsed =0:44:28.716720
<A u 79 , A u 79 >_{-1}^0.5 =  0.24230374107380856
Newton iteration: 80 Time elapsed =0:45:02.274964
<A u 80 , A u 80 >_{-1}^0.5 =  0.23995815095360942
Newton iteration: 81 Time elapsed =0:45:32.717712
<A u 81 , A u 81 >_{-1}^0.5 =  0.23763461047858256
Newton iteration: 82 Time elapsed =0:46:06.748159
<A u 82 , A u 82 >_{-1}^0.5 =  0.23533292247015608
Newton iteration: 83 Time elapsed =0:46:39.382542
<A u 83 , A u 83 >_{-1}^0.5 =  0.23305289143155006
Newton iteration: 84 Time elapsed =0:47:12.783443
<A u 84 , A u 84 >_{-1}^0.5 =  0.23079432352950488
Newton iteration: 85 Time elapsed =0:47:49.524842
<A u 85 , A u 85 >_{-1}^0.5 =  0.22855702657657317
Newton iteration: 86 Time elapsed =0:48:23.312034
<A u 86 , A u 86 >_{-1}^0.5 =  0.22634081001393025
Newton iteration: 87 Time elapsed =0:48:56.071516
<A u 87 , A u 87 >_{-1}^0.5 =  0.22414548489467018
Newton iteration: 88 Time elapsed =0:49:31.239478
<A u 88 , A u 88 >_{-1}^0.5 =  0.22197086386758458
Newton iteration: 89 Time elapsed =0:50:05.902034
<A u 89 , A u 89 >_{-1}^0.5 =  0.21981676116135923
Newton iteration: 90 Time elapsed =0:50:39.223712
<A u 90 , A u 90 >_{-1}^0.5 =  0.21768299256920232
Newton iteration: 91 Time elapsed =0:51:13.467748
<A u 91 , A u 91 >_{-1}^0.5 =  0.21556937543385082
Newton iteration: 92 Time elapsed =0:51:47.536390
<A u 92 , A u 92 >_{-1}^0.5 =  0.21347572863295672
Newton iteration: 93 Time elapsed =0:52:19.628724
<A u 93 , A u 93 >_{-1}^0.5 =  0.21140187256481743
Newton iteration: 94 Time elapsed =0:52:51.190068
<A u 94 , A u 94 >_{-1}^0.5 =  0.2093476291344346
Newton iteration: 95 Time elapsed =0:53:26.564670
<A u 95 , A u 95 >_{-1}^0.5 =  0.2073128217398941
Newton iteration: 96 Time elapsed =0:54:00.572940
<A u 96 , A u 96 >_{-1}^0.5 =  0.2052972752590357
Newton iteration: 97 Time elapsed =0:54:34.897061
<A u 97 , A u 97 >_{-1}^0.5 =  0.20330081603640798
Newton iteration: 98 Time elapsed =0:55:07.244937
<A u 98 , A u 98 >_{-1}^0.5 =  0.20132327187048016
Newton iteration: 99 Time elapsed =0:55:38.846736
<A u 99 , A u 99 >_{-1}^0.5 =  0.1993644720011194
Total time elapsed =6:30:54.295304
*** Iteration # 7 . Shear modulus G =  [0.31463569]
Newton iteration: 0 Time elapsed =0:00:33.834257
<A u 0 , A u 0 >_{-1}^0.5 =  0.48337519655390676
Newton iteration: 1 Time elapsed =0:01:09.936417
<A u 1 , A u 1 >_{-1}^0.5 =  0.47873480715457933
Newton iteration: 2 Time elapsed =0:01:41.947434
<A u 2 , A u 2 >_{-1}^0.5 =  0.47414172534587856
Newton iteration: 3 Time elapsed =0:02:18.837615
<A u 3 , A u 3 >_{-1}^0.5 =  0.4695951404843758
Newton iteration: 4 Time elapsed =0:02:51.914305
<A u 4 , A u 4 >_{-1}^0.5 =  0.4650942833221821
Newton iteration: 5 Time elapsed =0:03:26.577640
<A u 5 , A u 5 >_{-1}^0.5 =  0.46063842231742635
Newton iteration: 6 Time elapsed =0:03:58.686467
<A u 6 , A u 6 >_{-1}^0.5 =  0.45622686033937176
Newton iteration: 7 Time elapsed =0:04:32.898352
<A u 7 , A u 7 >_{-1}^0.5 =  0.4518589317207249
Newton iteration: 8 Time elapsed =0:05:07.209517
<A u 8 , A u 8 >_{-1}^0.5 =  0.44753399961599355
Newton iteration: 9 Time elapsed =0:05:41.013371
<A u 9 , A u 9 >_{-1}^0.5 =  0.44325145363011953
Newton iteration: 10 Time elapsed =0:06:13.255710
<A u 10 , A u 10 >_{-1}^0.5 =  0.4390107076862095
Newton iteration: 11 Time elapsed =0:06:44.737481
<A u 11 , A u 11 >_{-1}^0.5 =  0.4348111981051864
Newton iteration: 12 Time elapsed =0:07:18.276928
<A u 12 , A u 12 >_{-1}^0.5 =  0.43065238187356886
Newton iteration: 13 Time elapsed =0:07:52.099261
<A u 13 , A u 13 >_{-1}^0.5 =  0.42653373507856246
Newton iteration: 14 Time elapsed =0:08:27.299702
<A u 14 , A u 14 >_{-1}^0.5 =  0.4224547514921607
Newton iteration: 15 Time elapsed =0:09:01.475850
<A u 15 , A u 15 >_{-1}^0.5 =  0.4184149412882115
Newton iteration: 16 Time elapsed =0:09:36.412456
<A u 16 , A u 16 >_{-1}^0.5 =  0.4144138298782687
Newton iteration: 17 Time elapsed =0:10:10.140242
<A u 17 , A u 17 >_{-1}^0.5 =  0.410450956853758
Newton iteration: 18 Time elapsed =0:10:46.133390
<A u 18 , A u 18 >_{-1}^0.5 =  0.40652587502342746
Newton iteration: 19 Time elapsed =0:11:18.783546
<A u 19 , A u 19 >_{-1}^0.5 =  0.4026381495363138
Newton iteration: 20 Time elapsed =0:11:50.831012
<A u 20 , A u 20 >_{-1}^0.5 =  0.39878735708157337
Newton iteration: 21 Time elapsed =0:12:24.682466
<A u 21 , A u 21 >_{-1}^0.5 =  0.39497308515749385
Newton iteration: 22 Time elapsed =0:12:56.083196
<A u 22 , A u 22 >_{-1}^0.5 =  0.3911949314028692
Newton iteration: 23 Time elapsed =0:13:27.126658
<A u 23 , A u 23 >_{-1}^0.5 =  0.38745250298463246
Newton iteration: 24 Time elapsed =0:14:03.613113
<A u 24 , A u 24 >_{-1}^0.5 =  0.38374541603635726
Newton iteration: 25 Time elapsed =0:14:36.893544
<A u 25 , A u 25 >_{-1}^0.5 =  0.38007329514275245
Newton iteration: 26 Time elapsed =0:15:09.235637
<A u 26 , A u 26 >_{-1}^0.5 =  0.37643577286585794
Newton iteration: 27 Time elapsed =0:15:45.091429
<A u 27 , A u 27 >_{-1}^0.5 =  0.3728324893090408
Newton iteration: 28 Time elapsed =0:16:16.292324
<A u 28 , A u 28 >_{-1}^0.5 =  0.3692630917153158
Newton iteration: 29 Time elapsed =0:16:50.069009
<A u 29 , A u 29 >_{-1}^0.5 =  0.36572723409689933
Newton iteration: 30 Time elapsed =0:17:22.841379
<A u 30 , A u 30 >_{-1}^0.5 =  0.3622245768931643
Newton iteration: 31 Time elapsed =0:17:56.481993
<A u 31 , A u 31 >_{-1}^0.5 =  0.35875478665449506
Newton iteration: 32 Time elapsed =0:18:30.841279
<A u 32 , A u 32 >_{-1}^0.5 =  0.35531753574974795
Newton iteration: 33 Time elapsed =0:19:07.798272
<A u 33 , A u 33 >_{-1}^0.5 =  0.35191250209530284
Newton iteration: 34 Time elapsed =0:19:41.242964
<A u 34 , A u 34 >_{-1}^0.5 =  0.3485393689038099
Newton iteration: 35 Time elapsed =0:20:18.878309
<A u 35 , A u 35 >_{-1}^0.5 =  0.34519782445099456
Newton iteration: 36 Time elapsed =0:20:51.291350
<A u 36 , A u 36 >_{-1}^0.5 =  0.34188756185898844
Newton iteration: 37 Time elapsed =0:21:21.876082
<A u 37 , A u 37 >_{-1}^0.5 =  0.3386082788948164
Newton iteration: 38 Time elapsed =0:21:57.138452
<A u 38 , A u 38 >_{-1}^0.5 =  0.33535967778279535
Newton iteration: 39 Time elapsed =0:22:30.950575
<A u 39 , A u 39 >_{-1}^0.5 =  0.3321414650297101
Newton iteration: 40 Time elapsed =0:23:05.142159
<A u 40 , A u 40 >_{-1}^0.5 =  0.32895335126174885
Newton iteration: 41 Time elapsed =0:23:40.003319
<A u 41 , A u 41 >_{-1}^0.5 =  0.3257950510722418
Newton iteration: 42 Time elapsed =0:24:14.773139
<A u 42 , A u 42 >_{-1}^0.5 =  0.3226662828793778
Newton iteration: 43 Time elapsed =0:24:49.306447
<A u 43 , A u 43 >_{-1}^0.5 =  0.31956676879309737
Newton iteration: 44 Time elapsed =0:25:20.488482
<A u 44 , A u 44 >_{-1}^0.5 =  0.31649623449046654
Newton iteration: 45 Time elapsed =0:25:51.535384
<A u 45 , A u 45 >_{-1}^0.5 =  0.31345440909888267
Newton iteration: 46 Time elapsed =0:26:23.713778
<A u 46 , A u 46 >_{-1}^0.5 =  0.3104410250865084
Newton iteration: 47 Time elapsed =0:26:56.001307
<A u 47 , A u 47 >_{-1}^0.5 =  0.3074558181594123
Newton iteration: 48 Time elapsed =0:27:32.096531
<A u 48 , A u 48 >_{-1}^0.5 =  0.30449852716489373
Newton iteration: 49 Time elapsed =0:28:03.249655
<A u 49 , A u 49 >_{-1}^0.5 =  0.3015688940005609
Newton iteration: 50 Time elapsed =0:28:36.664374
<A u 50 , A u 50 >_{-1}^0.5 =  0.29866666352871923
Newton iteration: 51 Time elapsed =0:29:10.967376
<A u 51 , A u 51 >_{-1}^0.5 =  0.2957915834957126
Newton iteration: 52 Time elapsed =0:29:46.247127
<A u 52 , A u 52 >_{-1}^0.5 =  0.29294340445584377
Newton iteration: 53 Time elapsed =0:30:23.095258
<A u 53 , A u 53 >_{-1}^0.5 =  0.29012187969955283
Newton iteration: 54 Time elapsed =0:30:56.403350
<A u 54 , A u 54 >_{-1}^0.5 =  0.2873267651855692
Newton iteration: 55 Time elapsed =0:31:31.351077
<A u 55 , A u 55 >_{-1}^0.5 =  0.28455781947673436
Newton iteration: 56 Time elapsed =0:32:06.469763
<A u 56 , A u 56 >_{-1}^0.5 =  0.28181480367927414
Newton iteration: 57 Time elapsed =0:32:42.425854
<A u 57 , A u 57 >_{-1}^0.5 =  0.2790974813852528
Newton iteration: 58 Time elapsed =0:33:14.389350
<A u 58 , A u 58 >_{-1}^0.5 =  0.2764056186180217
Newton iteration: 59 Time elapsed =0:33:50.019557
<A u 59 , A u 59 >_{-1}^0.5 =  0.2737389837804419
Newton iteration: 60 Time elapsed =0:34:23.630016
<A u 60 , A u 60 >_{-1}^0.5 =  0.271097347605698
Newton iteration: 61 Time elapsed =0:34:56.285559
<A u 61 , A u 61 >_{-1}^0.5 =  0.2684804831105499
Newton iteration: 62 Time elapsed =0:35:28.505523
<A u 62 , A u 62 >_{-1}^0.5 =  0.2658881655508327
Newton iteration: 63 Time elapsed =0:36:03.920547
<A u 63 , A u 63 >_{-1}^0.5 =  0.2633201723790905
Newton iteration: 64 Time elapsed =0:36:37.498683
<A u 64 , A u 64 >_{-1}^0.5 =  0.26077628320418095
Newton iteration: 65 Time elapsed =0:37:10.914345
<A u 65 , A u 65 >_{-1}^0.5 =  0.25825627975273796
Newton iteration: 66 Time elapsed =0:37:44.629131
<A u 66 , A u 66 >_{-1}^0.5 =  0.25575994583237266
Newton iteration: 67 Time elapsed =0:38:17.066321
<A u 67 , A u 67 >_{-1}^0.5 =  0.25328706729650513
Newton iteration: 68 Time elapsed =0:38:52.645537
<A u 68 , A u 68 >_{-1}^0.5 =  0.25083743201070946
Newton iteration: 69 Time elapsed =0:39:26.402475
<A u 69 , A u 69 >_{-1}^0.5 =  0.24841082982051227
Newton iteration: 70 Time elapsed =0:40:00.034781
<A u 70 , A u 70 >_{-1}^0.5 =  0.24600705252051192
Newton iteration: 71 Time elapsed =0:40:33.429863
<A u 71 , A u 71 >_{-1}^0.5 =  0.24362589382477454
Newton iteration: 72 Time elapsed =0:41:11.328766
<A u 72 , A u 72 >_{-1}^0.5 =  0.2412671493384084
Newton iteration: 73 Time elapsed =0:41:46.580076
<A u 73 , A u 73 >_{-1}^0.5 =  0.2389306165302573
Newton iteration: 74 Time elapsed =0:42:22.199177
<A u 74 , A u 74 >_{-1}^0.5 =  0.23661609470663625
Newton iteration: 75 Time elapsed =0:42:54.632576
<A u 75 , A u 75 >_{-1}^0.5 =  0.23432338498605335
Newton iteration: 76 Time elapsed =0:43:28.091159
<A u 76 , A u 76 >_{-1}^0.5 =  0.23205229027486365
Newton iteration: 77 Time elapsed =0:44:00.913592
<A u 77 , A u 77 >_{-1}^0.5 =  0.22980261524379456
Newton iteration: 78 Time elapsed =0:44:32.079781
<A u 78 , A u 78 >_{-1}^0.5 =  0.227574166305288
Newton iteration: 79 Time elapsed =0:45:09.764292
<A u 79 , A u 79 >_{-1}^0.5 =  0.22536675159162758
Newton iteration: 80 Time elapsed =0:45:44.854803
<A u 80 , A u 80 >_{-1}^0.5 =  0.2231801809337911
Newton iteration: 81 Time elapsed =0:46:18.235506
<A u 81 , A u 81 >_{-1}^0.5 =  0.22101426584099584
Newton iteration: 82 Time elapsed =0:46:51.031362
<A u 82 , A u 82 >_{-1}^0.5 =  0.218868819480891
Newton iteration: 83 Time elapsed =0:47:25.209420
<A u 83 , A u 83 >_{-1}^0.5 =  0.21674365666037004
Newton iteration: 84 Time elapsed =0:48:01.358531
<A u 84 , A u 84 >_{-1}^0.5 =  0.21463859380696024
Newton iteration: 85 Time elapsed =0:48:33.870338
<A u 85 , A u 85 >_{-1}^0.5 =  0.21255344895076408
Newton iteration: 86 Time elapsed =0:49:07.658358
<A u 86 , A u 86 >_{-1}^0.5 =  0.21048804170691424
Newton iteration: 87 Time elapsed =0:49:40.851487
<A u 87 , A u 87 >_{-1}^0.5 =  0.20844219325852448
Newton iteration: 88 Time elapsed =0:50:16.979555
<A u 88 , A u 88 >_{-1}^0.5 =  0.2064157263401045
Newton iteration: 89 Time elapsed =0:50:48.939387
<A u 89 , A u 89 >_{-1}^0.5 =  0.20440846522141298
Newton iteration: 90 Time elapsed =0:51:23.257138
<A u 90 , A u 90 >_{-1}^0.5 =  0.20242023569172407
Newton iteration: 91 Time elapsed =0:51:56.244354
<A u 91 , A u 91 >_{-1}^0.5 =  0.20045086504449708
Newton iteration: 92 Time elapsed =0:52:30.190276
<A u 92 , A u 92 >_{-1}^0.5 =  0.19850018206241302
Newton iteration: 93 Time elapsed =0:53:02.717740
<A u 93 , A u 93 >_{-1}^0.5 =  0.19656801700276777
Newton iteration: 94 Time elapsed =0:53:34.332500
<A u 94 , A u 94 >_{-1}^0.5 =  0.19465420158320346
Newton iteration: 95 Time elapsed =0:54:06.483927
<A u 95 , A u 95 >_{-1}^0.5 =  0.19275856896775814
Newton iteration: 96 Time elapsed =0:54:42.029010
<A u 96 , A u 96 >_{-1}^0.5 =  0.19088095375322184
Newton iteration: 97 Time elapsed =0:55:17.262746
<A u 97 , A u 97 >_{-1}^0.5 =  0.18902119195577582
Newton iteration: 98 Time elapsed =0:55:53.495394
<A u 98 , A u 98 >_{-1}^0.5 =  0.18717912099791179
Newton iteration: 99 Time elapsed =0:56:26.070549
<A u 99 , A u 99 >_{-1}^0.5 =  0.18535457969561184
Total time elapsed =7:27:20.653689
*** Iteration # 8 . Shear modulus G =  [0.27748065]
Newton iteration: 0 Time elapsed =0:00:32.992926
<A u 0 , A u 0 >_{-1}^0.5 =  0.4521875306542131
Newton iteration: 1 Time elapsed =0:01:05.662076
<A u 1 , A u 1 >_{-1}^0.5 =  0.44782711407392956
Newton iteration: 2 Time elapsed =0:01:38.528921
<A u 2 , A u 2 >_{-1}^0.5 =  0.443511317690372
Newton iteration: 3 Time elapsed =0:02:10.157888
<A u 3 , A u 3 >_{-1}^0.5 =  0.43923940407469075
Newton iteration: 4 Time elapsed =0:02:43.191866
<A u 4 , A u 4 >_{-1}^0.5 =  0.4350106702638623
Newton iteration: 5 Time elapsed =0:03:17.780271
<A u 5 , A u 5 >_{-1}^0.5 =  0.4308244448978896
Newton iteration: 6 Time elapsed =0:03:53.769531
<A u 6 , A u 6 >_{-1}^0.5 =  0.4266800856455681
Newton iteration: 7 Time elapsed =0:04:28.766908
<A u 7 , A u 7 >_{-1}^0.5 =  0.42257697688602186
Newton iteration: 8 Time elapsed =0:05:03.705316
<A u 8 , A u 8 >_{-1}^0.5 =  0.4185145276173089
Newton iteration: 9 Time elapsed =0:05:36.855705
<A u 9 , A u 9 >_{-1}^0.5 =  0.41449216956697105
Newton iteration: 10 Time elapsed =0:06:11.600932
<A u 10 , A u 10 >_{-1}^0.5 =  0.4105093554824472
Newton iteration: 11 Time elapsed =0:06:47.199313
<A u 11 , A u 11 >_{-1}^0.5 =  0.40656555758199564
Newton iteration: 12 Time elapsed =0:07:19.251441
<A u 12 , A u 12 >_{-1}^0.5 =  0.40266026614899775
Newton iteration: 13 Time elapsed =0:07:52.157031
<A u 13 , A u 13 >_{-1}^0.5 =  0.39879298825462217
Newton iteration: 14 Time elapsed =0:08:26.194529
<A u 14 , A u 14 >_{-1}^0.5 =  0.3949632465954962
Newton iteration: 15 Time elapsed =0:09:02.022771
<A u 15 , A u 15 >_{-1}^0.5 =  0.39117057843464265
Newton iteration: 16 Time elapsed =0:09:34.650025
<A u 16 , A u 16 >_{-1}^0.5 =  0.3874145346351918
Newton iteration: 17 Time elapsed =0:10:08.673918
<A u 17 , A u 17 >_{-1}^0.5 =  0.38369467877764935
Newton iteration: 18 Time elapsed =0:10:40.987001
<A u 18 , A u 18 >_{-1}^0.5 =  0.38001058635242463
Newton iteration: 19 Time elapsed =0:11:18.431792
<A u 19 , A u 19 >_{-1}^0.5 =  0.3763618440203341
Newton iteration: 20 Time elapsed =0:11:50.528970
<A u 20 , A u 20 >_{-1}^0.5 =  0.372748048934494
Newton iteration: 21 Time elapsed =0:12:21.465069
<A u 21 , A u 21 >_{-1}^0.5 =  0.36916880811777514
Newton iteration: 22 Time elapsed =0:12:54.597762
<A u 22 , A u 22 >_{-1}^0.5 =  0.36562373789060154
Newton iteration: 23 Time elapsed =0:13:27.256959
<A u 23 , A u 23 >_{-1}^0.5 =  0.3621124633444169
Newton iteration: 24 Time elapsed =0:13:59.765789
<A u 24 , A u 24 >_{-1}^0.5 =  0.3586346178566095
Newton iteration: 25 Time elapsed =0:14:35.671975
<A u 25 , A u 25 >_{-1}^0.5 =  0.35518984264314685
Newton iteration: 26 Time elapsed =0:15:07.775966
<A u 26 , A u 26 >_{-1}^0.5 =  0.3517777863455375
Newton iteration: 27 Time elapsed =0:15:41.886023
<A u 27 , A u 27 >_{-1}^0.5 =  0.3483981046490741
Newton iteration: 28 Time elapsed =0:16:14.902963
<A u 28 , A u 28 >_{-1}^0.5 =  0.3450504599296026
Newton iteration: 29 Time elapsed =0:16:48.405031
<A u 29 , A u 29 >_{-1}^0.5 =  0.3417345209263715
Newton iteration: 30 Time elapsed =0:17:19.331233
<A u 30 , A u 30 >_{-1}^0.5 =  0.33844996243869035
Newton iteration: 31 Time elapsed =0:17:49.841485
<A u 31 , A u 31 >_{-1}^0.5 =  0.33519646504441847
Newton iteration: 32 Time elapsed =0:18:23.172192
<A u 32 , A u 32 >_{-1}^0.5 =  0.33197371483841825
Newton iteration: 33 Time elapsed =0:18:58.444765
<A u 33 , A u 33 >_{-1}^0.5 =  0.32878140318934446
Newton iteration: 34 Time elapsed =0:19:31.274244
<A u 34 , A u 34 >_{-1}^0.5 =  0.32561922651323877
Newton iteration: 35 Time elapsed =0:20:05.019018
<A u 35 , A u 35 >_{-1}^0.5 =  0.3224868860625943
Newton iteration: 36 Time elapsed =0:20:37.650922
<A u 36 , A u 36 >_{-1}^0.5 =  0.319384087729627
Newton iteration: 37 Time elapsed =0:21:11.592130
<A u 37 , A u 37 >_{-1}^0.5 =  0.31631054186263197
Newton iteration: 38 Time elapsed =0:21:48.454919
<A u 38 , A u 38 >_{-1}^0.5 =  0.31326596309440063
Newton iteration: 39 Time elapsed =0:22:22.514737
<A u 39 , A u 39 >_{-1}^0.5 =  0.31025007018175055
Newton iteration: 40 Time elapsed =0:22:57.124583
<A u 40 , A u 40 >_{-1}^0.5 =  0.30726258585531835
Newton iteration: 41 Time elapsed =0:23:31.854286
<A u 41 , A u 41 >_{-1}^0.5 =  0.30430323667883735
Newton iteration: 42 Time elapsed =0:24:05.889633
<A u 42 , A u 42 >_{-1}^0.5 =  0.30137175291716534
Newton iteration: 43 Time elapsed =0:24:40.183954
<A u 43 , A u 43 >_{-1}^0.5 =  0.29846786841244344
Newton iteration: 44 Time elapsed =0:25:13.021447
<A u 44 , A u 44 >_{-1}^0.5 =  0.2955913204677411
Newton iteration: 45 Time elapsed =0:25:46.941781
<A u 45 , A u 45 >_{-1}^0.5 =  0.29274184973767353
Newton iteration: 46 Time elapsed =0:26:21.915363
<A u 46 , A u 46 >_{-1}^0.5 =  0.28991920012547223
Newton iteration: 47 Time elapsed =0:26:56.420906
<A u 47 , A u 47 >_{-1}^0.5 =  0.2871231186860409
Newton iteration: 48 Time elapsed =0:27:28.906884
<A u 48 , A u 48 >_{-1}^0.5 =  0.2843533555345787
Newton iteration: 49 Time elapsed =0:28:01.635397
<A u 49 , A u 49 >_{-1}^0.5 =  0.2816096637603729
Newton iteration: 50 Time elapsed =0:28:34.274659
<A u 50 , A u 50 >_{-1}^0.5 =  0.27889179934540476
Newton iteration: 51 Time elapsed =0:29:06.639199
<A u 51 , A u 51 >_{-1}^0.5 =  0.27619952108742557
Newton iteration: 52 Time elapsed =0:29:40.752421
<A u 52 , A u 52 >_{-1}^0.5 =  0.2735325905272145
Newton iteration: 53 Time elapsed =0:30:16.421313
<A u 53 , A u 53 >_{-1}^0.5 =  0.27089077187970806
Newton iteration: 54 Time elapsed =0:30:49.961431
<A u 54 , A u 54 >_{-1}^0.5 =  0.2682738319687668
Newton iteration: 55 Time elapsed =0:31:23.549962
<A u 55 , A u 55 >_{-1}^0.5 =  0.26568154016531764
Newton iteration: 56 Time elapsed =0:31:56.143921
<A u 56 , A u 56 >_{-1}^0.5 =  0.2631136683286532
Newton iteration: 57 Time elapsed =0:32:29.078415
<A u 57 , A u 57 >_{-1}^0.5 =  0.2605699907506917
Newton iteration: 58 Time elapsed =0:33:00.045993
<A u 58 , A u 58 >_{-1}^0.5 =  0.2580502841029852
Newton iteration: 59 Time elapsed =0:33:32.673153
<A u 59 , A u 59 >_{-1}^0.5 =  0.25555432738630934
Newton iteration: 60 Time elapsed =0:34:07.082113
<A u 60 , A u 60 >_{-1}^0.5 =  0.2530819018826844
Newton iteration: 61 Time elapsed =0:34:39.804276
<A u 61 , A u 61 >_{-1}^0.5 =  0.2506327911096337
Newton iteration: 62 Time elapsed =0:35:12.095970
<A u 62 , A u 62 >_{-1}^0.5 =  0.24820678077658503
Newton iteration: 63 Time elapsed =0:35:42.627026
<A u 63 , A u 63 >_{-1}^0.5 =  0.24580365874324403
Newton iteration: 64 Time elapsed =0:36:14.348054
<A u 64 , A u 64 >_{-1}^0.5 =  0.24342321497983996
Newton iteration: 65 Time elapsed =0:36:46.474564
<A u 65 , A u 65 >_{-1}^0.5 =  0.2410652415291241
Newton iteration: 66 Time elapsed =0:37:20.240880
<A u 66 , A u 66 >_{-1}^0.5 =  0.23872953246999942
Newton iteration: 67 Time elapsed =0:37:52.627080
<A u 67 , A u 67 >_{-1}^0.5 =  0.2364158838827073
Newton iteration: 68 Time elapsed =0:38:24.293960
<A u 68 , A u 68 >_{-1}^0.5 =  0.23412409381545699
Newton iteration: 69 Time elapsed =0:39:00.561280
<A u 69 , A u 69 >_{-1}^0.5 =  0.23185396225242358
Newton iteration: 70 Time elapsed =0:39:33.619116
<A u 70 , A u 70 >_{-1}^0.5 =  0.2296052910830314
Newton iteration: 71 Time elapsed =0:40:08.302956
<A u 71 , A u 71 >_{-1}^0.5 =  0.22737788407244236
Newton iteration: 72 Time elapsed =0:40:41.131008
<A u 72 , A u 72 >_{-1}^0.5 =  0.22517154683318377
Newton iteration: 73 Time elapsed =0:41:18.037261
<A u 73 , A u 73 >_{-1}^0.5 =  0.22298608679785137
Newton iteration: 74 Time elapsed =0:41:53.878023
<A u 74 , A u 74 >_{-1}^0.5 =  0.2208213131928246
Newton iteration: 75 Time elapsed =0:42:29.956917
<A u 75 , A u 75 >_{-1}^0.5 =  0.2186770370129309
Newton iteration: 76 Time elapsed =0:43:04.729257
<A u 76 , A u 76 >_{-1}^0.5 =  0.21655307099700913
Newton iteration: 77 Time elapsed =0:43:35.327041
<A u 77 , A u 77 >_{-1}^0.5 =  0.2144492296043346
Newton iteration: 78 Time elapsed =0:44:05.357431
<A u 78 , A u 78 >_{-1}^0.5 =  0.21236532899182983
Newton iteration: 79 Time elapsed =0:44:40.621636
<A u 79 , A u 79 >_{-1}^0.5 =  0.21030118699204461
Newton iteration: 80 Time elapsed =0:45:15.930626
<A u 80 , A u 80 >_{-1}^0.5 =  0.20825662309185047
Newton iteration: 81 Time elapsed =0:45:50.247223
<A u 81 , A u 81 >_{-1}^0.5 =  0.20623145841180723
Newton iteration: 82 Time elapsed =0:46:20.663954
<A u 82 , A u 82 >_{-1}^0.5 =  0.20422551568618
Newton iteration: 83 Time elapsed =0:46:53.394822
<A u 83 , A u 83 >_{-1}^0.5 =  0.20223861924355652
Newton iteration: 84 Time elapsed =0:47:28.052380
<A u 84 , A u 84 >_{-1}^0.5 =  0.20027059498803693
Newton iteration: 85 Time elapsed =0:48:03.936818
<A u 85 , A u 85 >_{-1}^0.5 =  0.1983212703809793
Newton iteration: 86 Time elapsed =0:48:40.369399
<A u 86 , A u 86 >_{-1}^0.5 =  0.1963904744232436
Newton iteration: 87 Time elapsed =0:49:13.384980
<A u 87 , A u 87 >_{-1}^0.5 =  0.1944780376379418
Newton iteration: 88 Time elapsed =0:49:46.665002
<A u 88 , A u 88 >_{-1}^0.5 =  0.19258379205364246
Newton iteration: 89 Time elapsed =0:50:22.804986
<A u 89 , A u 89 >_{-1}^0.5 =  0.19070757118801754
Newton iteration: 90 Time elapsed =0:50:57.364968
<A u 90 , A u 90 >_{-1}^0.5 =  0.18884921003190583
Newton iteration: 91 Time elapsed =0:51:30.247456
<A u 91 , A u 91 >_{-1}^0.5 =  0.18700854503378123
Newton iteration: 92 Time elapsed =0:52:06.909004
<A u 92 , A u 92 >_{-1}^0.5 =  0.18518541408458616
Newton iteration: 93 Time elapsed =0:52:42.581357
<A u 93 , A u 93 >_{-1}^0.5 =  0.18337965650293195
Newton iteration: 94 Time elapsed =0:53:14.156305
<A u 94 , A u 94 >_{-1}^0.5 =  0.18159111302064193
Newton iteration: 95 Time elapsed =0:53:50.893796
<A u 95 , A u 95 >_{-1}^0.5 =  0.17981962576861443
Newton iteration: 96 Time elapsed =0:54:25.890130
<A u 96 , A u 96 >_{-1}^0.5 =  0.17806503826299452
Newton iteration: 97 Time elapsed =0:54:58.589899
<A u 97 , A u 97 >_{-1}^0.5 =  0.1763271953916474
Newton iteration: 98 Time elapsed =0:55:32.563920
<A u 98 , A u 98 >_{-1}^0.5 =  0.17460594340090257
Newton iteration: 99 Time elapsed =0:56:03.021336
<A u 99 , A u 99 >_{-1}^0.5 =  0.17290112988257664
Total time elapsed =8:23:24.049222
*** Iteration # 9 . Shear modulus G =  [0.24594124]
Newton iteration: 0 Time elapsed =0:00:35.795256
<A u 0 , A u 0 >_{-1}^0.5 =  0.42418622512447607
Newton iteration: 1 Time elapsed =0:01:12.617869
<A u 1 , A u 1 >_{-1}^0.5 =  0.42007869256789604
Newton iteration: 2 Time elapsed =0:01:47.253405
<A u 2 , A u 2 >_{-1}^0.5 =  0.41601339270244814
Newton iteration: 3 Time elapsed =0:02:20.460882
<A u 3 , A u 3 >_{-1}^0.5 =  0.4119896444069375
Newton iteration: 4 Time elapsed =0:02:52.910302
<A u 4 , A u 4 >_{-1}^0.5 =  0.40800679614924007
Newton iteration: 5 Time elapsed =0:03:27.298413
<A u 5 , A u 5 >_{-1}^0.5 =  0.4040642236812499
Newton iteration: 6 Time elapsed =0:04:01.032989
<A u 6 , A u 6 >_{-1}^0.5 =  0.4001613279537885
Newton iteration: 7 Time elapsed =0:04:33.203605
<A u 7 , A u 7 >_{-1}^0.5 =  0.3962975332277253
Newton iteration: 8 Time elapsed =0:05:04.359441
<A u 8 , A u 8 >_{-1}^0.5 =  0.39247228536039064
Newton iteration: 9 Time elapsed =0:05:38.950631
<A u 9 , A u 9 >_{-1}^0.5 =  0.3886850502488285
Newton iteration: 10 Time elapsed =0:06:11.779723
<A u 10 , A u 10 >_{-1}^0.5 =  0.38493531241357015
Newton iteration: 11 Time elapsed =0:06:47.462459
<A u 11 , A u 11 >_{-1}^0.5 =  0.38122257370854756
Newton iteration: 12 Time elapsed =0:07:23.505402
<A u 12 , A u 12 >_{-1}^0.5 =  0.37754635214432314
Newton iteration: 13 Time elapsed =0:07:56.393578
<A u 13 , A u 13 >_{-1}^0.5 =  0.3739061808133179
Newton iteration: 14 Time elapsed =0:08:26.463495
<A u 14 , A u 14 >_{-1}^0.5 =  0.37030160690695124
Newton iteration: 15 Time elapsed =0:08:59.037205
<A u 15 , A u 15 >_{-1}^0.5 =  0.3667239286291087
Newton iteration: 16 Time elapsed =0:09:30.971334
<A u 16 , A u 16 >_{-1}^0.5 =  0.363189429105828
Newton iteration: 17 Time elapsed =0:10:03.750801
<A u 17 , A u 17 >_{-1}^0.5 =  0.35968923907035527
Newton iteration: 18 Time elapsed =0:10:36.032531
<A u 18 , A u 18 >_{-1}^0.5 =  0.35622295403471477
Newton iteration: 19 Time elapsed =0:11:10.123851
<A u 19 , A u 19 >_{-1}^0.5 =  0.35279017978166827
Newton iteration: 20 Time elapsed =0:11:45.150399
<A u 20 , A u 20 >_{-1}^0.5 =  0.3493905317758351
Newton iteration: 21 Time elapsed =0:12:18.812177
<A u 21 , A u 21 >_{-1}^0.5 =  0.34602363462073354
Newton iteration: 22 Time elapsed =0:12:48.962613
<A u 22 , A u 22 >_{-1}^0.5 =  0.3426891215576385
Newton iteration: 23 Time elapsed =0:13:23.398170
<A u 23 , A u 23 >_{-1}^0.5 =  0.339386634002516
Newton iteration: 24 Time elapsed =0:13:57.567118
<A u 24 , A u 24 >_{-1}^0.5 =  0.3361158211177156
Newton iteration: 25 Time elapsed =0:14:32.755713
<A u 25 , A u 25 >_{-1}^0.5 =  0.33287633941539485
Newton iteration: 26 Time elapsed =0:15:05.694447
<A u 26 , A u 26 >_{-1}^0.5 =  0.32966785238994667
Newton iteration: 27 Time elapsed =0:15:39.949372
<A u 27 , A u 27 >_{-1}^0.5 =  0.32649003017697475
Newton iteration: 28 Time elapsed =0:16:12.615858
<A u 28 , A u 28 >_{-1}^0.5 =  0.3233425492365839
Newton iteration: 29 Time elapsed =0:16:46.161413
<A u 29 , A u 29 >_{-1}^0.5 =  0.32022509205897637
Newton iteration: 30 Time elapsed =0:17:20.231244
<A u 30 , A u 30 >_{-1}^0.5 =  0.3171373468905086
Newton iteration: 31 Time elapsed =0:17:54.194291
<A u 31 , A u 31 >_{-1}^0.5 =  0.31407900747855827
Newton iteration: 32 Time elapsed =0:18:27.804358
<A u 32 , A u 32 >_{-1}^0.5 =  0.31104652527735394
Newton iteration: 33 Time elapsed =0:19:01.473132
<A u 33 , A u 33 >_{-1}^0.5 =  0.3080449504610475
Newton iteration: 34 Time elapsed =0:19:28.628698
<A u 34 , A u 34 >_{-1}^0.5 =  0.30507317615407914
Newton iteration: 35 Time elapsed =0:20:02.027930
<A u 35 , A u 35 >_{-1}^0.5 =  0.302129628799953
Newton iteration: 36 Time elapsed =0:20:36.459668
<A u 36 , A u 36 >_{-1}^0.5 =  0.29921402653148493
Newton iteration: 37 Time elapsed =0:21:09.955747
<A u 37 , A u 37 >_{-1}^0.5 =  0.2963260917652027
Newton iteration: 38 Time elapsed =0:21:42.801719
<A u 38 , A u 38 >_{-1}^0.5 =  0.29346555104252364
Newton iteration: 39 Time elapsed =0:22:17.396908
<A u 39 , A u 39 >_{-1}^0.5 =  0.2906321348807865
Newton iteration: 40 Time elapsed =0:22:49.428560
<A u 40 , A u 40 >_{-1}^0.5 =  0.2878255776334041
Newton iteration: 41 Time elapsed =0:23:23.892296
<A u 41 , A u 41 >_{-1}^0.5 =  0.2850456173584758
Newton iteration: 42 Time elapsed =0:24:02.019319
<A u 42 , A u 42 >_{-1}^0.5 =  0.2822919956952243
Newton iteration: 43 Time elapsed =0:24:33.788328
<A u 43 , A u 43 >_{-1}^0.5 =  0.27956235141330193
Newton iteration: 44 Time elapsed =0:25:06.723512
<A u 44 , A u 44 >_{-1}^0.5 =  0.27685897091043776
Newton iteration: 45 Time elapsed =0:25:39.185480
<A u 45 , A u 45 >_{-1}^0.5 =  0.2741829575427037
Newton iteration: 46 Time elapsed =0:26:11.124608
<A u 46 , A u 46 >_{-1}^0.5 =  0.27153227953465664
Newton iteration: 47 Time elapsed =0:26:46.153279
<A u 47 , A u 47 >_{-1}^0.5 =  0.2689045820377322
Newton iteration: 48 Time elapsed =0:27:20.415016
<A u 48 , A u 48 >_{-1}^0.5 =  0.2663039128557869
Newton iteration: 49 Time elapsed =0:27:51.149523
<A u 49 , A u 49 >_{-1}^0.5 =  0.26372786007649485
Newton iteration: 50 Time elapsed =0:28:24.160025
<A u 50 , A u 50 >_{-1}^0.5 =  0.2611740475423595
Newton iteration: 51 Time elapsed =0:28:55.983532
<A u 51 , A u 51 >_{-1}^0.5 =  0.25864659262576223
Newton iteration: 52 Time elapsed =0:29:28.340489
<A u 52 , A u 52 >_{-1}^0.5 =  0.2561430606655815
Newton iteration: 53 Time elapsed =0:30:00.988528
<A u 53 , A u 53 >_{-1}^0.5 =  0.2536632265172376
Newton iteration: 54 Time elapsed =0:30:35.947694
<A u 54 , A u 54 >_{-1}^0.5 =  0.2512051288088271
Newton iteration: 55 Time elapsed =0:31:07.899424
<A u 55 , A u 55 >_{-1}^0.5 =  0.24877146213809986
Newton iteration: 56 Time elapsed =0:31:43.470265
<A u 56 , A u 56 >_{-1}^0.5 =  0.24636145463696513
Newton iteration: 57 Time elapsed =0:32:16.967350
<A u 57 , A u 57 >_{-1}^0.5 =  0.24397426746520534
Newton iteration: 58 Time elapsed =0:32:51.230988
<A u 58 , A u 58 >_{-1}^0.5 =  0.24160968764064297
Newton iteration: 59 Time elapsed =0:33:27.571380
<A u 59 , A u 59 >_{-1}^0.5 =  0.23926750444479047
Newton iteration: 60 Time elapsed =0:34:00.593775
<A u 60 , A u 60 >_{-1}^0.5 =  0.2369475093764192
Newton iteration: 61 Time elapsed =0:34:34.265268
<A u 61 , A u 61 >_{-1}^0.5 =  0.23464949610723596
Newton iteration: 62 Time elapsed =0:35:10.957350
<A u 62 , A u 62 >_{-1}^0.5 =  0.23237202546340438
Newton iteration: 63 Time elapsed =0:35:43.468508
<A u 63 , A u 63 >_{-1}^0.5 =  0.2301173964148241
Newton iteration: 64 Time elapsed =0:36:16.582349
<A u 64 , A u 64 >_{-1}^0.5 =  0.22788414192218184
Newton iteration: 65 Time elapsed =0:36:50.983035
<A u 65 , A u 65 >_{-1}^0.5 =  0.22567099097645227
Newton iteration: 66 Time elapsed =0:37:24.730323
<A u 66 , A u 66 >_{-1}^0.5 =  0.22347724324152377
Newton iteration: 67 Time elapsed =0:37:55.197552
<A u 67 , A u 67 >_{-1}^0.5 =  0.221307023503693
Newton iteration: 68 Time elapsed =0:38:28.526045
<A u 68 , A u 68 >_{-1}^0.5 =  0.21915739548927904
Newton iteration: 69 Time elapsed =0:39:04.352120
<A u 69 , A u 69 >_{-1}^0.5 =  0.21702816897376037
Newton iteration: 70 Time elapsed =0:39:37.774425
<A u 70 , A u 70 >_{-1}^0.5 =  0.21491915557962013
Newton iteration: 71 Time elapsed =0:40:12.585946
<A u 71 , A u 71 >_{-1}^0.5 =  0.2128301687474589
Newton iteration: 72 Time elapsed =0:40:45.019503
<A u 72 , A u 72 >_{-1}^0.5 =  0.21076102370820107
Newton iteration: 73 Time elapsed =0:41:17.955350
<A u 73 , A u 73 >_{-1}^0.5 =  0.2087103103282603
Newton iteration: 74 Time elapsed =0:41:52.820377
<A u 74 , A u 74 >_{-1}^0.5 =  0.20668033089637458
Newton iteration: 75 Time elapsed =0:42:26.861359
<A u 75 , A u 75 >_{-1}^0.5 =  0.2046696486399024
Newton iteration: 76 Time elapsed =0:43:00.984500
<A u 76 , A u 76 >_{-1}^0.5 =  0.2026780857162828
Newton iteration: 77 Time elapsed =0:43:33.074409
<A u 77 , A u 77 >_{-1}^0.5 =  0.20070546594769556
Newton iteration: 78 Time elapsed =0:44:07.240297
<A u 78 , A u 78 >_{-1}^0.5 =  0.19875161479862455
Newton iteration: 79 Time elapsed =0:44:42.420047
<A u 79 , A u 79 >_{-1}^0.5 =  0.1968153889089568
Newton iteration: 80 Time elapsed =0:45:15.097946
<A u 80 , A u 80 >_{-1}^0.5 =  0.19489761565698896
Newton iteration: 81 Time elapsed =0:45:47.631256
<A u 81 , A u 81 >_{-1}^0.5 =  0.19299908284150355
Newton iteration: 82 Time elapsed =0:46:20.428642
<A u 82 , A u 82 >_{-1}^0.5 =  0.1911186353706854
Newton iteration: 83 Time elapsed =0:46:50.911622
<A u 83 , A u 83 >_{-1}^0.5 =  0.18925610664128123
Newton iteration: 84 Time elapsed =0:47:20.695270
<A u 84 , A u 84 >_{-1}^0.5 =  0.18741133157070375
Newton iteration: 85 Time elapsed =0:47:54.545389
<A u 85 , A u 85 >_{-1}^0.5 =  0.18558414657900058
Newton iteration: 86 Time elapsed =0:48:29.293066
<A u 86 , A u 86 >_{-1}^0.5 =  0.1837743895713277
Newton iteration: 87 Time elapsed =0:49:05.853382
<A u 87 , A u 87 >_{-1}^0.5 =  0.181981899920893
Newton iteration: 88 Time elapsed =0:49:41.390468
<A u 88 , A u 88 >_{-1}^0.5 =  0.18020578144518157
Newton iteration: 89 Time elapsed =0:50:14.993237
<A u 89 , A u 89 >_{-1}^0.5 =  0.17844736626107874
Newton iteration: 90 Time elapsed =0:50:47.003577
<A u 90 , A u 90 >_{-1}^0.5 =  0.17670488355519423
Newton iteration: 91 Time elapsed =0:51:19.295597
<A u 91 , A u 91 >_{-1}^0.5 =  0.17497992028835738
Newton iteration: 92 Time elapsed =0:51:55.671447
<A u 92 , A u 92 >_{-1}^0.5 =  0.17327144182971177
Newton iteration: 93 Time elapsed =0:52:29.826311
<A u 93 , A u 93 >_{-1}^0.5 =  0.17157929605120742
Newton iteration: 94 Time elapsed =0:53:06.261320
<A u 94 , A u 94 >_{-1}^0.5 =  0.16990333218415898
Newton iteration: 95 Time elapsed =0:53:38.095926
<A u 95 , A u 95 >_{-1}^0.5 =  0.1682434008052833
Newton iteration: 96 Time elapsed =0:54:11.706456
<A u 96 , A u 96 >_{-1}^0.5 =  0.16659935382302637
Newton iteration: 97 Time elapsed =0:54:45.832108
<A u 97 , A u 97 >_{-1}^0.5 =  0.16497104446418698
Newton iteration: 98 Time elapsed =0:55:20.313251
<A u 98 , A u 98 >_{-1}^0.5 =  0.1633576994976586
Newton iteration: 99 Time elapsed =0:55:57.853346
<A u 99 , A u 99 >_{-1}^0.5 =  0.16176044328145825
Total time elapsed =9:19:22.230835
*** Iteration # 10 . Shear modulus G =  [0.21899711]
Newton iteration: 0 Time elapsed =0:00:32.091015
<A u 0 , A u 0 >_{-1}^0.5 =  0.39881690869133873
Newton iteration: 1 Time elapsed =0:01:03.921049
<A u 1 , A u 1 >_{-1}^0.5 =  0.39494316178536976
Newton iteration: 2 Time elapsed =0:01:35.183818
<A u 2 , A u 2 >_{-1}^0.5 =  0.3911032649421051
Newton iteration: 3 Time elapsed =0:02:07.939349
<A u 3 , A u 3 >_{-1}^0.5 =  0.3873034686177208
Newton iteration: 4 Time elapsed =0:02:43.347469
<A u 4 , A u 4 >_{-1}^0.5 =  0.38354800479194723
Newton iteration: 5 Time elapsed =0:03:17.175344
<A u 5 , A u 5 >_{-1}^0.5 =  0.3798306189798594
Newton iteration: 6 Time elapsed =0:03:49.786882
<A u 6 , A u 6 >_{-1}^0.5 =  0.3761507558346539
Newton iteration: 7 Time elapsed =0:04:25.918918
<A u 7 , A u 7 >_{-1}^0.5 =  0.3724961316893136
Newton iteration: 8 Time elapsed =0:04:59.453766
<A u 8 , A u 8 >_{-1}^0.5 =  0.3688891411621328
Newton iteration: 9 Time elapsed =0:05:34.138824
<A u 9 , A u 9 >_{-1}^0.5 =  0.36531417124282806
Newton iteration: 10 Time elapsed =0:06:09.323864
<A u 10 , A u 10 >_{-1}^0.5 =  0.3617792407596149
Newton iteration: 11 Time elapsed =0:06:41.088335
<A u 11 , A u 11 >_{-1}^0.5 =  0.35827134836315344
Newton iteration: 12 Time elapsed =0:07:12.702043
<A u 12 , A u 12 >_{-1}^0.5 =  0.3547994247732745
Newton iteration: 13 Time elapsed =0:07:45.149946
<A u 13 , A u 13 >_{-1}^0.5 =  0.35136553960560724
Newton iteration: 14 Time elapsed =0:08:20.162923
<A u 14 , A u 14 >_{-1}^0.5 =  0.34796911682724424
Newton iteration: 15 Time elapsed =0:08:53.487748
<A u 15 , A u 15 >_{-1}^0.5 =  0.3446031859619538
Newton iteration: 16 Time elapsed =0:09:30.661829
<A u 16 , A u 16 >_{-1}^0.5 =  0.3412689440659168
Newton iteration: 17 Time elapsed =0:10:03.967051
<A u 17 , A u 17 >_{-1}^0.5 =  0.3379712873462158
Newton iteration: 18 Time elapsed =0:10:37.519293
<A u 18 , A u 18 >_{-1}^0.5 =  0.33469459043892835
Newton iteration: 19 Time elapsed =0:11:11.912020
<A u 19 , A u 19 >_{-1}^0.5 =  0.3314526089683948
Newton iteration: 20 Time elapsed =0:11:43.196956
<A u 20 , A u 20 >_{-1}^0.5 =  0.32825068179405875
Newton iteration: 21 Time elapsed =0:12:14.587665
<A u 21 , A u 21 >_{-1}^0.5 =  0.3250797163669618
Newton iteration: 22 Time elapsed =0:12:48.988595
<A u 22 , A u 22 >_{-1}^0.5 =  0.3219393668619829
Newton iteration: 23 Time elapsed =0:13:22.899779
<A u 23 , A u 23 >_{-1}^0.5 =  0.31882670232909044
Newton iteration: 24 Time elapsed =0:13:58.783183
<A u 24 , A u 24 >_{-1}^0.5 =  0.31574665413057507
Newton iteration: 25 Time elapsed =0:14:35.444802
<A u 25 , A u 25 >_{-1}^0.5 =  0.3126962249583909
Newton iteration: 26 Time elapsed =0:15:08.473816
<A u 26 , A u 26 >_{-1}^0.5 =  0.30967166900078213
Newton iteration: 27 Time elapsed =0:15:44.803658
<A u 27 , A u 27 >_{-1}^0.5 =  0.306677057775248
Newton iteration: 28 Time elapsed =0:16:15.263113
<A u 28 , A u 28 >_{-1}^0.5 =  0.3037106394979832
Newton iteration: 29 Time elapsed =0:16:49.318013
<A u 29 , A u 29 >_{-1}^0.5 =  0.30077583214703774
Newton iteration: 30 Time elapsed =0:17:19.211984
<A u 30 , A u 30 >_{-1}^0.5 =  0.2978667582340586
Newton iteration: 31 Time elapsed =0:17:52.073142
<A u 31 , A u 31 >_{-1}^0.5 =  0.29498788467531756
Newton iteration: 32 Time elapsed =0:18:26.955895
<A u 32 , A u 32 >_{-1}^0.5 =  0.29213651175614236
Newton iteration: 33 Time elapsed =0:18:59.183838
<A u 33 , A u 33 >_{-1}^0.5 =  0.2893083566900755
Newton iteration: 34 Time elapsed =0:19:33.693842
<A u 34 , A u 34 >_{-1}^0.5 =  0.286505910025383
Newton iteration: 35 Time elapsed =0:20:07.252511
<A u 35 , A u 35 >_{-1}^0.5 =  0.2837337013023224
Newton iteration: 36 Time elapsed =0:20:41.620868
<A u 36 , A u 36 >_{-1}^0.5 =  0.28098988350325177
Newton iteration: 37 Time elapsed =0:21:16.298920
<A u 37 , A u 37 >_{-1}^0.5 =  0.27827190130086293
Newton iteration: 38 Time elapsed =0:21:50.494009
<A u 38 , A u 38 >_{-1}^0.5 =  0.2755800958369122
Newton iteration: 39 Time elapsed =0:22:22.208180
<A u 39 , A u 39 >_{-1}^0.5 =  0.27291390824220174
Newton iteration: 40 Time elapsed =0:22:56.878737
<A u 40 , A u 40 >_{-1}^0.5 =  0.27027013895667185
Newton iteration: 41 Time elapsed =0:23:28.923835
<A u 41 , A u 41 >_{-1}^0.5 =  0.2676530518692643
Newton iteration: 42 Time elapsed =0:24:01.276617
<A u 42 , A u 42 >_{-1}^0.5 =  0.2650604962408423
Newton iteration: 43 Time elapsed =0:24:34.969503
<A u 43 , A u 43 >_{-1}^0.5 =  0.2624944458945823
Newton iteration: 44 Time elapsed =0:25:07.844784
<A u 44 , A u 44 >_{-1}^0.5 =  0.2599527834759637
Newton iteration: 45 Time elapsed =0:25:42.590272
<A u 45 , A u 45 >_{-1}^0.5 =  0.2574334692814843
Newton iteration: 46 Time elapsed =0:26:14.799687
<A u 46 , A u 46 >_{-1}^0.5 =  0.2549399281955732
Newton iteration: 47 Time elapsed =0:26:52.093906
<A u 47 , A u 47 >_{-1}^0.5 =  0.25247007623403805
Newton iteration: 48 Time elapsed =0:27:26.971823
<A u 48 , A u 48 >_{-1}^0.5 =  0.2500236867179618
Newton iteration: 49 Time elapsed =0:28:00.228709
<A u 49 , A u 49 >_{-1}^0.5 =  0.24760053569320487
Newton iteration: 50 Time elapsed =0:28:35.256967
<A u 50 , A u 50 >_{-1}^0.5 =  0.24520040185976197
Newton iteration: 51 Time elapsed =0:29:11.097203
<A u 51 , A u 51 >_{-1}^0.5 =  0.24282169420108327
Newton iteration: 52 Time elapsed =0:29:43.273935
<A u 52 , A u 52 >_{-1}^0.5 =  0.24046697549765572
Newton iteration: 53 Time elapsed =0:30:16.230264
<A u 53 , A u 53 >_{-1}^0.5 =  0.23813462437086141
Newton iteration: 54 Time elapsed =0:30:49.472051
<A u 54 , A u 54 >_{-1}^0.5 =  0.2358244295319257
Newton iteration: 55 Time elapsed =0:31:21.857758
<A u 55 , A u 55 >_{-1}^0.5 =  0.2335361820415541
Newton iteration: 56 Time elapsed =0:31:57.019020
<A u 56 , A u 56 >_{-1}^0.5 =  0.23126967525784664
Newton iteration: 57 Time elapsed =0:32:29.240922
<A u 57 , A u 57 >_{-1}^0.5 =  0.2290247047866438
Newton iteration: 58 Time elapsed =0:33:01.612898
<A u 58 , A u 58 >_{-1}^0.5 =  0.22679840457233247
Newton iteration: 59 Time elapsed =0:33:33.496694
<A u 59 , A u 59 >_{-1}^0.5 =  0.22459596819524963
Newton iteration: 60 Time elapsed =0:34:07.000550
<A u 60 , A u 60 >_{-1}^0.5 =  0.22241339998976437
Newton iteration: 61 Time elapsed =0:34:42.567976
<A u 61 , A u 61 >_{-1}^0.5 =  0.2202526623137861
Newton iteration: 62 Time elapsed =0:35:15.463976
<A u 62 , A u 62 >_{-1}^0.5 =  0.21811246866017242
Newton iteration: 63 Time elapsed =0:35:47.757861
<A u 63 , A u 63 >_{-1}^0.5 =  0.21599262727448462
Newton iteration: 64 Time elapsed =0:36:20.968972
<A u 64 , A u 64 >_{-1}^0.5 =  0.2138929483567836
Newton iteration: 65 Time elapsed =0:36:57.241420
<A u 65 , A u 65 >_{-1}^0.5 =  0.2118121901335636
Newton iteration: 66 Time elapsed =0:37:27.675863
<A u 66 , A u 66 >_{-1}^0.5 =  0.20975088787714954
Newton iteration: 67 Time elapsed =0:37:56.685012
<A u 67 , A u 67 >_{-1}^0.5 =  0.20771063363210163
Newton iteration: 68 Time elapsed =0:38:27.980406
<A u 68 , A u 68 >_{-1}^0.5 =  0.2056887052794132
Newton iteration: 69 Time elapsed =0:39:00.442704
<A u 69 , A u 69 >_{-1}^0.5 =  0.2036871370766457
Newton iteration: 70 Time elapsed =0:39:32.598793
<A u 70 , A u 70 >_{-1}^0.5 =  0.2017046296341128
Newton iteration: 71 Time elapsed =0:40:05.673826
<A u 71 , A u 71 >_{-1}^0.5 =  0.19974100600045022
Newton iteration: 72 Time elapsed =0:40:40.188915
<A u 72 , A u 72 >_{-1}^0.5 =  0.19779527968761565
Newton iteration: 73 Time elapsed =0:41:12.140153
<A u 73 , A u 73 >_{-1}^0.5 =  0.19586891739634485
Newton iteration: 74 Time elapsed =0:41:49.899920
<A u 74 , A u 74 >_{-1}^0.5 =  0.1939609177659936
Newton iteration: 75 Time elapsed =0:42:23.467841
<A u 75 , A u 75 >_{-1}^0.5 =  0.19207022809406746
Newton iteration: 76 Time elapsed =0:42:55.299802
<A u 76 , A u 76 >_{-1}^0.5 =  0.1901984642905978
Newton iteration: 77 Time elapsed =0:43:29.628632
<A u 77 , A u 77 >_{-1}^0.5 =  0.18834351232174995
Newton iteration: 78 Time elapsed =0:44:02.126140
<A u 78 , A u 78 >_{-1}^0.5 =  0.1865073182707518
Newton iteration: 79 Time elapsed =0:44:34.833969
<A u 79 , A u 79 >_{-1}^0.5 =  0.18468865053555117
Newton iteration: 80 Time elapsed =0:45:11.131144
<A u 80 , A u 80 >_{-1}^0.5 =  0.1828873467573846
Newton iteration: 81 Time elapsed =0:45:48.171901
<A u 81 , A u 81 >_{-1}^0.5 =  0.1811032460869209
Newton iteration: 82 Time elapsed =0:46:18.624937
<A u 82 , A u 82 >_{-1}^0.5 =  0.17933618916545035
Newton iteration: 83 Time elapsed =0:46:51.782144
<A u 83 , A u 83 >_{-1}^0.5 =  0.17758601810661137
Newton iteration: 84 Time elapsed =0:47:24.465989
<A u 84 , A u 84 >_{-1}^0.5 =  0.17585257647864425
Newton iteration: 85 Time elapsed =0:47:57.645103
<A u 85 , A u 85 >_{-1}^0.5 =  0.17413570928712158
Newton iteration: 86 Time elapsed =0:48:30.164007
<A u 86 , A u 86 >_{-1}^0.5 =  0.17243526295815287
Newton iteration: 87 Time elapsed =0:49:01.278943
<A u 87 , A u 87 >_{-1}^0.5 =  0.17075108532202618
Newton iteration: 88 Time elapsed =0:49:35.933261
<A u 88 , A u 88 >_{-1}^0.5 =  0.16908302559727553
Newton iteration: 89 Time elapsed =0:50:07.737865
<A u 89 , A u 89 >_{-1}^0.5 =  0.16743093437514453
Newton iteration: 90 Time elapsed =0:50:43.667751
<A u 90 , A u 90 >_{-1}^0.5 =  0.1657946636044371
Newton iteration: 91 Time elapsed =0:51:19.074237
<A u 91 , A u 91 >_{-1}^0.5 =  0.16417228065921788
Newton iteration: 92 Time elapsed =0:51:52.601710
<A u 92 , A u 92 >_{-1}^0.5 =  0.16256724800842975
Newton iteration: 93 Time elapsed =0:52:27.328625
<A u 93 , A u 93 >_{-1}^0.5 =  0.16097759880983642
Newton iteration: 94 Time elapsed =0:53:00.284079
<A u 94 , A u 94 >_{-1}^0.5 =  0.15940241475010936
Newton iteration: 95 Time elapsed =0:53:34.246260
<A u 95 , A u 95 >_{-1}^0.5 =  0.15784257510276517
Newton iteration: 96 Time elapsed =0:54:09.110948
<A u 96 , A u 96 >_{-1}^0.5 =  0.15629825168201278
Newton iteration: 97 Time elapsed =0:54:44.355616
<A u 97 , A u 97 >_{-1}^0.5 =  0.15476874777340588
Newton iteration: 98 Time elapsed =0:55:15.651968
<A u 98 , A u 98 >_{-1}^0.5 =  0.15325392571793656
Newton iteration: 99 Time elapsed =0:55:49.138587
<A u 99 , A u 99 >_{-1}^0.5 =  0.15175364909119274
Total time elapsed =10:15:11.723886
*** Iteration # 11 . Shear modulus G =  [0.19584224]
Newton iteration: 0 Time elapsed =0:00:32.518441
<A u 0 , A u 0 >_{-1}^0.5 =  0.37575078955136926
Newton iteration: 1 Time elapsed =0:01:04.597733
<A u 1 , A u 1 >_{-1}^0.5 =  0.37209378512979674
Newton iteration: 2 Time elapsed =0:01:38.158659
<A u 2 , A u 2 >_{-1}^0.5 =  0.36846379622789177
Newton iteration: 3 Time elapsed =0:02:10.733437
<A u 3 , A u 3 >_{-1}^0.5 =  0.3648818163823308
Newton iteration: 4 Time elapsed =0:02:42.070925
<A u 4 , A u 4 >_{-1}^0.5 =  0.36133631159379864
Newton iteration: 5 Time elapsed =0:03:14.545052
<A u 5 , A u 5 >_{-1}^0.5 =  0.3578215204536734
Newton iteration: 6 Time elapsed =0:03:46.308031
<A u 6 , A u 6 >_{-1}^0.5 =  0.3543473122831799
Newton iteration: 7 Time elapsed =0:04:17.045329
<A u 7 , A u 7 >_{-1}^0.5 =  0.35090471077259205
Newton iteration: 8 Time elapsed =0:04:52.835836
<A u 8 , A u 8 >_{-1}^0.5 =  0.3474920720794044
Newton iteration: 9 Time elapsed =0:05:25.453964
<A u 9 , A u 9 >_{-1}^0.5 =  0.34412188931120447
Newton iteration: 10 Time elapsed =0:05:59.596906
<A u 10 , A u 10 >_{-1}^0.5 =  0.340782176866148
Newton iteration: 11 Time elapsed =0:06:31.004073
<A u 11 , A u 11 >_{-1}^0.5 =  0.3374760458054459
Newton iteration: 12 Time elapsed =0:07:00.505779
<A u 12 , A u 12 >_{-1}^0.5 =  0.33420225430388417
Newton iteration: 13 Time elapsed =0:07:32.053064
<A u 13 , A u 13 >_{-1}^0.5 =  0.3309612418269969
Newton iteration: 14 Time elapsed =0:08:05.732601
<A u 14 , A u 14 >_{-1}^0.5 =  0.3277519482704867
Newton iteration: 15 Time elapsed =0:08:38.503715
<A u 15 , A u 15 >_{-1}^0.5 =  0.32457497909957117
Newton iteration: 16 Time elapsed =0:09:14.690528
<A u 16 , A u 16 >_{-1}^0.5 =  0.3214288170533466
Newton iteration: 17 Time elapsed =0:09:48.895797
<A u 17 , A u 17 >_{-1}^0.5 =  0.3183116531281817
Newton iteration: 18 Time elapsed =0:10:21.806801
<A u 18 , A u 18 >_{-1}^0.5 =  0.3152291332563135
Newton iteration: 19 Time elapsed =0:10:55.933464
<A u 19 , A u 19 >_{-1}^0.5 =  0.3121740554749434
Newton iteration: 20 Time elapsed =0:11:30.453812
<A u 20 , A u 20 >_{-1}^0.5 =  0.3091514728998667
Newton iteration: 21 Time elapsed =0:12:05.062734
<A u 21 , A u 21 >_{-1}^0.5 =  0.306158216843814
Newton iteration: 22 Time elapsed =0:12:36.921786
<A u 22 , A u 22 >_{-1}^0.5 =  0.30318897607383244
Newton iteration: 23 Time elapsed =0:13:10.535437
<A u 23 , A u 23 >_{-1}^0.5 =  0.30024622915038174
Newton iteration: 24 Time elapsed =0:13:44.913482
<A u 24 , A u 24 >_{-1}^0.5 =  0.297333943632391
Newton iteration: 25 Time elapsed =0:14:24.028765
<A u 25 , A u 25 >_{-1}^0.5 =  0.2944552000193851
Newton iteration: 26 Time elapsed =0:14:57.932889
<A u 26 , A u 26 >_{-1}^0.5 =  0.2916043221951503
Newton iteration: 27 Time elapsed =0:15:33.367234
<A u 27 , A u 27 >_{-1}^0.5 =  0.28878088937567603
Newton iteration: 28 Time elapsed =0:16:08.690718
<A u 28 , A u 28 >_{-1}^0.5 =  0.28598456234347247
Newton iteration: 29 Time elapsed =0:16:43.254783
<A u 29 , A u 29 >_{-1}^0.5 =  0.28321451859145763
Newton iteration: 30 Time elapsed =0:17:19.947084
<A u 30 , A u 30 >_{-1}^0.5 =  0.2804717222799004
Newton iteration: 31 Time elapsed =0:17:54.395798
<A u 31 , A u 31 >_{-1}^0.5 =  0.27775524118596256
Newton iteration: 32 Time elapsed =0:18:29.463079
<A u 32 , A u 32 >_{-1}^0.5 =  0.2750648048359568
Newton iteration: 33 Time elapsed =0:19:03.881046
<A u 33 , A u 33 >_{-1}^0.5 =  0.2723962172445987
Newton iteration: 34 Time elapsed =0:19:34.601724
<A u 34 , A u 34 >_{-1}^0.5 =  0.2697557373599663
Newton iteration: 35 Time elapsed =0:20:09.656226
<A u 35 , A u 35 >_{-1}^0.5 =  0.26714199893103113
Newton iteration: 36 Time elapsed =0:20:43.656709
<A u 36 , A u 36 >_{-1}^0.5 =  0.26454975472019066
Newton iteration: 37 Time elapsed =0:21:14.988398
<A u 37 , A u 37 >_{-1}^0.5 =  0.26198578009037865
Newton iteration: 38 Time elapsed =0:21:50.664459
<A u 38 , A u 38 >_{-1}^0.5 =  0.2594462768023039
Newton iteration: 39 Time elapsed =0:22:25.098724
<A u 39 , A u 39 >_{-1}^0.5 =  0.25693111428734655
Newton iteration: 40 Time elapsed =0:22:59.138988
<A u 40 , A u 40 >_{-1}^0.5 =  0.2544391152776268
Newton iteration: 41 Time elapsed =0:23:28.382718
<A u 41 , A u 41 >_{-1}^0.5 =  0.2519695396015062
Newton iteration: 42 Time elapsed =0:24:01.435746
<A u 42 , A u 42 >_{-1}^0.5 =  0.2495257791641558
Newton iteration: 43 Time elapsed =0:24:36.660539
<A u 43 , A u 43 >_{-1}^0.5 =  0.2471053992223597
Newton iteration: 44 Time elapsed =0:25:11.233749
<A u 44 , A u 44 >_{-1}^0.5 =  0.24470786344139636
Newton iteration: 45 Time elapsed =0:25:45.474719
<A u 45 , A u 45 >_{-1}^0.5 =  0.2423334429926484
Newton iteration: 46 Time elapsed =0:26:20.055431
<A u 46 , A u 46 >_{-1}^0.5 =  0.23998166615755068
Newton iteration: 47 Time elapsed =0:26:55.139695
<A u 47 , A u 47 >_{-1}^0.5 =  0.23765231441370702
Newton iteration: 48 Time elapsed =0:27:27.528444
<A u 48 , A u 48 >_{-1}^0.5 =  0.235345171900506
Newton iteration: 49 Time elapsed =0:28:04.010351
<A u 49 , A u 49 >_{-1}^0.5 =  0.23306002535032974
Newton iteration: 50 Time elapsed =0:28:40.542696
<A u 50 , A u 50 >_{-1}^0.5 =  0.23079666402319532
Newton iteration: 51 Time elapsed =0:29:12.078991
<A u 51 , A u 51 >_{-1}^0.5 =  0.22855487964465435
Newton iteration: 52 Time elapsed =0:29:46.487421
<A u 52 , A u 52 >_{-1}^0.5 =  0.226334466346706
Newton iteration: 53 Time elapsed =0:30:17.389916
<A u 53 , A u 53 >_{-1}^0.5 =  0.2241352206115737
Newton iteration: 54 Time elapsed =0:30:54.881012
<A u 54 , A u 54 >_{-1}^0.5 =  0.22195676992303154
Newton iteration: 55 Time elapsed =0:31:27.757307
<A u 55 , A u 55 >_{-1}^0.5 =  0.21979919500464418
Newton iteration: 56 Time elapsed =0:32:00.567023
<A u 56 , A u 56 >_{-1}^0.5 =  0.2176622598831261
Newton iteration: 57 Time elapsed =0:32:32.661782
<A u 57 , A u 57 >_{-1}^0.5 =  0.215545640921527
Newton iteration: 58 Time elapsed =0:33:07.290744
<A u 58 , A u 58 >_{-1}^0.5 =  0.21344926639179795
Newton iteration: 59 Time elapsed =0:33:40.148033
<A u 59 , A u 59 >_{-1}^0.5 =  0.21137288461853024
Newton iteration: 60 Time elapsed =0:34:11.798818
<A u 60 , A u 60 >_{-1}^0.5 =  0.20931630717329544
Newton iteration: 61 Time elapsed =0:34:45.713994
<A u 61 , A u 61 >_{-1}^0.5 =  0.20727934761142666
Newton iteration: 62 Time elapsed =0:35:18.781637
<A u 62 , A u 62 >_{-1}^0.5 =  0.2052602205210018
Newton iteration: 63 Time elapsed =0:35:54.740857
<A u 63 , A u 63 >_{-1}^0.5 =  0.2032617554115781
Newton iteration: 64 Time elapsed =0:36:26.128750
<A u 64 , A u 64 >_{-1}^0.5 =  0.2012820249177687
Newton iteration: 65 Time elapsed =0:36:58.849891
<A u 65 , A u 65 >_{-1}^0.5 =  0.19932176801335813
Newton iteration: 66 Time elapsed =0:37:31.816754
<A u 66 , A u 66 >_{-1}^0.5 =  0.1973802237161423
Newton iteration: 67 Time elapsed =0:38:04.640197
<A u 67 , A u 67 >_{-1}^0.5 =  0.19545721679959735
Newton iteration: 68 Time elapsed =0:38:38.143713
<A u 68 , A u 68 >_{-1}^0.5 =  0.19355257378817037
Newton iteration: 69 Time elapsed =0:39:11.448757
<A u 69 , A u 69 >_{-1}^0.5 =  0.1916661229292069
Newton iteration: 70 Time elapsed =0:39:45.368889
<A u 70 , A u 70 >_{-1}^0.5 =  0.18979765473836754
Newton iteration: 71 Time elapsed =0:40:17.667695
<A u 71 , A u 71 >_{-1}^0.5 =  0.18794708065108903
Newton iteration: 72 Time elapsed =0:40:52.203109
<A u 72 , A u 72 >_{-1}^0.5 =  0.18611419350351582
Newton iteration: 73 Time elapsed =0:41:25.577247
<A u 73 , A u 73 >_{-1}^0.5 =  0.18429882817434953
Newton iteration: 74 Time elapsed =0:42:03.754916
<A u 74 , A u 74 >_{-1}^0.5 =  0.18249894677947792
Newton iteration: 75 Time elapsed =0:42:37.822282
<A u 75 , A u 75 >_{-1}^0.5 =  0.18071817983835903
Newton iteration: 76 Time elapsed =0:43:10.353979
<A u 76 , A u 76 >_{-1}^0.5 =  0.17895444770390442
Newton iteration: 77 Time elapsed =0:43:42.132071
<A u 77 , A u 77 >_{-1}^0.5 =  0.17720754493717916
Newton iteration: 78 Time elapsed =0:44:13.797399
<A u 78 , A u 78 >_{-1}^0.5 =  0.17547740847128634
Newton iteration: 79 Time elapsed =0:44:48.503633
<A u 79 , A u 79 >_{-1}^0.5 =  0.17376323747239653
Newton iteration: 80 Time elapsed =0:45:22.658784
<A u 80 , A u 80 >_{-1}^0.5 =  0.17206608670123777
Newton iteration: 81 Time elapsed =0:45:56.664329
<A u 81 , A u 81 >_{-1}^0.5 =  0.17038518936678626
Newton iteration: 82 Time elapsed =0:46:30.666615
<A u 82 , A u 82 >_{-1}^0.5 =  0.16872039574675826
Newton iteration: 83 Time elapsed =0:47:04.788711
<A u 83 , A u 83 >_{-1}^0.5 =  0.16706974001260008
Newton iteration: 84 Time elapsed =0:47:36.714961
<A u 84 , A u 84 >_{-1}^0.5 =  0.16543670575479338
Newton iteration: 85 Time elapsed =0:48:11.237729
<A u 85 , A u 85 >_{-1}^0.5 =  0.163819235499529
Newton iteration: 86 Time elapsed =0:48:46.269057
<A u 86 , A u 86 >_{-1}^0.5 =  0.16221741459273864
Newton iteration: 87 Time elapsed =0:49:24.437017
<A u 87 , A u 87 >_{-1}^0.5 =  0.1606301883672772
Newton iteration: 88 Time elapsed =0:49:55.784761
<A u 88 , A u 88 >_{-1}^0.5 =  0.15905897206138236
Newton iteration: 89 Time elapsed =0:50:28.419260
<A u 89 , A u 89 >_{-1}^0.5 =  0.15750283640364388
Newton iteration: 90 Time elapsed =0:51:01.518724
<A u 90 , A u 90 >_{-1}^0.5 =  0.15596164082771907
Newton iteration: 91 Time elapsed =0:51:35.462272
<A u 91 , A u 91 >_{-1}^0.5 =  0.15443521071881602
Newton iteration: 92 Time elapsed =0:52:06.682025
<A u 92 , A u 92 >_{-1}^0.5 =  0.1529234794843549
Newton iteration: 93 Time elapsed =0:52:38.162791
<A u 93 , A u 93 >_{-1}^0.5 =  0.15142625014212097
Newton iteration: 94 Time elapsed =0:53:10.535439
<A u 94 , A u 94 >_{-1}^0.5 =  0.1499434360494765
Newton iteration: 95 Time elapsed =0:53:42.729658
<A u 95 , A u 95 >_{-1}^0.5 =  0.14847487822305377
Newton iteration: 96 Time elapsed =0:54:15.868504
<A u 96 , A u 96 >_{-1}^0.5 =  0.14702044362254088
Newton iteration: 97 Time elapsed =0:54:49.266621
<A u 97 , A u 97 >_{-1}^0.5 =  0.14558000041620675
Newton iteration: 98 Time elapsed =0:55:21.561343
<A u 98 , A u 98 >_{-1}^0.5 =  0.1441531586360605
Newton iteration: 99 Time elapsed =0:55:56.284971
<A u 99 , A u 99 >_{-1}^0.5 =  0.14274025844655924
Total time elapsed =11:11:08.340514
*** Iteration # 12 . Shear modulus G =  [0.17583426]
Newton iteration: 0 Time elapsed =0:00:31.445218
<A u 0 , A u 0 >_{-1}^0.5 =  0.3548495997472463
Newton iteration: 1 Time elapsed =0:01:05.773667
<A u 1 , A u 1 >_{-1}^0.5 =  0.3513878508051598
Newton iteration: 2 Time elapsed =0:01:40.261318
<A u 2 , A u 2 >_{-1}^0.5 =  0.3479622005571516
Newton iteration: 3 Time elapsed =0:02:11.674366
<A u 3 , A u 3 >_{-1}^0.5 =  0.3445716412289597
Newton iteration: 4 Time elapsed =0:02:44.150648
<A u 4 , A u 4 >_{-1}^0.5 =  0.34121234896800856
Newton iteration: 5 Time elapsed =0:03:16.777106
<A u 5 , A u 5 >_{-1}^0.5 =  0.33788849316558733
Newton iteration: 6 Time elapsed =0:03:49.336412
<A u 6 , A u 6 >_{-1}^0.5 =  0.33460170686606305
Newton iteration: 7 Time elapsed =0:04:22.193307
<A u 7 , A u 7 >_{-1}^0.5 =  0.3313463702705918
Newton iteration: 8 Time elapsed =0:04:55.904859
<A u 8 , A u 8 >_{-1}^0.5 =  0.3281122033668656
Newton iteration: 9 Time elapsed =0:05:28.734099
<A u 9 , A u 9 >_{-1}^0.5 =  0.32492206575125704
Newton iteration: 10 Time elapsed =0:05:59.264254
<A u 10 , A u 10 >_{-1}^0.5 =  0.32176419763294944
Newton iteration: 11 Time elapsed =0:06:32.788702
<A u 11 , A u 11 >_{-1}^0.5 =  0.31863774793619976
Newton iteration: 12 Time elapsed =0:07:03.835560
<A u 12 , A u 12 >_{-1}^0.5 =  0.315537299245292
Newton iteration: 13 Time elapsed =0:07:38.238140
<A u 13 , A u 13 >_{-1}^0.5 =  0.3124726547747633
Newton iteration: 14 Time elapsed =0:08:10.667049
<A u 14 , A u 14 >_{-1}^0.5 =  0.30943820061900634
Newton iteration: 15 Time elapsed =0:08:44.885397
<A u 15 , A u 15 >_{-1}^0.5 =  0.3064337044191506
Newton iteration: 16 Time elapsed =0:09:20.426283
<A u 16 , A u 16 >_{-1}^0.5 =  0.3034570078835449
Newton iteration: 17 Time elapsed =0:09:54.295197
<A u 17 , A u 17 >_{-1}^0.5 =  0.3005088709712302
Newton iteration: 18 Time elapsed =0:10:28.756414
<A u 18 , A u 18 >_{-1}^0.5 =  0.2975897438508459
Newton iteration: 19 Time elapsed =0:11:00.910025
<A u 19 , A u 19 >_{-1}^0.5 =  0.29469915515106326
Newton iteration: 20 Time elapsed =0:11:33.470653
<A u 20 , A u 20 >_{-1}^0.5 =  0.2918374830369582
Newton iteration: 21 Time elapsed =0:12:04.328102
<A u 21 , A u 21 >_{-1}^0.5 =  0.28900543220837405
Newton iteration: 22 Time elapsed =0:12:38.146469
<A u 22 , A u 22 >_{-1}^0.5 =  0.28620088392552495
Newton iteration: 23 Time elapsed =0:13:08.843316
<A u 23 , A u 23 >_{-1}^0.5 =  0.28342138286552304
Newton iteration: 24 Time elapsed =0:13:44.062075
<A u 24 , A u 24 >_{-1}^0.5 =  0.280671139835757
Newton iteration: 25 Time elapsed =0:14:17.627629
<A u 25 , A u 25 >_{-1}^0.5 =  0.2779472409840762
Newton iteration: 26 Time elapsed =0:14:53.074732
<A u 26 , A u 26 >_{-1}^0.5 =  0.2752472012036177
Newton iteration: 27 Time elapsed =0:15:26.317437
<A u 27 , A u 27 >_{-1}^0.5 =  0.2725743152415437
Newton iteration: 28 Time elapsed =0:15:58.719294
<A u 28 , A u 28 >_{-1}^0.5 =  0.269927292166906
Newton iteration: 29 Time elapsed =0:16:30.423309
<A u 29 , A u 29 >_{-1}^0.5 =  0.2673066814884423
Newton iteration: 30 Time elapsed =0:17:02.426690
<A u 30 , A u 30 >_{-1}^0.5 =  0.2647121485113301
Newton iteration: 31 Time elapsed =0:17:36.838375
<A u 31 , A u 31 >_{-1}^0.5 =  0.26214279929447654
Newton iteration: 32 Time elapsed =0:18:07.119113
<A u 32 , A u 32 >_{-1}^0.5 =  0.25959719056761116
Newton iteration: 33 Time elapsed =0:18:39.950123
<A u 33 , A u 33 >_{-1}^0.5 =  0.257075458357884
Newton iteration: 34 Time elapsed =0:19:15.176721
<A u 34 , A u 34 >_{-1}^0.5 =  0.2545783358516635
Newton iteration: 35 Time elapsed =0:19:47.627182
<A u 35 , A u 35 >_{-1}^0.5 =  0.2521053444324604
Newton iteration: 36 Time elapsed =0:20:22.623162
<A u 36 , A u 36 >_{-1}^0.5 =  0.2496558959166336
Newton iteration: 37 Time elapsed =0:20:56.737092
<A u 37 , A u 37 >_{-1}^0.5 =  0.2472296878086698
Newton iteration: 38 Time elapsed =0:21:31.513592
<A u 38 , A u 38 >_{-1}^0.5 =  0.24482850119065824
Newton iteration: 39 Time elapsed =0:22:03.484118
<A u 39 , A u 39 >_{-1}^0.5 =  0.24245034352824613
Newton iteration: 40 Time elapsed =0:22:38.387239
<A u 40 , A u 40 >_{-1}^0.5 =  0.24009587197387128
Newton iteration: 41 Time elapsed =0:23:09.521172
<A u 41 , A u 41 >_{-1}^0.5 =  0.23776306624828947
Newton iteration: 42 Time elapsed =0:23:40.148762
<A u 42 , A u 42 >_{-1}^0.5 =  0.23545261271434914
Newton iteration: 43 Time elapsed =0:24:13.166127
<A u 43 , A u 43 >_{-1}^0.5 =  0.2331632589803762
Newton iteration: 44 Time elapsed =0:24:46.318854
<A u 44 , A u 44 >_{-1}^0.5 =  0.2308962201495485
Newton iteration: 45 Time elapsed =0:25:19.782350
<A u 45 , A u 45 >_{-1}^0.5 =  0.22865154609247687
Newton iteration: 46 Time elapsed =0:25:53.691721
<A u 46 , A u 46 >_{-1}^0.5 =  0.22642753086950168
Newton iteration: 47 Time elapsed =0:26:26.591933
<A u 47 , A u 47 >_{-1}^0.5 =  0.22422558332350498
Newton iteration: 48 Time elapsed =0:26:54.929495
<A u 48 , A u 48 >_{-1}^0.5 =  0.22204420556015375
Newton iteration: 49 Time elapsed =0:27:25.930096
<A u 49 , A u 49 >_{-1}^0.5 =  0.21988428385533457
Newton iteration: 50 Time elapsed =0:27:59.646522
<A u 50 , A u 50 >_{-1}^0.5 =  0.21774491666569995
Newton iteration: 51 Time elapsed =0:28:34.271312
<A u 51 , A u 51 >_{-1}^0.5 =  0.21562606052032512
Newton iteration: 52 Time elapsed =0:29:10.357063
<A u 52 , A u 52 >_{-1}^0.5 =  0.21352664685616177
Newton iteration: 53 Time elapsed =0:29:46.104208
<A u 53 , A u 53 >_{-1}^0.5 =  0.21144754771530996
Newton iteration: 54 Time elapsed =0:30:18.771221
<A u 54 , A u 54 >_{-1}^0.5 =  0.2093890397397795
Newton iteration: 55 Time elapsed =0:30:53.046503
<A u 55 , A u 55 >_{-1}^0.5 =  0.20735022559436153
Newton iteration: 56 Time elapsed =0:31:28.050144
<A u 56 , A u 56 >_{-1}^0.5 =  0.20533029045714027
Newton iteration: 57 Time elapsed =0:32:01.509182
<A u 57 , A u 57 >_{-1}^0.5 =  0.2033286070416594
Newton iteration: 58 Time elapsed =0:32:31.879484
<A u 58 , A u 58 >_{-1}^0.5 =  0.2013478172712898
Newton iteration: 59 Time elapsed =0:33:05.082310
<A u 59 , A u 59 >_{-1}^0.5 =  0.19938526747524324
Newton iteration: 60 Time elapsed =0:33:39.306076
<A u 60 , A u 60 >_{-1}^0.5 =  0.1974421166911434
Newton iteration: 61 Time elapsed =0:34:11.668115
<A u 61 , A u 61 >_{-1}^0.5 =  0.195517668443047
Newton iteration: 62 Time elapsed =0:34:47.508174
<A u 62 , A u 62 >_{-1}^0.5 =  0.1936108847401516
Newton iteration: 63 Time elapsed =0:35:21.723999
<A u 63 , A u 63 >_{-1}^0.5 =  0.19172306087235755
Newton iteration: 64 Time elapsed =0:35:55.281137
<A u 64 , A u 64 >_{-1}^0.5 =  0.18985336703838854
Newton iteration: 65 Time elapsed =0:36:29.215136
<A u 65 , A u 65 >_{-1}^0.5 =  0.18800157415860766
Newton iteration: 66 Time elapsed =0:37:03.430079
<A u 66 , A u 66 >_{-1}^0.5 =  0.18616677483688113
Newton iteration: 67 Time elapsed =0:37:36.161547
<A u 67 , A u 67 >_{-1}^0.5 =  0.18435024253645665
Newton iteration: 68 Time elapsed =0:38:11.011189
<A u 68 , A u 68 >_{-1}^0.5 =  0.1825516008264634
Newton iteration: 69 Time elapsed =0:38:46.502239
<A u 69 , A u 69 >_{-1}^0.5 =  0.1807685754006965
Newton iteration: 70 Time elapsed =0:39:17.089287
<A u 70 , A u 70 >_{-1}^0.5 =  0.17900291618426636
Newton iteration: 71 Time elapsed =0:39:49.223746
<A u 71 , A u 71 >_{-1}^0.5 =  0.17725545325907793
Newton iteration: 72 Time elapsed =0:40:20.082834
<A u 72 , A u 72 >_{-1}^0.5 =  0.17552437182283284
Newton iteration: 73 Time elapsed =0:40:52.205981
<A u 73 , A u 73 >_{-1}^0.5 =  0.1738098866076603
Newton iteration: 74 Time elapsed =0:41:25.036894
<A u 74 , A u 74 >_{-1}^0.5 =  0.1721117809041086
Newton iteration: 75 Time elapsed =0:41:59.183139
<A u 75 , A u 75 >_{-1}^0.5 =  0.17042913926301198
Newton iteration: 76 Time elapsed =0:42:33.368686
<A u 76 , A u 76 >_{-1}^0.5 =  0.16876309886707255
Newton iteration: 77 Time elapsed =0:43:06.357635
<A u 77 , A u 77 >_{-1}^0.5 =  0.16711348723449307
Newton iteration: 78 Time elapsed =0:43:40.818299
<A u 78 , A u 78 >_{-1}^0.5 =  0.16547842448668648
Newton iteration: 79 Time elapsed =0:44:15.428185
<A u 79 , A u 79 >_{-1}^0.5 =  0.16386035756915365
Newton iteration: 80 Time elapsed =0:44:49.728040
<A u 80 , A u 80 >_{-1}^0.5 =  0.1622578258232818
Newton iteration: 81 Time elapsed =0:45:23.064871
<A u 81 , A u 81 >_{-1}^0.5 =  0.16067005734695725
Newton iteration: 82 Time elapsed =0:45:58.975416
<A u 82 , A u 82 >_{-1}^0.5 =  0.1590981744036504
Newton iteration: 83 Time elapsed =0:46:33.749345
<A u 83 , A u 83 >_{-1}^0.5 =  0.15754137263866427
Newton iteration: 84 Time elapsed =0:47:08.041357
<A u 84 , A u 84 >_{-1}^0.5 =  0.15599923432577517
Newton iteration: 85 Time elapsed =0:47:41.075868
<A u 85 , A u 85 >_{-1}^0.5 =  0.15447100068325353
Newton iteration: 86 Time elapsed =0:48:12.157228
<A u 86 , A u 86 >_{-1}^0.5 =  0.15295834430752966
Newton iteration: 87 Time elapsed =0:48:44.439070
<A u 87 , A u 87 >_{-1}^0.5 =  0.15146027211210863
Newton iteration: 88 Time elapsed =0:49:17.151628
<A u 88 , A u 88 >_{-1}^0.5 =  0.1499769445795731
Newton iteration: 89 Time elapsed =0:49:52.655393
<A u 89 , A u 89 >_{-1}^0.5 =  0.14850788931706863
Newton iteration: 90 Time elapsed =0:50:26.429700
<A u 90 , A u 90 >_{-1}^0.5 =  0.14705264948128763
Newton iteration: 91 Time elapsed =0:51:00.174126
<A u 91 , A u 91 >_{-1}^0.5 =  0.1456117449439742
Newton iteration: 92 Time elapsed =0:51:35.426841
<A u 92 , A u 92 >_{-1}^0.5 =  0.14418467618911135
Newton iteration: 93 Time elapsed =0:52:09.415349
<A u 93 , A u 93 >_{-1}^0.5 =  0.14277112082395624
Newton iteration: 94 Time elapsed =0:52:42.427281
<A u 94 , A u 94 >_{-1}^0.5 =  0.14137103992700992
Newton iteration: 95 Time elapsed =0:53:13.992283
<A u 95 , A u 95 >_{-1}^0.5 =  0.1399842223033716
Newton iteration: 96 Time elapsed =0:53:45.779234
<A u 96 , A u 96 >_{-1}^0.5 =  0.1386114331561409
Newton iteration: 97 Time elapsed =0:54:19.963139
<A u 97 , A u 97 >_{-1}^0.5 =  0.13725136601060675
Newton iteration: 98 Time elapsed =0:54:52.040122
<A u 98 , A u 98 >_{-1}^0.5 =  0.13590492874349266
Newton iteration: 99 Time elapsed =0:55:27.133135
<A u 99 , A u 99 >_{-1}^0.5 =  0.13457147991076776
Total time elapsed =12:06:35.832698
*** Iteration # 13 . Shear modulus G =  [0.158457]
Newton iteration: 0 Time elapsed =0:00:32.975862
<A u 0 , A u 0 >_{-1}^0.5 =  0.3357680418714349
Newton iteration: 1 Time elapsed =0:01:05.455820
<A u 1 , A u 1 >_{-1}^0.5 =  0.3324874552709356
Newton iteration: 2 Time elapsed =0:01:36.564098
<A u 2 , A u 2 >_{-1}^0.5 =  0.3292388726240862
Newton iteration: 3 Time elapsed =0:02:08.269999
<A u 3 , A u 3 >_{-1}^0.5 =  0.32602295873943776
Newton iteration: 4 Time elapsed =0:02:41.879925
<A u 4 , A u 4 >_{-1}^0.5 =  0.32283968211644315
Newton iteration: 5 Time elapsed =0:03:13.676979
<A u 5 , A u 5 >_{-1}^0.5 =  0.31969074255968716
Newton iteration: 6 Time elapsed =0:03:47.645342
<A u 6 , A u 6 >_{-1}^0.5 =  0.3165640050004794
Newton iteration: 7 Time elapsed =0:04:20.247294
<A u 7 , A u 7 >_{-1}^0.5 =  0.31347588281683303
Newton iteration: 8 Time elapsed =0:04:55.277988
<A u 8 , A u 8 >_{-1}^0.5 =  0.31041938175463385
Newton iteration: 9 Time elapsed =0:05:28.144979
<A u 9 , A u 9 >_{-1}^0.5 =  0.3073911863862966
Newton iteration: 10 Time elapsed =0:05:59.751984
<A u 10 , A u 10 >_{-1}^0.5 =  0.30439731202164216
Newton iteration: 11 Time elapsed =0:06:32.863919
<A u 11 , A u 11 >_{-1}^0.5 =  0.30143328404405995
Newton iteration: 12 Time elapsed =0:07:06.769380
<A u 12 , A u 12 >_{-1}^0.5 =  0.2984968770722997
Newton iteration: 13 Time elapsed =0:07:42.341117
<A u 13 , A u 13 >_{-1}^0.5 =  0.295588681875511
Newton iteration: 14 Time elapsed =0:08:16.093940
<A u 14 , A u 14 >_{-1}^0.5 =  0.2927146946127713
Newton iteration: 15 Time elapsed =0:08:47.553125
<A u 15 , A u 15 >_{-1}^0.5 =  0.28986186968677075
Newton iteration: 16 Time elapsed =0:09:19.583037
<A u 16 , A u 16 >_{-1}^0.5 =  0.2870416277606532
Newton iteration: 17 Time elapsed =0:09:52.774132
<A u 17 , A u 17 >_{-1}^0.5 =  0.2842512101349497
Newton iteration: 18 Time elapsed =0:10:24.769926
<A u 18 , A u 18 >_{-1}^0.5 =  0.2814867916358405
Newton iteration: 19 Time elapsed =0:10:56.334218
<A u 19 , A u 19 >_{-1}^0.5 =  0.27874848282897263
Newton iteration: 20 Time elapsed =0:11:31.266440
<A u 20 , A u 20 >_{-1}^0.5 =  0.27603941932963383
Newton iteration: 21 Time elapsed =0:12:05.282021
<A u 21 , A u 21 >_{-1}^0.5 =  0.2733538167838618
Newton iteration: 22 Time elapsed =0:12:40.080532
<A u 22 , A u 22 >_{-1}^0.5 =  0.27069595418686215
Newton iteration: 23 Time elapsed =0:13:13.594071
<A u 23 , A u 23 >_{-1}^0.5 =  0.2680614068956724
Newton iteration: 24 Time elapsed =0:13:47.573180
<A u 24 , A u 24 >_{-1}^0.5 =  0.26545676682624264
Newton iteration: 25 Time elapsed =0:14:22.358917
<A u 25 , A u 25 >_{-1}^0.5 =  0.2628741102129763
Newton iteration: 26 Time elapsed =0:14:55.783986
<A u 26 , A u 26 >_{-1}^0.5 =  0.26031487917873597
Newton iteration: 27 Time elapsed =0:15:27.041026
<A u 27 , A u 27 >_{-1}^0.5 =  0.25778678215654793
Newton iteration: 28 Time elapsed =0:15:59.716887
<A u 28 , A u 28 >_{-1}^0.5 =  0.2552800118915684
Newton iteration: 29 Time elapsed =0:16:32.580784
<A u 29 , A u 29 >_{-1}^0.5 =  0.252797701337955
Newton iteration: 30 Time elapsed =0:17:04.808093
<A u 30 , A u 30 >_{-1}^0.5 =  0.2503380633565712
Newton iteration: 31 Time elapsed =0:17:40.392999
<A u 31 , A u 31 >_{-1}^0.5 =  0.24790273282527703
Newton iteration: 32 Time elapsed =0:18:17.297448
<A u 32 , A u 32 >_{-1}^0.5 =  0.24548953327464018
Newton iteration: 33 Time elapsed =0:18:48.894131
<A u 33 , A u 33 >_{-1}^0.5 =  0.2431026704820237
Newton iteration: 34 Time elapsed =0:19:20.210910
<A u 34 , A u 34 >_{-1}^0.5 =  0.24073887082500753
Newton iteration: 35 Time elapsed =0:19:53.656971
<A u 35 , A u 35 >_{-1}^0.5 =  0.23839591249107595
Newton iteration: 36 Time elapsed =0:20:27.777083
<A u 36 , A u 36 >_{-1}^0.5 =  0.23607740087142032
Newton iteration: 37 Time elapsed =0:21:01.547657
<A u 37 , A u 37 >_{-1}^0.5 =  0.23377781532458763
Newton iteration: 38 Time elapsed =0:21:34.390829
<A u 38 , A u 38 >_{-1}^0.5 =  0.23150303438441758
Newton iteration: 39 Time elapsed =0:22:06.627026
<A u 39 , A u 39 >_{-1}^0.5 =  0.22925015026996387
Newton iteration: 40 Time elapsed =0:22:41.588900
<A u 40 , A u 40 >_{-1}^0.5 =  0.22702058339664777
Newton iteration: 41 Time elapsed =0:23:13.529514
<A u 41 , A u 41 >_{-1}^0.5 =  0.22481156516943526
Newton iteration: 42 Time elapsed =0:23:46.590287
<A u 42 , A u 42 >_{-1}^0.5 =  0.22262155645022913
Newton iteration: 43 Time elapsed =0:24:22.101995
<A u 43 , A u 43 >_{-1}^0.5 =  0.22045407998895752
Newton iteration: 44 Time elapsed =0:24:55.440287
<A u 44 , A u 44 >_{-1}^0.5 =  0.21830632758960844
Newton iteration: 45 Time elapsed =0:25:29.432260
<A u 45 , A u 45 >_{-1}^0.5 =  0.21618045994259757
Newton iteration: 46 Time elapsed =0:25:59.812509
<A u 46 , A u 46 >_{-1}^0.5 =  0.21407452813831568
Newton iteration: 47 Time elapsed =0:26:33.918957
<A u 47 , A u 47 >_{-1}^0.5 =  0.2119887238539929
Newton iteration: 48 Time elapsed =0:27:06.153337
<A u 48 , A u 48 >_{-1}^0.5 =  0.20992339411049338
Newton iteration: 49 Time elapsed =0:27:40.687310
<A u 49 , A u 49 >_{-1}^0.5 =  0.20787836130901202
Newton iteration: 50 Time elapsed =0:28:11.888237
<A u 50 , A u 50 >_{-1}^0.5 =  0.20585247887709437
Newton iteration: 51 Time elapsed =0:28:43.825980
<A u 51 , A u 51 >_{-1}^0.5 =  0.2038460474167022
Newton iteration: 52 Time elapsed =0:29:17.039934
<A u 52 , A u 52 >_{-1}^0.5 =  0.20185797017283283
Newton iteration: 53 Time elapsed =0:29:51.429854
<A u 53 , A u 53 >_{-1}^0.5 =  0.19989026494398543
Newton iteration: 54 Time elapsed =0:30:23.922382
<A u 54 , A u 54 >_{-1}^0.5 =  0.19794093303249383
Newton iteration: 55 Time elapsed =0:30:55.780931
<A u 55 , A u 55 >_{-1}^0.5 =  0.1960101116141393
Newton iteration: 56 Time elapsed =0:31:28.653452
<A u 56 , A u 56 >_{-1}^0.5 =  0.19409817759869197
Newton iteration: 57 Time elapsed =0:32:04.131312
<A u 57 , A u 57 >_{-1}^0.5 =  0.19220459690614525
Newton iteration: 58 Time elapsed =0:32:36.314997
<A u 58 , A u 58 >_{-1}^0.5 =  0.19032967354925245
Newton iteration: 59 Time elapsed =0:33:09.550379
<A u 59 , A u 59 >_{-1}^0.5 =  0.1884727647226515
Newton iteration: 60 Time elapsed =0:33:43.340805
<A u 60 , A u 60 >_{-1}^0.5 =  0.1866329047236236
Newton iteration: 61 Time elapsed =0:34:18.608920
<A u 61 , A u 61 >_{-1}^0.5 =  0.18481097199869992
Newton iteration: 62 Time elapsed =0:34:52.898263
<A u 62 , A u 62 >_{-1}^0.5 =  0.18300563200469555
Newton iteration: 63 Time elapsed =0:35:25.924986
<A u 63 , A u 63 >_{-1}^0.5 =  0.18121900244293979
Newton iteration: 64 Time elapsed =0:36:03.201694
<A u 64 , A u 64 >_{-1}^0.5 =  0.17944377176683782
Newton iteration: 65 Time elapsed =0:36:36.175967
<A u 65 , A u 65 >_{-1}^0.5 =  0.177690886219631
Newton iteration: 66 Time elapsed =0:37:09.990171
<A u 66 , A u 66 >_{-1}^0.5 =  0.1759544724097479
Newton iteration: 67 Time elapsed =0:37:45.723013
<A u 67 , A u 67 >_{-1}^0.5 =  0.17423509949897584
Newton iteration: 68 Time elapsed =0:38:20.043042
<A u 68 , A u 68 >_{-1}^0.5 =  0.17253224113721272
Newton iteration: 69 Time elapsed =0:38:54.317312
<A u 69 , A u 69 >_{-1}^0.5 =  0.17084574021230808
Newton iteration: 70 Time elapsed =0:39:25.333245
<A u 70 , A u 70 >_{-1}^0.5 =  0.16917440208662296
Newton iteration: 71 Time elapsed =0:39:56.665055
<A u 71 , A u 71 >_{-1}^0.5 =  0.1675193500843969
Newton iteration: 72 Time elapsed =0:40:30.588880
<A u 72 , A u 72 >_{-1}^0.5 =  0.1658802146178143
Newton iteration: 73 Time elapsed =0:41:03.470876
<A u 73 , A u 73 >_{-1}^0.5 =  0.16425755896836014
Newton iteration: 74 Time elapsed =0:41:36.924374
<A u 74 , A u 74 >_{-1}^0.5 =  0.16265057084863968
Newton iteration: 75 Time elapsed =0:42:11.328776
<A u 75 , A u 75 >_{-1}^0.5 =  0.1610585762724864
Newton iteration: 76 Time elapsed =0:42:46.566449
<A u 76 , A u 76 >_{-1}^0.5 =  0.15948232541546603
Newton iteration: 77 Time elapsed =0:43:19.892053
<A u 77 , A u 77 >_{-1}^0.5 =  0.15792121069286924
Newton iteration: 78 Time elapsed =0:43:53.775702
<A u 78 , A u 78 >_{-1}^0.5 =  0.1563750771845716
Newton iteration: 79 Time elapsed =0:44:28.616827
<A u 79 , A u 79 >_{-1}^0.5 =  0.1548429961791882
Newton iteration: 80 Time elapsed =0:45:00.853172
<A u 80 , A u 80 >_{-1}^0.5 =  0.15332661931904043
Newton iteration: 81 Time elapsed =0:45:33.961115
<A u 81 , A u 81 >_{-1}^0.5 =  0.15182372989667295
Newton iteration: 82 Time elapsed =0:46:06.034793
<A u 82 , A u 82 >_{-1}^0.5 =  0.15033501432014515
Newton iteration: 83 Time elapsed =0:46:40.897996
<A u 83 , A u 83 >_{-1}^0.5 =  0.14886011781058833
Newton iteration: 84 Time elapsed =0:47:13.971385
<A u 84 , A u 84 >_{-1}^0.5 =  0.14739041762569408
Newton iteration: 85 Time elapsed =0:47:45.044684
<A u 85 , A u 85 >_{-1}^0.5 =  0.14596993899657737
Newton iteration: 86 Time elapsed =0:48:19.399751
<A u 86 , A u 86 >_{-1}^0.5 =  0.14454274321021746
Newton iteration: 87 Time elapsed =0:48:51.651482
<A u 87 , A u 87 >_{-1}^0.5 =  0.14305319835781544
Newton iteration: 88 Time elapsed =0:49:29.442928
<A u 88 , A u 88 >_{-1}^0.5 =  0.14171362645726449
Newton iteration: 89 Time elapsed =0:50:01.451883
<A u 89 , A u 89 >_{-1}^0.5 =  0.1403238993358637
Newton iteration: 90 Time elapsed =0:50:36.046962
<A u 90 , A u 90 >_{-1}^0.5 =  0.1389470245948035
Newton iteration: 91 Time elapsed =0:51:04.822402
<A u 91 , A u 91 >_{-1}^0.5 =  0.13758399779666045
Newton iteration: 92 Time elapsed =0:51:41.217906
<A u 92 , A u 92 >_{-1}^0.5 =  0.13623293102208106
Newton iteration: 93 Time elapsed =0:52:15.620024
<A u 93 , A u 93 >_{-1}^0.5 =  0.1348961125884094
Newton iteration: 94 Time elapsed =0:52:49.724020
<A u 94 , A u 94 >_{-1}^0.5 =  0.1335719147994964
Newton iteration: 95 Time elapsed =0:53:22.869895
<A u 95 , A u 95 >_{-1}^0.5 =  0.1322593160921356
Newton iteration: 96 Time elapsed =0:53:54.161314
<A u 96 , A u 96 >_{-1}^0.5 =  0.13096138359613752
Newton iteration: 97 Time elapsed =0:54:22.988982
<A u 97 , A u 97 >_{-1}^0.5 =  0.12967550451476867
Newton iteration: 98 Time elapsed =0:54:57.359198
<A u 98 , A u 98 >_{-1}^0.5 =  0.1284017433967002
Newton iteration: 99 Time elapsed =0:55:28.701485
<A u 99 , A u 99 >_{-1}^0.5 =  0.12714061927366194
Total time elapsed =13:02:04.778787
*** Iteration # 14 . Shear modulus G =  [0.14329252]
Newton iteration: 0 Time elapsed =0:00:32.214462
<A u 0 , A u 0 >_{-1}^0.5 =  0.31833509176023106
Newton iteration: 1 Time elapsed =0:01:07.025228
<A u 1 , A u 1 >_{-1}^0.5 =  0.31525159224967525
Newton iteration: 2 Time elapsed =0:01:40.741765
<A u 2 , A u 2 >_{-1}^0.5 =  0.312153913199197
Newton iteration: 3 Time elapsed =0:02:15.838992
<A u 3 , A u 3 >_{-1}^0.5 =  0.309097198955706
Newton iteration: 4 Time elapsed =0:02:46.055010
<A u 4 , A u 4 >_{-1}^0.5 =  0.3060624644673144
Newton iteration: 5 Time elapsed =0:03:17.645297
<A u 5 , A u 5 >_{-1}^0.5 =  0.3030190441201995
Newton iteration: 6 Time elapsed =0:03:49.556790
<A u 6 , A u 6 >_{-1}^0.5 =  0.30009961129379925
Newton iteration: 7 Time elapsed =0:04:19.495499
<A u 7 , A u 7 >_{-1}^0.5 =  0.2971161093275646
Newton iteration: 8 Time elapsed =0:04:51.667199
<A u 8 , A u 8 >_{-1}^0.5 =  0.29412197902144177
Newton iteration: 9 Time elapsed =0:05:26.074365
<A u 9 , A u 9 >_{-1}^0.5 =  0.2913411768938345
Newton iteration: 10 Time elapsed =0:05:59.920748
<A u 10 , A u 10 >_{-1}^0.5 =  0.28849077395350364
Newton iteration: 11 Time elapsed =0:06:31.723920
<A u 11 , A u 11 >_{-1}^0.5 =  0.28567251458441256
Newton iteration: 12 Time elapsed =0:07:04.238101
<A u 12 , A u 12 >_{-1}^0.5 =  0.2828772913537821
Newton iteration: 13 Time elapsed =0:07:38.040457
<A u 13 , A u 13 >_{-1}^0.5 =  0.28011110916937365
Newton iteration: 14 Time elapsed =0:08:13.017766
<A u 14 , A u 14 >_{-1}^0.5 =  0.2773766600939727
Newton iteration: 15 Time elapsed =0:08:43.845150
<A u 15 , A u 15 >_{-1}^0.5 =  0.2746660891601838
Newton iteration: 16 Time elapsed =0:09:17.670450
<A u 16 , A u 16 >_{-1}^0.5 =  0.27198571471192357
Newton iteration: 17 Time elapsed =0:09:48.792336
<A u 17 , A u 17 >_{-1}^0.5 =  0.2693330537043559
Newton iteration: 18 Time elapsed =0:10:23.379072
<A u 18 , A u 18 >_{-1}^0.5 =  0.2667050897169965
Newton iteration: 19 Time elapsed =0:10:59.226853
<A u 19 , A u 19 >_{-1}^0.5 =  0.2641010093864644
Newton iteration: 20 Time elapsed =0:11:32.063454
<A u 20 , A u 20 >_{-1}^0.5 =  0.26152786494801783
Newton iteration: 21 Time elapsed =0:12:05.987492
<A u 21 , A u 21 >_{-1}^0.5 =  0.25897811819551236
Newton iteration: 22 Time elapsed =0:12:39.089446
<A u 22 , A u 22 >_{-1}^0.5 =  0.25645445693903357
Newton iteration: 23 Time elapsed =0:13:11.198543
<A u 23 , A u 23 >_{-1}^0.5 =  0.2539536515312875
Newton iteration: 24 Time elapsed =0:13:43.608925
<A u 24 , A u 24 >_{-1}^0.5 =  0.2514796426837122
Newton iteration: 25 Time elapsed =0:14:20.447148
<A u 25 , A u 25 >_{-1}^0.5 =  0.24902664282994028
Newton iteration: 26 Time elapsed =0:14:51.756410
<A u 26 , A u 26 >_{-1}^0.5 =  0.24660040404213943
Newton iteration: 27 Time elapsed =0:15:24.674119
<A u 27 , A u 27 >_{-1}^0.5 =  0.24419481625012657
Newton iteration: 28 Time elapsed =0:15:56.848294
<A u 28 , A u 28 >_{-1}^0.5 =  0.24181011427221494
Newton iteration: 29 Time elapsed =0:16:29.553840
<A u 29 , A u 29 >_{-1}^0.5 =  0.2394502331884042
Newton iteration: 30 Time elapsed =0:16:58.989533
<A u 30 , A u 30 >_{-1}^0.5 =  0.2371156554330531
Newton iteration: 31 Time elapsed =0:17:32.395490
<A u 31 , A u 31 >_{-1}^0.5 =  0.23481159367304907
Newton iteration: 32 Time elapsed =0:18:02.850521
<A u 32 , A u 32 >_{-1}^0.5 =  0.23244877603520028
Newton iteration: 33 Time elapsed =0:18:37.070223
<A u 33 , A u 33 >_{-1}^0.5 =  0.23023904467617495
Newton iteration: 34 Time elapsed =0:19:10.030766
<A u 34 , A u 34 >_{-1}^0.5 =  0.22799306605402817
Newton iteration: 35 Time elapsed =0:19:48.035707
<A u 35 , A u 35 >_{-1}^0.5 =  0.22577116554127324
Newton iteration: 36 Time elapsed =0:20:21.998092
<A u 36 , A u 36 >_{-1}^0.5 =  0.22357377906514736
Newton iteration: 37 Time elapsed =0:20:58.898520
<A u 37 , A u 37 >_{-1}^0.5 =  0.22140126643073965
Newton iteration: 38 Time elapsed =0:21:35.620370
<A u 38 , A u 38 >_{-1}^0.5 =  0.21912182487065457
Newton iteration: 39 Time elapsed =0:22:06.675348
<A u 39 , A u 39 >_{-1}^0.5 =  0.21708298261285414
Newton iteration: 40 Time elapsed =0:22:38.958521
<A u 40 , A u 40 >_{-1}^0.5 =  0.2149627013176192
Newton iteration: 41 Time elapsed =0:23:12.836321
<A u 41 , A u 41 >_{-1}^0.5 =  0.21286607779144107
Newton iteration: 42 Time elapsed =0:23:45.294931
<A u 42 , A u 42 >_{-1}^0.5 =  0.2107883287404706
Newton iteration: 43 Time elapsed =0:24:20.736608
<A u 43 , A u 43 >_{-1}^0.5 =  0.20873077448113964
Newton iteration: 44 Time elapsed =0:24:54.754454
<A u 44 , A u 44 >_{-1}^0.5 =  0.20668712514532303
Newton iteration: 45 Time elapsed =0:25:27.773451
<A u 45 , A u 45 >_{-1}^0.5 =  0.20467045283038496
Newton iteration: 46 Time elapsed =0:26:00.565831
<A u 46 , A u 46 >_{-1}^0.5 =  0.2026716066034993
Newton iteration: 47 Time elapsed =0:26:32.682821
<A u 47 , A u 47 >_{-1}^0.5 =  0.20068895453041155
Newton iteration: 48 Time elapsed =0:27:03.615545
<A u 48 , A u 48 >_{-1}^0.5 =  0.198731240113836
Newton iteration: 49 Time elapsed =0:27:34.746453
<A u 49 , A u 49 >_{-1}^0.5 =  0.19678750951361332
Newton iteration: 50 Time elapsed =0:28:07.219183
<A u 50 , A u 50 >_{-1}^0.5 =  0.1948649029155696
Newton iteration: 51 Time elapsed =0:28:39.979019
<A u 51 , A u 51 >_{-1}^0.5 =  0.19295811642140845
Newton iteration: 52 Time elapsed =0:29:14.178397
<A u 52 , A u 52 >_{-1}^0.5 =  0.1910729025756675
Newton iteration: 53 Time elapsed =0:29:46.933625
<A u 53 , A u 53 >_{-1}^0.5 =  0.18920781203981457
Newton iteration: 54 Time elapsed =0:30:20.438772
<A u 54 , A u 54 >_{-1}^0.5 =  0.18735820381347718
Newton iteration: 55 Time elapsed =0:30:54.219589
<A u 55 , A u 55 >_{-1}^0.5 =  0.18553032039752523
Newton iteration: 56 Time elapsed =0:31:28.433786
<A u 56 , A u 56 >_{-1}^0.5 =  0.1837285659694179
Newton iteration: 57 Time elapsed =0:32:01.724195
<A u 57 , A u 57 >_{-1}^0.5 =  0.18184492830710094
Newton iteration: 58 Time elapsed =0:32:31.854496
<A u 58 , A u 58 >_{-1}^0.5 =  0.18013722122164982
Newton iteration: 59 Time elapsed =0:33:04.120526
<A u 59 , A u 59 >_{-1}^0.5 =  0.17837561471545854
Newton iteration: 60 Time elapsed =0:33:36.210212
<A u 60 , A u 60 >_{-1}^0.5 =  0.1766319663550449
Newton iteration: 61 Time elapsed =0:34:09.954573
<A u 61 , A u 61 >_{-1}^0.5 =  0.17490598734175355
Newton iteration: 62 Time elapsed =0:34:44.148266
<A u 62 , A u 62 >_{-1}^0.5 =  0.17319816505733976
Newton iteration: 63 Time elapsed =0:35:18.969702
<A u 63 , A u 63 >_{-1}^0.5 =  0.17157609841689545
Newton iteration: 64 Time elapsed =0:35:51.689158
<A u 64 , A u 64 >_{-1}^0.5 =  0.16979321697814792
Newton iteration: 65 Time elapsed =0:36:26.121856
<A u 65 , A u 65 >_{-1}^0.5 =  0.16813079532399833
Newton iteration: 66 Time elapsed =0:37:01.189487
<A u 66 , A u 66 >_{-1}^0.5 =  0.16648257103317274
Newton iteration: 67 Time elapsed =0:37:33.358300
<A u 67 , A u 67 >_{-1}^0.5 =  0.16484944765596912
Newton iteration: 68 Time elapsed =0:38:05.563119
<A u 68 , A u 68 >_{-1}^0.5 =  0.16323191544513377
Newton iteration: 69 Time elapsed =0:38:39.870900
<A u 69 , A u 69 >_{-1}^0.5 =  0.1616214987335758
Newton iteration: 70 Time elapsed =0:39:12.673499
<A u 70 , A u 70 >_{-1}^0.5 =  0.16014229115939646
Newton iteration: 71 Time elapsed =0:39:43.951829
<A u 71 , A u 71 >_{-1}^0.5 =  0.1584847520425039
Newton iteration: 72 Time elapsed =0:40:20.630484
<A u 72 , A u 72 >_{-1}^0.5 =  0.15692995678006616
Newton iteration: 73 Time elapsed =0:40:56.126637
<A u 73 , A u 73 >_{-1}^0.5 =  0.15538734851292169
Newton iteration: 74 Time elapsed =0:41:30.809725
<A u 74 , A u 74 >_{-1}^0.5 =  0.15384020307378285
Newton iteration: 75 Time elapsed =0:42:02.471573
<A u 75 , A u 75 >_{-1}^0.5 =  0.1523976036215082
Newton iteration: 76 Time elapsed =0:42:35.671785
<A u 76 , A u 76 >_{-1}^0.5 =  0.15092801776010392
Newton iteration: 77 Time elapsed =0:43:08.264768
<A u 77 , A u 77 >_{-1}^0.5 =  0.14937531884722668
Newton iteration: 78 Time elapsed =0:43:45.068961
<A u 78 , A u 78 >_{-1}^0.5 =  0.14803347847413778
Newton iteration: 79 Time elapsed =0:44:17.853302
<A u 79 , A u 79 >_{-1}^0.5 =  0.14647485309500818
Newton iteration: 80 Time elapsed =0:44:51.961028
<A u 80 , A u 80 >_{-1}^0.5 =  0.1450346326536496
Newton iteration: 81 Time elapsed =0:45:27.922532
<A u 81 , A u 81 >_{-1}^0.5 =  0.14360460420568788
Newton iteration: 82 Time elapsed =0:46:00.688848
<A u 82 , A u 82 >_{-1}^0.5 =  0.14216811053957018
Newton iteration: 83 Time elapsed =0:46:31.232086
<A u 83 , A u 83 >_{-1}^0.5 =  0.14084638552416037
Newton iteration: 84 Time elapsed =0:47:05.548578
<A u 84 , A u 84 >_{-1}^0.5 =  0.13949119030657198
Newton iteration: 85 Time elapsed =0:47:42.874454
<A u 85 , A u 85 >_{-1}^0.5 =  0.13803691659674844
Newton iteration: 86 Time elapsed =0:48:15.619428
<A u 86 , A u 86 >_{-1}^0.5 =  0.1367959784785602
Newton iteration: 87 Time elapsed =0:48:51.343304
<A u 87 , A u 87 >_{-1}^0.5 =  0.13535414710366228
Newton iteration: 88 Time elapsed =0:49:23.644804
<A u 88 , A u 88 >_{-1}^0.5 =  0.13401197797574457
Newton iteration: 89 Time elapsed =0:49:55.893928
<A u 89 , A u 89 >_{-1}^0.5 =  0.13296930877871646
Newton iteration: 90 Time elapsed =0:50:27.028333
<A u 90 , A u 90 >_{-1}^0.5 =  0.1315683824506102
Newton iteration: 91 Time elapsed =0:51:03.992659
<A u 91 , A u 91 >_{-1}^0.5 =  0.1301578206779875
Newton iteration: 92 Time elapsed =0:51:36.587181
<A u 92 , A u 92 >_{-1}^0.5 =  0.12887814234853626
Newton iteration: 93 Time elapsed =0:52:08.847898
<A u 93 , A u 93 >_{-1}^0.5 =  0.12761123278994924
Newton iteration: 94 Time elapsed =0:52:39.811911
<A u 94 , A u 94 >_{-1}^0.5 =  0.1263562519793257
Newton iteration: 95 Time elapsed =0:53:12.732910
<A u 95 , A u 95 >_{-1}^0.5 =  0.12511409967165693
Newton iteration: 96 Time elapsed =0:53:45.724506
<A u 96 , A u 96 >_{-1}^0.5 =  0.12388348628529398
Newton iteration: 97 Time elapsed =0:54:21.056822
<A u 97 , A u 97 >_{-1}^0.5 =  0.12266543037934848
Newton iteration: 98 Time elapsed =0:54:54.297518
<A u 98 , A u 98 >_{-1}^0.5 =  0.12145899761965871
Newton iteration: 99 Time elapsed =0:55:30.094504
<A u 99 , A u 99 >_{-1}^0.5 =  0.1202633231857499
Total time elapsed =13:57:35.151882
*** Iteration # 15 . Shear modulus G =  0.13
Newton iteration: 0 Time elapsed =0:00:32.092984
<A u 0 , A u 0 >_{-1}^0.5 =  0.30230601366611376
Newton iteration: 1 Time elapsed =0:01:06.685769
<A u 1 , A u 1 >_{-1}^0.5 =  0.29901640273898183
Newton iteration: 2 Time elapsed =0:01:38.195302
<A u 2 , A u 2 >_{-1}^0.5 =  0.2960780754188135
Newton iteration: 3 Time elapsed =0:02:09.254319
<A u 3 , A u 3 >_{-1}^0.5 =  0.29316347918698704
Newton iteration: 4 Time elapsed =0:02:40.935086
<A u 4 , A u 4 >_{-1}^0.5 =  0.2902831320291543
Newton iteration: 5 Time elapsed =0:03:13.796627
<A u 5 , A u 5 >_{-1}^0.5 =  0.28743336854414336
Newton iteration: 6 Time elapsed =0:03:48.143961
<A u 6 , A u 6 >_{-1}^0.5 =  0.2846136806346035
Newton iteration: 7 Time elapsed =0:04:23.729265
<A u 7 , A u 7 >_{-1}^0.5 =  0.28182259443656305
Newton iteration: 8 Time elapsed =0:04:56.185266
<A u 8 , A u 8 >_{-1}^0.5 =  0.27905642950100856
Newton iteration: 9 Time elapsed =0:05:27.162028
<A u 9 , A u 9 >_{-1}^0.5 =  0.276319467489147
Newton iteration: 10 Time elapsed =0:05:59.183280
<A u 10 , A u 10 >_{-1}^0.5 =  0.2736017225098851
Newton iteration: 11 Time elapsed =0:06:31.015975
<A u 11 , A u 11 >_{-1}^0.5 =  0.27090581930180935
Newton iteration: 12 Time elapsed =0:07:06.090176
<A u 12 , A u 12 >_{-1}^0.5 =  0.2682485871556629
Newton iteration: 13 Time elapsed =0:07:40.330071
<A u 13 , A u 13 >_{-1}^0.5 =  0.26561732185940906
Newton iteration: 14 Time elapsed =0:08:14.240871
<A u 14 , A u 14 >_{-1}^0.5 =  0.26299467153971956
Newton iteration: 15 Time elapsed =0:08:48.563088
<A u 15 , A u 15 >_{-1}^0.5 =  0.2604195436464155
Newton iteration: 16 Time elapsed =0:09:23.569629
<A u 16 , A u 16 >_{-1}^0.5 =  0.25786880216840125
Newton iteration: 17 Time elapsed =0:09:56.309016
<A u 17 , A u 17 >_{-1}^0.5 =  0.25532811615420226
Newton iteration: 18 Time elapsed =0:10:28.499390
<A u 18 , A u 18 >_{-1}^0.5 =  0.25282722586174616
Newton iteration: 19 Time elapsed =0:11:02.870953
<A u 19 , A u 19 >_{-1}^0.5 =  0.25035539175225613
Newton iteration: 20 Time elapsed =0:11:35.874474
<A u 20 , A u 20 >_{-1}^0.5 =  0.24790695726575132
Newton iteration: 21 Time elapsed =0:12:08.400182
<A u 21 , A u 21 >_{-1}^0.5 =  0.24548520288472386
Newton iteration: 22 Time elapsed =0:12:41.955117
<A u 22 , A u 22 >_{-1}^0.5 =  0.2430821421366043
Newton iteration: 23 Time elapsed =0:13:15.953956
<A u 23 , A u 23 >_{-1}^0.5 =  0.24070859509246573
Newton iteration: 24 Time elapsed =0:13:46.025979
<A u 24 , A u 24 >_{-1}^0.5 =  0.23836400849425113
Newton iteration: 25 Time elapsed =0:14:17.982752
<A u 25 , A u 25 >_{-1}^0.5 =  0.23603208677326648
Newton iteration: 26 Time elapsed =0:14:51.149611
<A u 26 , A u 26 >_{-1}^0.5 =  0.23372459005859086
Newton iteration: 27 Time elapsed =0:15:25.487508
<A u 27 , A u 27 >_{-1}^0.5 =  0.231436040348311
Newton iteration: 28 Time elapsed =0:15:55.842515
<A u 28 , A u 28 >_{-1}^0.5 =  0.22917403612374757
Newton iteration: 29 Time elapsed =0:16:28.646738
<A u 29 , A u 29 >_{-1}^0.5 =  0.22693556796876882
Newton iteration: 30 Time elapsed =0:17:03.479901
<A u 30 , A u 30 >_{-1}^0.5 =  0.22471309688722707
Newton iteration: 31 Time elapsed =0:17:40.185020
<A u 31 , A u 31 >_{-1}^0.5 =  0.2225183563217958
Newton iteration: 32 Time elapsed =0:18:13.766058
<A u 32 , A u 32 >_{-1}^0.5 =  0.22034386518076426
Newton iteration: 33 Time elapsed =0:18:48.667799
<A u 33 , A u 33 >_{-1}^0.5 =  0.21819044163751525
Newton iteration: 34 Time elapsed =0:19:20.887525
<A u 34 , A u 34 >_{-1}^0.5 =  0.21605794262856076
Newton iteration: 35 Time elapsed =0:19:53.303991
<A u 35 , A u 35 >_{-1}^0.5 =  0.21394772137980872
Newton iteration: 36 Time elapsed =0:20:29.961017
<A u 36 , A u 36 >_{-1}^0.5 =  0.21185920082227438
Newton iteration: 37 Time elapsed =0:21:07.183015
<A u 37 , A u 37 >_{-1}^0.5 =  0.20978732354658847
Newton iteration: 38 Time elapsed =0:21:40.847096
<A u 38 , A u 38 >_{-1}^0.5 =  0.20773798028628215
Newton iteration: 39 Time elapsed =0:22:12.876221
<A u 39 , A u 39 >_{-1}^0.5 =  0.20571030633348442
Newton iteration: 40 Time elapsed =0:22:45.290034
<A u 40 , A u 40 >_{-1}^0.5 =  0.20370043446522465
Newton iteration: 41 Time elapsed =0:23:20.407358
<A u 41 , A u 41 >_{-1}^0.5 =  0.20171253872124242
Newton iteration: 42 Time elapsed =0:23:54.433993
<A u 42 , A u 42 >_{-1}^0.5 =  0.19974071879385832
Newton iteration: 43 Time elapsed =0:24:28.205558
<A u 43 , A u 43 >_{-1}^0.5 =  0.19779358574100508
Newton iteration: 44 Time elapsed =0:25:01.341759
<A u 44 , A u 44 >_{-1}^0.5 =  0.1958620999317231
Newton iteration: 45 Time elapsed =0:25:36.640879
<A u 45 , A u 45 >_{-1}^0.5 =  0.19394881780137155
Newton iteration: 46 Time elapsed =0:26:11.374031
<A u 46 , A u 46 >_{-1}^0.5 =  0.1920545468822614
Newton iteration: 47 Time elapsed =0:26:46.407809
<A u 47 , A u 47 >_{-1}^0.5 =  0.19017772262799787
Newton iteration: 48 Time elapsed =0:27:17.938264
<A u 48 , A u 48 >_{-1}^0.5 =  0.18832037320452108
Newton iteration: 49 Time elapsed =0:27:49.384374
<A u 49 , A u 49 >_{-1}^0.5 =  0.18647949743083173
Newton iteration: 50 Time elapsed =0:28:20.893758
<A u 50 , A u 50 >_{-1}^0.5 =  0.18465933008947794
Newton iteration: 51 Time elapsed =0:28:51.433995
<A u 51 , A u 51 >_{-1}^0.5 =  0.182855502244766
Newton iteration: 52 Time elapsed =0:29:25.234107
<A u 52 , A u 52 >_{-1}^0.5 =  0.1810682859210441
Newton iteration: 53 Time elapsed =0:29:56.291864
<A u 53 , A u 53 >_{-1}^0.5 =  0.17929917960147865
Newton iteration: 54 Time elapsed =0:30:28.941262
<A u 54 , A u 54 >_{-1}^0.5 =  0.17754663589237363
Newton iteration: 55 Time elapsed =0:31:01.773058
<A u 55 , A u 55 >_{-1}^0.5 =  0.17581240732222958
Newton iteration: 56 Time elapsed =0:31:36.424018
<A u 56 , A u 56 >_{-1}^0.5 =  0.1740913522730537
Newton iteration: 57 Time elapsed =0:32:10.280870
<A u 57 , A u 57 >_{-1}^0.5 =  0.1723892289503684
Newton iteration: 58 Time elapsed =0:32:42.464204
<A u 58 , A u 58 >_{-1}^0.5 =  0.1707052943775263
Newton iteration: 59 Time elapsed =0:33:14.071224
<A u 59 , A u 59 >_{-1}^0.5 =  0.16903469833262125
Newton iteration: 60 Time elapsed =0:33:48.628190
<A u 60 , A u 60 >_{-1}^0.5 =  0.1673787783778997
Newton iteration: 61 Time elapsed =0:34:22.439721
<A u 61 , A u 61 >_{-1}^0.5 =  0.16574064208154055
Newton iteration: 62 Time elapsed =0:34:57.114069
<A u 62 , A u 62 >_{-1}^0.5 =  0.16411949640494303
Newton iteration: 63 Time elapsed =0:35:30.264697
<A u 63 , A u 63 >_{-1}^0.5 =  0.16251363639519023
Newton iteration: 64 Time elapsed =0:36:01.767708
<A u 64 , A u 64 >_{-1}^0.5 =  0.16092368346423644
Newton iteration: 65 Time elapsed =0:36:37.815293
<A u 65 , A u 65 >_{-1}^0.5 =  0.15934736388792967
Newton iteration: 66 Time elapsed =0:37:12.250043
<A u 66 , A u 66 >_{-1}^0.5 =  0.15778694391541123
Newton iteration: 67 Time elapsed =0:37:48.297091
<A u 67 , A u 67 >_{-1}^0.5 =  0.15624430547888
Newton iteration: 68 Time elapsed =0:38:22.692063
<A u 68 , A u 68 >_{-1}^0.5 =  0.15471327823651726
Newton iteration: 69 Time elapsed =0:38:57.483990
<A u 69 , A u 69 >_{-1}^0.5 =  0.15319967285532632
Newton iteration: 70 Time elapsed =0:39:32.678534
<A u 70 , A u 70 >_{-1}^0.5 =  0.15169938771157965
Newton iteration: 71 Time elapsed =0:40:09.267244
<A u 71 , A u 71 >_{-1}^0.5 =  0.1502136467026707
Newton iteration: 72 Time elapsed =0:40:42.078735
<A u 72 , A u 72 >_{-1}^0.5 =  0.14874114816598744
Newton iteration: 73 Time elapsed =0:41:15.929067
<A u 73 , A u 73 >_{-1}^0.5 =  0.14728449177545516
Newton iteration: 74 Time elapsed =0:41:46.807035
<A u 74 , A u 74 >_{-1}^0.5 =  0.14584231318783455
Newton iteration: 75 Time elapsed =0:42:20.105253
<A u 75 , A u 75 >_{-1}^0.5 =  0.1444127721295752
Newton iteration: 76 Time elapsed =0:42:55.671307
<A u 76 , A u 76 >_{-1}^0.5 =  0.14299637415307953
Newton iteration: 77 Time elapsed =0:43:29.673955
<A u 77 , A u 77 >_{-1}^0.5 =  0.14159461054063457
Newton iteration: 78 Time elapsed =0:44:00.982459
<A u 78 , A u 78 >_{-1}^0.5 =  0.14020684234477268
Newton iteration: 79 Time elapsed =0:44:36.009957
<A u 79 , A u 79 >_{-1}^0.5 =  0.13883126308049631
Newton iteration: 80 Time elapsed =0:45:10.550335
<A u 80 , A u 80 >_{-1}^0.5 =  0.1374697970541254
Newton iteration: 81 Time elapsed =0:45:42.365769
<A u 81 , A u 81 >_{-1}^0.5 =  0.1361202336085817
Newton iteration: 82 Time elapsed =0:46:17.261434
<A u 82 , A u 82 >_{-1}^0.5 =  0.1347843032761336
Newton iteration: 83 Time elapsed =0:46:48.259404
<A u 83 , A u 83 >_{-1}^0.5 =  0.13346169135514663
Newton iteration: 84 Time elapsed =0:47:18.345104
<A u 84 , A u 84 >_{-1}^0.5 =  0.13215243725076048
Newton iteration: 85 Time elapsed =0:47:54.180206
<A u 85 , A u 85 >_{-1}^0.5 =  0.13085582395405532
Newton iteration: 86 Time elapsed =0:48:27.343180
<A u 86 , A u 86 >_{-1}^0.5 =  0.12957130635848027
Newton iteration: 87 Time elapsed =0:48:57.965098
<A u 87 , A u 87 >_{-1}^0.5 =  0.1282971690643512
Newton iteration: 88 Time elapsed =0:49:31.534874
<A u 88 , A u 88 >_{-1}^0.5 =  0.12703728596430447
Newton iteration: 89 Time elapsed =0:50:05.775012
<A u 89 , A u 89 >_{-1}^0.5 =  0.12578887513422776
Newton iteration: 90 Time elapsed =0:50:38.914127
<A u 90 , A u 90 >_{-1}^0.5 =  0.1245536546382501
Newton iteration: 91 Time elapsed =0:51:14.589871
<A u 91 , A u 91 >_{-1}^0.5 =  0.12333023810190011
Newton iteration: 92 Time elapsed =0:51:48.963560
<A u 92 , A u 92 >_{-1}^0.5 =  0.12211860137114999
Newton iteration: 93 Time elapsed =0:52:22.270261
<A u 93 , A u 93 >_{-1}^0.5 =  0.12091893820723866
Newton iteration: 94 Time elapsed =0:52:57.489658
<A u 94 , A u 94 >_{-1}^0.5 =  0.11973050301106712
Newton iteration: 95 Time elapsed =0:53:29.793071
<A u 95 , A u 95 >_{-1}^0.5 =  0.11855289314270698
Newton iteration: 96 Time elapsed =0:54:01.935759
<A u 96 , A u 96 >_{-1}^0.5 =  0.11738815995950003
Newton iteration: 97 Time elapsed =0:54:35.542719
<A u 97 , A u 97 >_{-1}^0.5 =  0.11623472705263699
Newton iteration: 98 Time elapsed =0:55:10.929291
<A u 98 , A u 98 >_{-1}^0.5 =  0.11508999186017266
Newton iteration: 99 Time elapsed =0:55:44.893625
<A u 99 , A u 99 >_{-1}^0.5 =  0.11395789065494638
Newton iteration: 100 Time elapsed =0:56:18.809259
<A u 100 , A u 100 >_{-1}^0.5 =  0.11283659789392342
Newton iteration: 101 Time elapsed =0:56:50.026948
<A u 101 , A u 101 >_{-1}^0.5 =  0.11172644016800756
Newton iteration: 102 Time elapsed =0:57:24.567948
<A u 102 , A u 102 >_{-1}^0.5 =  0.11062688271956224
Newton iteration: 103 Time elapsed =0:57:57.638657
<A u 103 , A u 103 >_{-1}^0.5 =  0.1095383389244309
Newton iteration: 104 Time elapsed =0:58:28.054260
<A u 104 , A u 104 >_{-1}^0.5 =  0.10846023538353185
Newton iteration: 105 Time elapsed =0:58:58.193872
<A u 105 , A u 105 >_{-1}^0.5 =  0.10739259092816633
Newton iteration: 106 Time elapsed =0:59:31.664094
<A u 106 , A u 106 >_{-1}^0.5 =  0.10633557416732037
Newton iteration: 107 Time elapsed =1:00:02.630091
<A u 107 , A u 107 >_{-1}^0.5 =  0.1052879666228002
Newton iteration: 108 Time elapsed =1:00:37.343470
<A u 108 , A u 108 >_{-1}^0.5 =  0.10425043244368001
Newton iteration: 109 Time elapsed =1:01:11.263992
<A u 109 , A u 109 >_{-1}^0.5 =  0.10322396315636573
Newton iteration: 110 Time elapsed =1:01:46.184094
<A u 110 , A u 110 >_{-1}^0.5 =  0.10220688199208812
Newton iteration: 111 Time elapsed =1:02:20.665971
<A u 111 , A u 111 >_{-1}^0.5 =  0.10120006602797185
Newton iteration: 112 Time elapsed =1:02:56.043196
<A u 112 , A u 112 >_{-1}^0.5 =  0.10020303709026053
Newton iteration: 113 Time elapsed =1:03:30.275304
<A u 113 , A u 113 >_{-1}^0.5 =  0.09921523102794595
Newton iteration: 114 Time elapsed =1:04:01.902053
<A u 114 , A u 114 >_{-1}^0.5 =  0.09823654420367027
Newton iteration: 115 Time elapsed =1:04:33.652983
<A u 115 , A u 115 >_{-1}^0.5 =  0.09726819928073589
Newton iteration: 116 Time elapsed =1:05:06.951459
<A u 116 , A u 116 >_{-1}^0.5 =  0.09630943953972887
Newton iteration: 117 Time elapsed =1:05:38.739948
<A u 117 , A u 117 >_{-1}^0.5 =  0.09536021581956258
Newton iteration: 118 Time elapsed =1:06:09.982598
<A u 118 , A u 118 >_{-1}^0.5 =  0.09442012409095106
Newton iteration: 119 Time elapsed =1:06:45.298986
<A u 119 , A u 119 >_{-1}^0.5 =  0.09348896060223072
Newton iteration: 120 Time elapsed =1:07:22.341532
<A u 120 , A u 120 >_{-1}^0.5 =  0.09256746921464482
Newton iteration: 121 Time elapsed =1:07:53.536046
<A u 121 , A u 121 >_{-1}^0.5 =  0.09165456790246086
Newton iteration: 122 Time elapsed =1:08:24.302333
<A u 122 , A u 122 >_{-1}^0.5 =  0.09074953215933558
Newton iteration: 123 Time elapsed =1:08:58.222568
<A u 123 , A u 123 >_{-1}^0.5 =  0.08985442787366109
Newton iteration: 124 Time elapsed =1:09:31.862380
<A u 124 , A u 124 >_{-1}^0.5 =  0.088967695500268
Newton iteration: 125 Time elapsed =1:10:05.424737
<A u 125 , A u 125 >_{-1}^0.5 =  0.08809016603326797
Newton iteration: 126 Time elapsed =1:10:41.586148
<A u 126 , A u 126 >_{-1}^0.5 =  0.08722096520959163
Newton iteration: 127 Time elapsed =1:11:16.212159
<A u 127 , A u 127 >_{-1}^0.5 =  0.0863593756912939
Newton iteration: 128 Time elapsed =1:11:48.578454
<A u 128 , A u 128 >_{-1}^0.5 =  0.0855070046360391
Newton iteration: 129 Time elapsed =1:12:21.533912
<A u 129 , A u 129 >_{-1}^0.5 =  0.08466187576362201
Newton iteration: 130 Time elapsed =1:12:56.823787
<A u 130 , A u 130 >_{-1}^0.5 =  0.08382595108362477
Newton iteration: 131 Time elapsed =1:13:33.160471
<A u 131 , A u 131 >_{-1}^0.5 =  0.08299761551756991
Newton iteration: 132 Time elapsed =1:14:05.131378
<A u 132 , A u 132 >_{-1}^0.5 =  0.08217802592336604
Newton iteration: 133 Time elapsed =1:14:38.233074
<A u 133 , A u 133 >_{-1}^0.5 =  0.08136649105562475
Newton iteration: 134 Time elapsed =1:15:11.441084
<A u 134 , A u 134 >_{-1}^0.5 =  0.08056266405135164
Newton iteration: 135 Time elapsed =1:15:42.457112
<A u 135 , A u 135 >_{-1}^0.5 =  0.07976670459569891
Newton iteration: 136 Time elapsed =1:16:15.878693
<A u 136 , A u 136 >_{-1}^0.5 =  0.0789784702195055
Newton iteration: 137 Time elapsed =1:16:48.158002
<A u 137 , A u 137 >_{-1}^0.5 =  0.07819817780976233
Newton iteration: 138 Time elapsed =1:17:21.705462
<A u 138 , A u 138 >_{-1}^0.5 =  0.07742569196503762
Newton iteration: 139 Time elapsed =1:17:53.352020
<A u 139 , A u 139 >_{-1}^0.5 =  0.07666049912616668
Newton iteration: 140 Time elapsed =1:18:29.386698
<A u 140 , A u 140 >_{-1}^0.5 =  0.07590267331719365
Newton iteration: 141 Time elapsed =1:19:03.591722
<A u 141 , A u 141 >_{-1}^0.5 =  0.07515221928620473
Newton iteration: 142 Time elapsed =1:19:38.821906
<A u 142 , A u 142 >_{-1}^0.5 =  0.07440922338173002
Newton iteration: 143 Time elapsed =1:20:12.034293
<A u 143 , A u 143 >_{-1}^0.5 =  0.0736733564149799
Newton iteration: 144 Time elapsed =1:20:44.363817
<A u 144 , A u 144 >_{-1}^0.5 =  0.07294456020198653
Newton iteration: 145 Time elapsed =1:21:18.397323
<A u 145 , A u 145 >_{-1}^0.5 =  0.07222331524449303
Newton iteration: 146 Time elapsed =1:21:49.207240
<A u 146 , A u 146 >_{-1}^0.5 =  0.07150906713442265
Newton iteration: 147 Time elapsed =1:22:23.581667
<A u 147 , A u 147 >_{-1}^0.5 =  0.07080127257756728
Newton iteration: 148 Time elapsed =1:22:59.188963
<A u 148 , A u 148 >_{-1}^0.5 =  0.07010064776750273
Newton iteration: 149 Time elapsed =1:23:31.436401
<A u 149 , A u 149 >_{-1}^0.5 =  0.06940712158741587
Newton iteration: 150 Time elapsed =1:24:06.076133
<A u 150 , A u 150 >_{-1}^0.5 =  0.06872030200901985
Newton iteration: 151 Time elapsed =1:24:40.956971
<A u 151 , A u 151 >_{-1}^0.5 =  0.06804035138110995
Newton iteration: 152 Time elapsed =1:25:13.941125
<A u 152 , A u 152 >_{-1}^0.5 =  0.06736706118616544
Newton iteration: 153 Time elapsed =1:25:48.363302
<A u 153 , A u 153 >_{-1}^0.5 =  0.06670026969204708
Newton iteration: 154 Time elapsed =1:26:23.817568
<A u 154 , A u 154 >_{-1}^0.5 =  0.06604005522774614
Newton iteration: 155 Time elapsed =1:26:59.898046
<A u 155 , A u 155 >_{-1}^0.5 =  0.06538619967748216
Newton iteration: 156 Time elapsed =1:27:34.242093
<A u 156 , A u 156 >_{-1}^0.5 =  0.06473841733679185
Newton iteration: 157 Time elapsed =1:28:07.642346
<A u 157 , A u 157 >_{-1}^0.5 =  0.06409725590271857
Newton iteration: 158 Time elapsed =1:28:42.419589
<A u 158 , A u 158 >_{-1}^0.5 =  0.06346247283390834
Newton iteration: 159 Time elapsed =1:29:17.203241
<A u 159 , A u 159 >_{-1}^0.5 =  0.06283395009312871
Newton iteration: 160 Time elapsed =1:29:48.897139
<A u 160 , A u 160 >_{-1}^0.5 =  0.062211705501371145
Newton iteration: 161 Time elapsed =1:30:18.984047
<A u 161 , A u 161 >_{-1}^0.5 =  0.06159515620058429
Newton iteration: 162 Time elapsed =1:30:52.724129
<A u 162 , A u 162 >_{-1}^0.5 =  0.06098488966382903
Newton iteration: 163 Time elapsed =1:31:25.794906
<A u 163 , A u 163 >_{-1}^0.5 =  0.06038060550163615
Newton iteration: 164 Time elapsed =1:31:59.664632
<A u 164 , A u 164 >_{-1}^0.5 =  0.05978244036107184
Newton iteration: 165 Time elapsed =1:32:31.973618
<A u 165 , A u 165 >_{-1}^0.5 =  0.059189844916718054
Newton iteration: 166 Time elapsed =1:33:05.473147
<A u 166 , A u 166 >_{-1}^0.5 =  0.05860323542473378
Newton iteration: 167 Time elapsed =1:33:40.231130
<A u 167 , A u 167 >_{-1}^0.5 =  0.05802253970911092
Newton iteration: 168 Time elapsed =1:34:14.755045
<A u 168 , A u 168 >_{-1}^0.5 =  0.057447565036736634
Newton iteration: 169 Time elapsed =1:34:49.625068
<A u 169 , A u 169 >_{-1}^0.5 =  0.05687820803238127
Newton iteration: 170 Time elapsed =1:35:22.106632
<A u 170 , A u 170 >_{-1}^0.5 =  0.056314312791451986
Newton iteration: 171 Time elapsed =1:35:59.016780
<A u 171 , A u 171 >_{-1}^0.5 =  0.05575594889577065
Newton iteration: 172 Time elapsed =1:36:36.005409
<A u 172 , A u 172 >_{-1}^0.5 =  0.055203217888506496
Newton iteration: 173 Time elapsed =1:37:08.176030
<A u 173 , A u 173 >_{-1}^0.5 =  0.05465591901059385
Newton iteration: 174 Time elapsed =1:37:42.286267
<A u 174 , A u 174 >_{-1}^0.5 =  0.05411396036914419
Newton iteration: 175 Time elapsed =1:38:15.109239
<A u 175 , A u 175 >_{-1}^0.5 =  0.05357737431246741
Newton iteration: 176 Time elapsed =1:38:50.317266
<A u 176 , A u 176 >_{-1}^0.5 =  0.05304594232160337
Newton iteration: 177 Time elapsed =1:39:20.407331
<A u 177 , A u 177 >_{-1}^0.5 =  0.052519822674552956
Newton iteration: 178 Time elapsed =1:39:53.297954
<A u 178 , A u 178 >_{-1}^0.5 =  0.05199891729043286
Newton iteration: 179 Time elapsed =1:40:28.309758
<A u 179 , A u 179 >_{-1}^0.5 =  0.051483139285186386
Newton iteration: 180 Time elapsed =1:41:03.085021
<A u 180 , A u 180 >_{-1}^0.5 =  0.05097239434310553
Newton iteration: 181 Time elapsed =1:41:36.450564
<A u 181 , A u 181 >_{-1}^0.5 =  0.050466457009189614
Newton iteration: 182 Time elapsed =1:42:09.591111
<A u 182 , A u 182 >_{-1}^0.5 =  0.04996549336216223
Newton iteration: 183 Time elapsed =1:42:40.931281
<A u 183 , A u 183 >_{-1}^0.5 =  0.04946969090558029
Newton iteration: 184 Time elapsed =1:43:14.610268
<A u 184 , A u 184 >_{-1}^0.5 =  0.04897881407202448
Newton iteration: 185 Time elapsed =1:43:49.619077
<A u 185 , A u 185 >_{-1}^0.5 =  0.04849267698415006
Newton iteration: 186 Time elapsed =1:44:25.387031
<A u 186 , A u 186 >_{-1}^0.5 =  0.048011423562654414
Newton iteration: 187 Time elapsed =1:45:00.390144
<A u 187 , A u 187 >_{-1}^0.5 =  0.04753491126143375
Newton iteration: 188 Time elapsed =1:45:31.737211
<A u 188 , A u 188 >_{-1}^0.5 =  0.047063094037796314
Newton iteration: 189 Time elapsed =1:46:05.946078
<A u 189 , A u 189 >_{-1}^0.5 =  0.04659592628391689
Newton iteration: 190 Time elapsed =1:46:38.910413
<A u 190 , A u 190 >_{-1}^0.5 =  0.04613336282293889
Newton iteration: 191 Time elapsed =1:47:10.597337
<A u 191 , A u 191 >_{-1}^0.5 =  0.04567535890511527
Newton iteration: 192 Time elapsed =1:47:44.559115
<A u 192 , A u 192 >_{-1}^0.5 =  0.04522187020397617
Newton iteration: 193 Time elapsed =1:48:18.466240
<A u 193 , A u 193 >_{-1}^0.5 =  0.04477279680227348
Newton iteration: 194 Time elapsed =1:48:51.246136
<A u 194 , A u 194 >_{-1}^0.5 =  0.04432832640375382
Newton iteration: 195 Time elapsed =1:49:21.417037
<A u 195 , A u 195 >_{-1}^0.5 =  0.043888121026375175
Newton iteration: 196 Time elapsed =1:49:56.122093
<A u 196 , A u 196 >_{-1}^0.5 =  0.04345233384511995
Newton iteration: 197 Time elapsed =1:50:30.224201
<A u 197 , A u 197 >_{-1}^0.5 =  0.04302044465025022
Newton iteration: 198 Time elapsed =1:51:03.307019
<A u 198 , A u 198 >_{-1}^0.5 =  0.04259314178475382
Newton iteration: 199 Time elapsed =1:51:36.982468
<A u 199 , A u 199 >_{-1}^0.5 =  0.0421699478278932
Newton iteration: 200 Time elapsed =1:52:09.861287
<A u 200 , A u 200 >_{-1}^0.5 =  0.041751011576522834
Newton iteration: 201 Time elapsed =1:52:43.374269
<A u 201 , A u 201 >_{-1}^0.5 =  0.04133602782948302
Newton iteration: 202 Time elapsed =1:53:15.584063
<A u 202 , A u 202 >_{-1}^0.5 =  0.040925349982085545
Newton iteration: 203 Time elapsed =1:53:49.428828
<A u 203 , A u 203 >_{-1}^0.5 =  0.040518726548439986
Newton iteration: 204 Time elapsed =1:54:23.521113
<A u 204 , A u 204 >_{-1}^0.5 =  0.04011611799501829
Newton iteration: 205 Time elapsed =1:54:53.489100
<A u 205 , A u 205 >_{-1}^0.5 =  0.03971740391337652
Newton iteration: 206 Time elapsed =1:55:25.905402
<A u 206 , A u 206 >_{-1}^0.5 =  0.03932263407648526
Newton iteration: 207 Time elapsed =1:55:59.424285
<A u 207 , A u 207 >_{-1}^0.5 =  0.03893189352939585
Newton iteration: 208 Time elapsed =1:56:33.685040
<A u 208 , A u 208 >_{-1}^0.5 =  0.03854495795217598
Newton iteration: 209 Time elapsed =1:57:06.409186
<A u 209 , A u 209 >_{-1}^0.5 =  0.038161845142443994
Newton iteration: 210 Time elapsed =1:57:37.874226
<A u 210 , A u 210 >_{-1}^0.5 =  0.03778237120065083
Newton iteration: 211 Time elapsed =1:58:11.247580
<A u 211 , A u 211 >_{-1}^0.5 =  0.03740685280664273
Newton iteration: 212 Time elapsed =1:58:43.767044
<A u 212 , A u 212 >_{-1}^0.5 =  0.03703497020996386
Newton iteration: 213 Time elapsed =1:59:19.059207
<A u 213 , A u 213 >_{-1}^0.5 =  0.036666780153114524
Newton iteration: 214 Time elapsed =1:59:51.850110
<A u 214 , A u 214 >_{-1}^0.5 =  0.03630211446120352
Newton iteration: 215 Time elapsed =2:00:25.486425
<A u 215 , A u 215 >_{-1}^0.5 =  0.0359411693291807
Newton iteration: 216 Time elapsed =2:01:03.520196
<A u 216 , A u 216 >_{-1}^0.5 =  0.03558378528882245
Newton iteration: 217 Time elapsed =2:01:37.743830
<A u 217 , A u 217 >_{-1}^0.5 =  0.03522983765565396
Newton iteration: 218 Time elapsed =2:02:10.488449
<A u 218 , A u 218 >_{-1}^0.5 =  0.0348794066862315
Newton iteration: 219 Time elapsed =2:02:42.938088
<A u 219 , A u 219 >_{-1}^0.5 =  0.03453262544028782
Newton iteration: 220 Time elapsed =2:03:14.506792
<A u 220 , A u 220 >_{-1}^0.5 =  0.034189180087311026
Newton iteration: 221 Time elapsed =2:03:48.138038
<A u 221 , A u 221 >_{-1}^0.5 =  0.03384913010346418
Newton iteration: 222 Time elapsed =2:04:20.184697
<A u 222 , A u 222 >_{-1}^0.5 =  0.0335122613354854
Newton iteration: 223 Time elapsed =2:04:50.704605
<A u 223 , A u 223 >_{-1}^0.5 =  0.033178911394539844
Newton iteration: 224 Time elapsed =2:05:24.419555
<A u 224 , A u 224 >_{-1}^0.5 =  0.032848860201214136
Newton iteration: 225 Time elapsed =2:05:58.258005
<A u 225 , A u 225 >_{-1}^0.5 =  0.03252207544349682
Newton iteration: 226 Time elapsed =2:06:30.744251
<A u 226 , A u 226 >_{-1}^0.5 =  0.03219852511955511
Newton iteration: 227 Time elapsed =2:07:04.706093
<A u 227 , A u 227 >_{-1}^0.5 =  0.031878177534873035
Newton iteration: 228 Time elapsed =2:07:39.572239
<A u 228 , A u 228 >_{-1}^0.5 =  0.03156100129941789
Newton iteration: 229 Time elapsed =2:08:11.469099
<A u 229 , A u 229 >_{-1}^0.5 =  0.031246965324827618
Newton iteration: 230 Time elapsed =2:08:46.254277
<A u 230 , A u 230 >_{-1}^0.5 =  0.03093603882162324
Newton iteration: 231 Time elapsed =2:09:20.179126
<A u 231 , A u 231 >_{-1}^0.5 =  0.030628191296444444
Newton iteration: 232 Time elapsed =2:09:56.992957
<A u 232 , A u 232 >_{-1}^0.5 =  0.03032327477156307
Newton iteration: 233 Time elapsed =2:10:29.350585
<A u 233 , A u 233 >_{-1}^0.5 =  0.03002149630841029
Newton iteration: 234 Time elapsed =2:11:03.449097
<A u 234 , A u 234 >_{-1}^0.5 =  0.029722622744515096
Newton iteration: 235 Time elapsed =2:11:37.464980
<A u 235 , A u 235 >_{-1}^0.5 =  0.029426794298183942
Newton iteration: 236 Time elapsed =2:12:11.501077
<A u 236 , A u 236 >_{-1}^0.5 =  0.029133896681150715
Newton iteration: 237 Time elapsed =2:12:43.234010
<A u 237 , A u 237 >_{-1}^0.5 =  0.028843901120453687
Newton iteration: 238 Time elapsed =2:13:15.129022
<A u 238 , A u 238 >_{-1}^0.5 =  0.028556775769683396
Newton iteration: 239 Time elapsed =2:13:53.270059
<A u 239 , A u 239 >_{-1}^0.5 =  0.028272499136717442
Newton iteration: 240 Time elapsed =2:14:26.080261
<A u 240 , A u 240 >_{-1}^0.5 =  0.027991039895281556
Newton iteration: 241 Time elapsed =2:15:01.484094
<A u 241 , A u 241 >_{-1}^0.5 =  0.027712370366691625
Newton iteration: 242 Time elapsed =2:15:36.350678
<A u 242 , A u 242 >_{-1}^0.5 =  0.02743639009232061
Newton iteration: 243 Time elapsed =2:16:11.199258
<A u 243 , A u 243 >_{-1}^0.5 =  0.02716321887607045
Newton iteration: 244 Time elapsed =2:16:46.699127
<A u 244 , A u 244 >_{-1}^0.5 =  0.026892755918844498
Newton iteration: 245 Time elapsed =2:17:21.582106
<A u 245 , A u 245 >_{-1}^0.5 =  0.026624974596191262
Newton iteration: 246 Time elapsed =2:17:55.067411
<A u 246 , A u 246 >_{-1}^0.5 =  0.026359848541051716
Newton iteration: 247 Time elapsed =2:18:27.262044
<A u 247 , A u 247 >_{-1}^0.5 =  0.026097351641351515
Newton iteration: 248 Time elapsed =2:19:04.893301
<A u 248 , A u 248 >_{-1}^0.5 =  0.025837458037617375
Newton iteration: 249 Time elapsed =2:19:37.868932
<A u 249 , A u 249 >_{-1}^0.5 =  0.025580142120612156
Newton iteration: 250 Time elapsed =2:20:09.435795
<A u 250 , A u 250 >_{-1}^0.5 =  0.025325343957397394
Newton iteration: 251 Time elapsed =2:20:41.236785
<A u 251 , A u 251 >_{-1}^0.5 =  0.025073014171372178
Newton iteration: 252 Time elapsed =2:21:15.134002
<A u 252 , A u 252 >_{-1}^0.5 =  0.024823281597648166
Newton iteration: 253 Time elapsed =2:21:48.995008
<A u 253 , A u 253 >_{-1}^0.5 =  0.024576026710767952
Newton iteration: 254 Time elapsed =2:22:24.954492
<A u 254 , A u 254 >_{-1}^0.5 =  0.024331225118207307
Newton iteration: 255 Time elapsed =2:22:56.284423
<A u 255 , A u 255 >_{-1}^0.5 =  0.024088852663915004
Newton iteration: 256 Time elapsed =2:23:29.301237
<A u 256 , A u 256 >_{-1}^0.5 =  0.02384888542609398
Newton iteration: 257 Time elapsed =2:24:05.308118
<A u 257 , A u 257 >_{-1}^0.5 =  0.02361129971499603
Newton iteration: 258 Time elapsed =2:24:38.331980
<A u 258 , A u 258 >_{-1}^0.5 =  0.02337607207073902
Newton iteration: 259 Time elapsed =2:25:12.420112
<A u 259 , A u 259 >_{-1}^0.5 =  0.023143164650720752
Newton iteration: 260 Time elapsed =2:25:42.589024
<A u 260 , A u 260 >_{-1}^0.5 =  0.022912583818936193
Newton iteration: 261 Time elapsed =2:26:16.735759
<A u 261 , A u 261 >_{-1}^0.5 =  0.022684292030427485
Newton iteration: 262 Time elapsed =2:26:51.107138
<A u 262 , A u 262 >_{-1}^0.5 =  0.02245826672334107
Newton iteration: 263 Time elapsed =2:27:24.535619
<A u 263 , A u 263 >_{-1}^0.5 =  0.022234485555057863
Newton iteration: 264 Time elapsed =2:27:56.793399
<A u 264 , A u 264 >_{-1}^0.5 =  0.022012926400121653
Newton iteration: 265 Time elapsed =2:28:29.475326
<A u 265 , A u 265 >_{-1}^0.5 =  0.021793552897575584
Newton iteration: 266 Time elapsed =2:29:04.113588
<A u 266 , A u 266 >_{-1}^0.5 =  0.021576372420396905
Newton iteration: 267 Time elapsed =2:29:38.988591
<A u 267 , A u 267 >_{-1}^0.5 =  0.021361334240086714
Newton iteration: 268 Time elapsed =2:30:12.573087
<A u 268 , A u 268 >_{-1}^0.5 =  0.02114844649077723
Newton iteration: 269 Time elapsed =2:30:48.521382
<A u 269 , A u 269 >_{-1}^0.5 =  0.0209376300542648
Newton iteration: 270 Time elapsed =2:31:23.358592
<A u 270 , A u 270 >_{-1}^0.5 =  0.020728951062382206
Newton iteration: 271 Time elapsed =2:31:56.253207
<A u 271 , A u 271 >_{-1}^0.5 =  0.020522345106002676
Newton iteration: 272 Time elapsed =2:32:29.622044
<A u 272 , A u 272 >_{-1}^0.5 =  0.02031779172478743
Newton iteration: 273 Time elapsed =2:33:04.102095
<A u 273 , A u 273 >_{-1}^0.5 =  0.02011527065774036
Newton iteration: 274 Time elapsed =2:33:37.019075
<A u 274 , A u 274 >_{-1}^0.5 =  0.019914761841315923
Newton iteration: 275 Time elapsed =2:34:09.855919
<A u 275 , A u 275 >_{-1}^0.5 =  0.019716245407544138
Newton iteration: 276 Time elapsed =2:34:43.091371
<A u 276 , A u 276 >_{-1}^0.5 =  0.019519701682172156
Newton iteration: 277 Time elapsed =2:35:17.715886
<A u 277 , A u 277 >_{-1}^0.5 =  0.019325111182822204
Newton iteration: 278 Time elapsed =2:35:50.772071
<A u 278 , A u 278 >_{-1}^0.5 =  0.01913245461716758
Newton iteration: 279 Time elapsed =2:36:23.126469
<A u 279 , A u 279 >_{-1}^0.5 =  0.018941712881123743
Newton iteration: 280 Time elapsed =2:36:58.260240
<A u 280 , A u 280 >_{-1}^0.5 =  0.018752867057055107
Newton iteration: 281 Time elapsed =2:37:33.048021
<A u 281 , A u 281 >_{-1}^0.5 =  0.01856589841200106
Newton iteration: 282 Time elapsed =2:38:06.945034
<A u 282 , A u 282 >_{-1}^0.5 =  0.018380788395915264
Newton iteration: 283 Time elapsed =2:38:41.093330
<A u 283 , A u 283 >_{-1}^0.5 =  0.018197518639921032
Newton iteration: 284 Time elapsed =2:39:12.527412
<A u 284 , A u 284 >_{-1}^0.5 =  0.018016070954584063
Newton iteration: 285 Time elapsed =2:39:44.427826
<A u 285 , A u 285 >_{-1}^0.5 =  0.017836427328200177
Newton iteration: 286 Time elapsed =2:40:17.369830
<A u 286 , A u 286 >_{-1}^0.5 =  0.017658569925098372
Newton iteration: 287 Time elapsed =2:40:51.917084
<A u 287 , A u 287 >_{-1}^0.5 =  0.01748248108395856
Newton iteration: 288 Time elapsed =2:41:25.627893
<A u 288 , A u 288 >_{-1}^0.5 =  0.01730814331614723
Newton iteration: 289 Time elapsed =2:41:59.066051
<A u 289 , A u 289 >_{-1}^0.5 =  0.017135539304065125
Newton iteration: 290 Time elapsed =2:42:29.988655
<A u 290 , A u 290 >_{-1}^0.5 =  0.016964651899512392
Newton iteration: 291 Time elapsed =2:43:04.159919
<A u 291 , A u 291 >_{-1}^0.5 =  0.0167954641220666
Newton iteration: 292 Time elapsed =2:43:37.057986
<A u 292 , A u 292 >_{-1}^0.5 =  0.01662795915747834
Newton iteration: 293 Time elapsed =2:44:12.050971
<A u 293 , A u 293 >_{-1}^0.5 =  0.016462120356078244
Newton iteration: 294 Time elapsed =2:44:45.195454
<A u 294 , A u 294 >_{-1}^0.5 =  0.01629793123120098
Newton iteration: 295 Time elapsed =2:45:15.464061
<A u 295 , A u 295 >_{-1}^0.5 =  0.01613537545762344
Newton iteration: 296 Time elapsed =2:45:48.826508
<A u 296 , A u 296 >_{-1}^0.5 =  0.01597443687001558
Newton iteration: 297 Time elapsed =2:46:24.240887
<A u 297 , A u 297 >_{-1}^0.5 =  0.015815099461407217
Newton iteration: 298 Time elapsed =2:46:55.592409
<A u 298 , A u 298 >_{-1}^0.5 =  0.015657347381668765
Newton iteration: 299 Time elapsed =2:47:27.559139
<A u 299 , A u 299 >_{-1}^0.5 =  0.015501164936004832
Newton iteration: 300 Time elapsed =2:48:01.000848
<A u 300 , A u 300 >_{-1}^0.5 =  0.01534652899341144
Newton iteration: 301 Time elapsed =2:48:34.024905
<A u 301 , A u 301 >_{-1}^0.5 =  0.015193439436406404
Newton iteration: 302 Time elapsed =2:49:06.486389
<A u 302 , A u 302 >_{-1}^0.5 =  0.015041873345019536
Newton iteration: 303 Time elapsed =2:49:38.739365
<A u 303 , A u 303 >_{-1}^0.5 =  0.014891815631030066
Newton iteration: 304 Time elapsed =2:50:11.287223
<A u 304 , A u 304 >_{-1}^0.5 =  0.014743223727631436
Newton iteration: 305 Time elapsed =2:50:43.826280
<A u 305 , A u 305 >_{-1}^0.5 =  0.01459613839419168
Newton iteration: 306 Time elapsed =2:51:19.107984
<A u 306 , A u 306 >_{-1}^0.5 =  0.014450517052391058
Newton iteration: 307 Time elapsed =2:51:55.688138
<A u 307 , A u 307 >_{-1}^0.5 =  0.014306345197605288
Newton iteration: 308 Time elapsed =2:52:28.836062
<A u 308 , A u 308 >_{-1}^0.5 =  0.014163590618352534
Newton iteration: 309 Time elapsed =2:53:02.311261
<A u 309 , A u 309 >_{-1}^0.5 =  0.014022274991041955
Newton iteration: 310 Time elapsed =2:53:35.320363
<A u 310 , A u 310 >_{-1}^0.5 =  0.013882366183332913
Newton iteration: 311 Time elapsed =2:54:07.342084
<A u 311 , A u 311 >_{-1}^0.5 =  0.013743850252018984
Newton iteration: 312 Time elapsed =2:54:40.594241
<A u 312 , A u 312 >_{-1}^0.5 =  0.01360671339087277
Newton iteration: 313 Time elapsed =2:55:14.635656
<A u 313 , A u 313 >_{-1}^0.5 =  0.01347094192932288
Newton iteration: 314 Time elapsed =2:55:45.849394
<A u 314 , A u 314 >_{-1}^0.5 =  0.013336541435927983
Newton iteration: 315 Time elapsed =2:56:18.419077
<A u 315 , A u 315 >_{-1}^0.5 =  0.01320346008742861
Newton iteration: 316 Time elapsed =2:56:54.176572
<A u 316 , A u 316 >_{-1}^0.5 =  0.013071703930219463
Newton iteration: 317 Time elapsed =2:57:28.213894
<A u 317 , A u 317 >_{-1}^0.5 =  0.012941259823345243
Newton iteration: 318 Time elapsed =2:58:01.173820
<A u 318 , A u 318 >_{-1}^0.5 =  0.012812114755081237
Newton iteration: 319 Time elapsed =2:58:34.451126
<A u 319 , A u 319 >_{-1}^0.5 =  0.01268425584168086
Newton iteration: 320 Time elapsed =2:59:05.280129
<A u 320 , A u 320 >_{-1}^0.5 =  0.012557670326140403
Newton iteration: 321 Time elapsed =2:59:40.772939
<A u 321 , A u 321 >_{-1}^0.5 =  0.012432345576970441
Newton iteration: 322 Time elapsed =3:00:14.005874
<A u 322 , A u 322 >_{-1}^0.5 =  0.012308269086981419
Newton iteration: 323 Time elapsed =3:00:47.611238
<A u 323 , A u 323 >_{-1}^0.5 =  0.012185428472080763
Newton iteration: 324 Time elapsed =3:01:20.091023
<A u 324 , A u 324 >_{-1}^0.5 =  0.012063811470079785
Newton iteration: 325 Time elapsed =3:01:52.164133
<A u 325 , A u 325 >_{-1}^0.5 =  0.011943404821135746
Newton iteration: 326 Time elapsed =3:02:28.147012
<A u 326 , A u 326 >_{-1}^0.5 =  0.011824198749626804
Newton iteration: 327 Time elapsed =3:03:02.266092
<A u 327 , A u 327 >_{-1}^0.5 =  0.01170618022405556
Newton iteration: 328 Time elapsed =3:03:34.791981
<A u 328 , A u 328 >_{-1}^0.5 =  0.011589337458146396
Newton iteration: 329 Time elapsed =3:04:05.831638
<A u 329 , A u 329 >_{-1}^0.5 =  0.011473658781733372
Newton iteration: 330 Time elapsed =3:04:42.820332
<A u 330 , A u 330 >_{-1}^0.5 =  0.011359132639630282
Newton iteration: 331 Time elapsed =3:05:13.532017
<A u 331 , A u 331 >_{-1}^0.5 =  0.011245747590516445
Newton iteration: 332 Time elapsed =3:05:46.540641
<A u 332 , A u 332 >_{-1}^0.5 =  0.011133492305830125
Newton iteration: 333 Time elapsed =3:06:22.336012
<A u 333 , A u 333 >_{-1}^0.5 =  0.011022355568674091
Newton iteration: 334 Time elapsed =3:06:52.810653
<A u 334 , A u 334 >_{-1}^0.5 =  0.010912326272729879
Newton iteration: 335 Time elapsed =3:07:24.473117
<A u 335 , A u 335 >_{-1}^0.5 =  0.010803401584559783
Newton iteration: 336 Time elapsed =3:07:59.688974
<A u 336 , A u 336 >_{-1}^0.5 =  0.01069555420542182
Newton iteration: 337 Time elapsed =3:08:35.009525
<A u 337 , A u 337 >_{-1}^0.5 =  0.010588781602196238
Newton iteration: 338 Time elapsed =3:09:09.924867
<A u 338 , A u 338 >_{-1}^0.5 =  0.010483073100225646
Newton iteration: 339 Time elapsed =3:09:43.344114
<A u 339 , A u 339 >_{-1}^0.5 =  0.010378418130159953
Newton iteration: 340 Time elapsed =3:10:17.812237
<A u 340 , A u 340 >_{-1}^0.5 =  0.010274806226929684
Newton iteration: 341 Time elapsed =3:10:51.831949
<A u 341 , A u 341 >_{-1}^0.5 =  0.010172227028733041
Newton iteration: 342 Time elapsed =3:11:24.451219
<A u 342 , A u 342 >_{-1}^0.5 =  0.010070661079219083
Newton iteration: 343 Time elapsed =3:11:57.380019
<A u 343 , A u 343 >_{-1}^0.5 =  0.009970116713167682
Newton iteration: 344 Time elapsed =3:12:30.639663
<A u 344 , A u 344 >_{-1}^0.5 =  0.009870574575185675
Newton iteration: 345 Time elapsed =3:13:06.784142
<A u 345 , A u 345 >_{-1}^0.5 =  0.00977202470659132
Newton iteration: 346 Time elapsed =3:13:42.407158
<A u 346 , A u 346 >_{-1}^0.5 =  0.009674457247034503
Newton iteration: 347 Time elapsed =3:14:16.911611
<A u 347 , A u 347 >_{-1}^0.5 =  0.009577862433540337
Newton iteration: 348 Time elapsed =3:14:51.920381
<A u 348 , A u 348 >_{-1}^0.5 =  0.009482230599557688
Newton iteration: 349 Time elapsed =3:15:25.107722
<A u 349 , A u 349 >_{-1}^0.5 =  0.009387552174020689
Newton iteration: 350 Time elapsed =3:15:56.352037
<A u 350 , A u 350 >_{-1}^0.5 =  0.009293811779768228
Newton iteration: 351 Time elapsed =3:16:28.780023
<A u 351 , A u 351 >_{-1}^0.5 =  0.009201011900387204
Newton iteration: 352 Time elapsed =3:16:59.348977
<A u 352 , A u 352 >_{-1}^0.5 =  0.009109137279105372
Newton iteration: 353 Time elapsed =3:17:31.400992
<A u 353 , A u 353 >_{-1}^0.5 =  0.009018178717574914
Newton iteration: 354 Time elapsed =3:18:06.376793
<A u 354 , A u 354 >_{-1}^0.5 =  0.008928115176877065
Newton iteration: 355 Time elapsed =3:18:42.713180
<A u 355 , A u 355 >_{-1}^0.5 =  0.008838961630177838
Newton iteration: 356 Time elapsed =3:19:15.614341
<A u 356 , A u 356 >_{-1}^0.5 =  0.008750697088677083
Newton iteration: 357 Time elapsed =3:19:48.895650
<A u 357 , A u 357 >_{-1}^0.5 =  0.008663299206197005
Newton iteration: 358 Time elapsed =3:20:21.540016
<A u 358 , A u 358 >_{-1}^0.5 =  0.008576786384937286
Newton iteration: 359 Time elapsed =3:20:55.007238
<A u 359 , A u 359 >_{-1}^0.5 =  0.008491136308770271
Newton iteration: 360 Time elapsed =3:21:29.130024
<A u 360 , A u 360 >_{-1}^0.5 =  0.008406340397421186
Newton iteration: 361 Time elapsed =3:22:03.349325
<A u 361 , A u 361 >_{-1}^0.5 =  0.008322390155486836
Newton iteration: 362 Time elapsed =3:22:36.120597
<A u 362 , A u 362 >_{-1}^0.5 =  0.00823927717160442
Newton iteration: 363 Time elapsed =3:23:09.746007
<A u 363 , A u 363 >_{-1}^0.5 =  0.008156993117630754
Newton iteration: 364 Time elapsed =3:23:42.239478
<A u 364 , A u 364 >_{-1}^0.5 =  0.008075529747825543
Newton iteration: 365 Time elapsed =3:24:14.488332
<A u 365 , A u 365 >_{-1}^0.5 =  0.00799487889804639
Newton iteration: 366 Time elapsed =3:24:48.125006
<A u 366 , A u 366 >_{-1}^0.5 =  0.007915032484948435
Newton iteration: 367 Time elapsed =3:25:19.396921
<A u 367 , A u 367 >_{-1}^0.5 =  0.007835982505193835
Newton iteration: 368 Time elapsed =3:25:53.850785
<A u 368 , A u 368 >_{-1}^0.5 =  0.007757721034667779
Newton iteration: 369 Time elapsed =3:26:28.899469
<A u 369 , A u 369 >_{-1}^0.5 =  0.007680240227701614
Newton iteration: 370 Time elapsed =3:26:59.526206
<A u 370 , A u 370 >_{-1}^0.5 =  0.007603532316305064
Newton iteration: 371 Time elapsed =3:27:34.265548
<A u 371 , A u 371 >_{-1}^0.5 =  0.007527589609403603
Newton iteration: 372 Time elapsed =3:28:08.589807
<A u 372 , A u 372 >_{-1}^0.5 =  0.007452404492085283
Newton iteration: 373 Time elapsed =3:28:42.603175
<A u 373 , A u 373 >_{-1}^0.5 =  0.007377969424853583
Newton iteration: 374 Time elapsed =3:29:13.780252
<A u 374 , A u 374 >_{-1}^0.5 =  0.007304276942887452
Newton iteration: 375 Time elapsed =3:29:46.432891
<A u 375 , A u 375 >_{-1}^0.5 =  0.007231319655308401
Newton iteration: 376 Time elapsed =3:30:20.853195
<A u 376 , A u 376 >_{-1}^0.5 =  0.007159090244456454
Newton iteration: 377 Time elapsed =3:30:52.688977
<A u 377 , A u 377 >_{-1}^0.5 =  0.007087581465169918
Newton iteration: 378 Time elapsed =3:31:25.987411
<A u 378 , A u 378 >_{-1}^0.5 =  0.0070167827268969715
Newton iteration: 379 Time elapsed =3:31:58.278407
<A u 379 , A u 379 >_{-1}^0.5 =  0.006946693796561231
Newton iteration: 380 Time elapsed =3:32:32.055865
<A u 380 , A u 380 >_{-1}^0.5 =  0.006877286711932141
Newton iteration: 381 Time elapsed =3:33:05.226075
<A u 381 , A u 381 >_{-1}^0.5 =  0.006808589644010405
Newton iteration: 382 Time elapsed =3:33:36.880864
<A u 382 , A u 382 >_{-1}^0.5 =  0.0067405780424813115
Newton iteration: 383 Time elapsed =3:34:09.311811
<A u 383 , A u 383 >_{-1}^0.5 =  0.006673245082493187
Newton iteration: 384 Time elapsed =3:34:45.120261
<A u 384 , A u 384 >_{-1}^0.5 =  0.0066065840068536925
Newton iteration: 385 Time elapsed =3:35:20.034170
<A u 385 , A u 385 >_{-1}^0.5 =  0.006540588125363615
Newton iteration: 386 Time elapsed =3:35:52.734880
<A u 386 , A u 386 >_{-1}^0.5 =  0.006475250814159877
Newton iteration: 387 Time elapsed =3:36:25.346900
<A u 387 , A u 387 >_{-1}^0.5 =  0.006410565515062238
Newton iteration: 388 Time elapsed =3:36:57.762973
<A u 388 , A u 388 >_{-1}^0.5 =  0.006346525734928082
Newton iteration: 389 Time elapsed =3:37:29.268954
<A u 389 , A u 389 >_{-1}^0.5 =  0.006283125045012132
Newton iteration: 390 Time elapsed =3:38:05.361582
<A u 390 , A u 390 >_{-1}^0.5 =  0.0062203570803336
Newton iteration: 391 Time elapsed =3:38:37.203054
<A u 391 , A u 391 >_{-1}^0.5 =  0.00615821553904913
Newton iteration: 392 Time elapsed =3:39:12.536021
<A u 392 , A u 392 >_{-1}^0.5 =  0.006096694181830081
Newton iteration: 393 Time elapsed =3:39:29.972430
<A u 393 , A u 393 >_{-1}^0.5 =  0.006035786831249211
Newton iteration: 394 Time elapsed =3:39:47.423452
<A u 394 , A u 394 >_{-1}^0.5 =  0.005975487371169998
Newton iteration: 395 Time elapsed =3:40:04.514479
<A u 395 , A u 395 >_{-1}^0.5 =  0.0059157897461434
Newton iteration: 396 Time elapsed =3:40:21.774296
<A u 396 , A u 396 >_{-1}^0.5 =  0.005856687960811411
Newton iteration: 397 Time elapsed =3:40:39.063378
<A u 397 , A u 397 >_{-1}^0.5 =  0.005798175843612269
Newton iteration: 398 Time elapsed =3:40:56.250501
<A u 398 , A u 398 >_{-1}^0.5 =  0.005740247991490928
Newton iteration: 399 Time elapsed =3:41:13.507243
<A u 399 , A u 399 >_{-1}^0.5 =  0.005682898347613879
Newton iteration: 400 Time elapsed =3:41:30.842702
<A u 400 , A u 400 >_{-1}^0.5 =  0.005626121151124105
Newton iteration: 401 Time elapsed =3:41:48.060304
<A u 401 , A u 401 >_{-1}^0.5 =  0.005569910698352246
Newton iteration: 402 Time elapsed =3:42:05.185634
<A u 402 , A u 402 >_{-1}^0.5 =  0.005514261342254418
Newton iteration: 403 Time elapsed =3:42:22.422924
<A u 403 , A u 403 >_{-1}^0.5 =  0.005459167491852916
Newton iteration: 404 Time elapsed =3:42:39.706224
<A u 404 , A u 404 >_{-1}^0.5 =  0.005404623611684596
Newton iteration: 405 Time elapsed =3:42:56.951111
<A u 405 , A u 405 >_{-1}^0.5 =  0.005350624221252445
Newton iteration: 406 Time elapsed =3:43:14.121385
<A u 406 , A u 406 >_{-1}^0.5 =  0.005297163486149236
Newton iteration: 407 Time elapsed =3:43:31.362333
<A u 407 , A u 407 >_{-1}^0.5 =  0.005244236855137146
Newton iteration: 408 Time elapsed =3:43:48.538684
<A u 408 , A u 408 >_{-1}^0.5 =  0.005191838596730622
Newton iteration: 409 Time elapsed =3:44:05.608782
<A u 409 , A u 409 >_{-1}^0.5 =  0.005139963444932255
Newton iteration: 410 Time elapsed =3:44:22.751562
<A u 410 , A u 410 >_{-1}^0.5 =  0.005088606186053607
Newton iteration: 411 Time elapsed =3:44:40.046537
<A u 411 , A u 411 >_{-1}^0.5 =  0.00503776165819896
Newton iteration: 412 Time elapsed =3:44:57.234248
<A u 412 , A u 412 >_{-1}^0.5 =  0.004987424750754503
Newton iteration: 413 Time elapsed =3:45:14.388053
<A u 413 , A u 413 >_{-1}^0.5 =  0.004937590403881513
Newton iteration: 414 Time elapsed =3:45:31.619599
<A u 414 , A u 414 >_{-1}^0.5 =  0.0048882536080153225
Newton iteration: 415 Time elapsed =3:45:48.812203
<A u 415 , A u 415 >_{-1}^0.5 =  0.004839409403369116
Newton iteration: 416 Time elapsed =3:46:05.901159
<A u 416 , A u 416 >_{-1}^0.5 =  0.004791052879442869
Newton iteration: 417 Time elapsed =3:46:23.100726
<A u 417 , A u 417 >_{-1}^0.5 =  0.004743179174535842
Newton iteration: 418 Time elapsed =3:46:40.240070
<A u 418 , A u 418 >_{-1}^0.5 =  0.0046957834752654765
Newton iteration: 419 Time elapsed =3:46:57.488431
<A u 419 , A u 419 >_{-1}^0.5 =  0.004648861016088831
Newton iteration: 420 Time elapsed =3:47:14.739940
<A u 420 , A u 420 >_{-1}^0.5 =  0.004602407078831475
Newton iteration: 421 Time elapsed =3:47:31.887498
<A u 421 , A u 421 >_{-1}^0.5 =  0.004556416992218328
Newton iteration: 422 Time elapsed =3:47:49.115696
<A u 422 , A u 422 >_{-1}^0.5 =  0.004510886131411424
Newton iteration: 423 Time elapsed =3:48:06.196985
<A u 423 , A u 423 >_{-1}^0.5 =  0.004465809917549523
Newton iteration: 424 Time elapsed =3:48:23.508860
<A u 424 , A u 424 >_{-1}^0.5 =  0.004421183817294551
Newton iteration: 425 Time elapsed =3:48:40.701299
<A u 425 , A u 425 >_{-1}^0.5 =  0.004377003342382689
Newton iteration: 426 Time elapsed =3:48:58.046618
<A u 426 , A u 426 >_{-1}^0.5 =  0.004333264049176018
Newton iteration: 427 Time elapsed =3:49:15.266017
<A u 427 , A u 427 >_{-1}^0.5 =  0.004289961538223954
Newton iteration: 428 Time elapsed =3:49:32.527608
<A u 428 , A u 428 >_{-1}^0.5 =  0.0042470914538250085
Newton iteration: 429 Time elapsed =3:49:49.765463
<A u 429 , A u 429 >_{-1}^0.5 =  0.004204649483594586
Newton iteration: 430 Time elapsed =3:50:06.781644
<A u 430 , A u 430 >_{-1}^0.5 =  0.004162631358036094
Newton iteration: 431 Time elapsed =3:50:23.974574
<A u 431 , A u 431 >_{-1}^0.5 =  0.004121032850117283
Newton iteration: 432 Time elapsed =3:50:41.252715
<A u 432 , A u 432 >_{-1}^0.5 =  0.004079849774850146
Newton iteration: 433 Time elapsed =3:50:58.429343
<A u 433 , A u 433 >_{-1}^0.5 =  0.0040390779888744375
Newton iteration: 434 Time elapsed =3:51:15.687958
<A u 434 , A u 434 >_{-1}^0.5 =  0.003998713390045934
Newton iteration: 435 Time elapsed =3:51:32.905700
<A u 435 , A u 435 >_{-1}^0.5 =  0.003958751917029124
Newton iteration: 436 Time elapsed =3:51:50.195425
<A u 436 , A u 436 >_{-1}^0.5 =  0.003919189548892434
Newton iteration: 437 Time elapsed =3:52:07.275415
<A u 437 , A u 437 >_{-1}^0.5 =  0.0038800223047097634
Newton iteration: 438 Time elapsed =3:52:24.563921
<A u 438 , A u 438 >_{-1}^0.5 =  0.0038412462431623817
Newton iteration: 439 Time elapsed =3:52:41.850661
<A u 439 , A u 439 >_{-1}^0.5 =  0.003802857462149004
Newton iteration: 440 Time elapsed =3:52:59.052052
<A u 440 , A u 440 >_{-1}^0.5 =  0.0037648520983958973
Newton iteration: 441 Time elapsed =3:53:16.359495
<A u 441 , A u 441 >_{-1}^0.5 =  0.0037272263270732506
Newton iteration: 442 Time elapsed =3:53:33.518777
<A u 442 , A u 442 >_{-1}^0.5 =  0.003689976361414129
Newton iteration: 443 Time elapsed =3:53:50.765593
<A u 443 , A u 443 >_{-1}^0.5 =  0.003653104316910042
Newton iteration: 444 Time elapsed =3:54:07.830997
<A u 444 , A u 444 >_{-1}^0.5 =  0.0036165946924497814
Newton iteration: 445 Time elapsed =3:54:25.089336
<A u 445 , A u 445 >_{-1}^0.5 =  0.0035804497386125503
Newton iteration: 446 Time elapsed =3:54:42.476262
<A u 446 , A u 446 >_{-1}^0.5 =  0.0035446658171439183
Newton iteration: 447 Time elapsed =3:54:59.501716
<A u 447 , A u 447 >_{-1}^0.5 =  0.0035092393260042895
Newton iteration: 448 Time elapsed =3:55:16.687640
<A u 448 , A u 448 >_{-1}^0.5 =  0.0034741666990102493
Newton iteration: 449 Time elapsed =3:55:33.641878
<A u 449 , A u 449 >_{-1}^0.5 =  0.003439432738448635
Newton iteration: 450 Time elapsed =3:55:50.977733
<A u 450 , A u 450 >_{-1}^0.5 =  0.0034050574023069768
Newton iteration: 451 Time elapsed =3:56:07.924712
<A u 451 , A u 451 >_{-1}^0.5 =  0.003371025442109562
Newton iteration: 452 Time elapsed =3:56:25.202737
<A u 452 , A u 452 >_{-1}^0.5 =  0.0033373334315934364
Newton iteration: 453 Time elapsed =3:56:42.538904
<A u 453 , A u 453 >_{-1}^0.5 =  0.003303977978607923
Newton iteration: 454 Time elapsed =3:56:59.605335
<A u 454 , A u 454 >_{-1}^0.5 =  0.003270955724778583
Newton iteration: 455 Time elapsed =3:57:16.920902
<A u 455 , A u 455 >_{-1}^0.5 =  0.003238263345172104
Newton iteration: 456 Time elapsed =3:57:34.065402
<A u 456 , A u 456 >_{-1}^0.5 =  0.0032058975479640666
Newton iteration: 457 Time elapsed =3:57:51.299782
<A u 457 , A u 457 >_{-1}^0.5 =  0.0031738495359963023
Newton iteration: 458 Time elapsed =3:58:08.302428
<A u 458 , A u 458 >_{-1}^0.5 =  0.0031421272153538795
Newton iteration: 459 Time elapsed =3:58:25.567524
<A u 459 , A u 459 >_{-1}^0.5 =  0.00311072179644056
Newton iteration: 460 Time elapsed =3:58:42.983267
<A u 460 , A u 460 >_{-1}^0.5 =  0.0030796301166244994
Newton iteration: 461 Time elapsed =3:59:00.065781
<A u 461 , A u 461 >_{-1}^0.5 =  0.0030488490447734802
Newton iteration: 462 Time elapsed =3:59:17.362541
<A u 462 , A u 462 >_{-1}^0.5 =  0.003018375480942516
Newton iteration: 463 Time elapsed =3:59:34.675447
<A u 463 , A u 463 >_{-1}^0.5 =  0.0029882063560642902
Newton iteration: 464 Time elapsed =3:59:51.995483
<A u 464 , A u 464 >_{-1}^0.5 =  0.0029583386316424077
Newton iteration: 465 Time elapsed =4:00:09.084930
<A u 465 , A u 465 >_{-1}^0.5 =  0.002928769299449451
Newton iteration: 466 Time elapsed =4:00:26.348454
<A u 466 , A u 466 >_{-1}^0.5 =  0.0028994953812244754
Newton iteration: 467 Time elapsed =4:00:43.696060
<A u 467 , A u 467 >_{-1}^0.5 =  0.002870513928377792
Newton iteration: 468 Time elapsed =4:01:00.766785
<A u 468 , A u 468 >_{-1}^0.5 =  0.0028418220216945658
Newton iteration: 469 Time elapsed =4:01:17.971085
<A u 469 , A u 469 >_{-1}^0.5 =  0.002813416771044602
Newton iteration: 470 Time elapsed =4:01:35.227412
<A u 470 , A u 470 >_{-1}^0.5 =  0.0027852953150933318
Newton iteration: 471 Time elapsed =4:01:52.427816
<A u 471 , A u 471 >_{-1}^0.5 =  0.0027574548210157245
Newton iteration: 472 Time elapsed =4:02:09.449856
<A u 472 , A u 472 >_{-1}^0.5 =  0.002729892484212688
Newton iteration: 473 Time elapsed =4:02:26.732450
<A u 473 , A u 473 >_{-1}^0.5 =  0.0027026055280326058
Newton iteration: 474 Time elapsed =4:02:43.951957
<A u 474 , A u 474 >_{-1}^0.5 =  0.0026755912034917024
Newton iteration: 475 Time elapsed =4:03:00.953864
<A u 475 , A u 475 >_{-1}^0.5 =  0.0026488467890009902
Newton iteration: 476 Time elapsed =4:03:18.241977
<A u 476 , A u 476 >_{-1}^0.5 =  0.0026223695900929314
Newton iteration: 477 Time elapsed =4:03:35.623417
<A u 477 , A u 477 >_{-1}^0.5 =  0.0025961569391529577
Newton iteration: 478 Time elapsed =4:03:52.832141
<A u 478 , A u 478 >_{-1}^0.5 =  0.0025701999570475827
Newton iteration: 479 Time elapsed =4:04:09.905652
<A u 479 , A u 479 >_{-1}^0.5 =  0.0025445085680125966
Newton iteration: 480 Time elapsed =4:04:27.159600
<A u 480 , A u 480 >_{-1}^0.5 =  0.0025190738819298067
Newton iteration: 481 Time elapsed =4:04:44.419975
<A u 481 , A u 481 >_{-1}^0.5 =  0.002493893335961233
Newton iteration: 482 Time elapsed =4:05:01.597608
<A u 482 , A u 482 >_{-1}^0.5 =  0.0024689643928139274
Newton iteration: 483 Time elapsed =4:05:18.921605
<A u 483 , A u 483 >_{-1}^0.5 =  0.0024442845404866794
Newton iteration: 484 Time elapsed =4:05:36.203109
<A u 484 , A u 484 >_{-1}^0.5 =  0.0024198512920171468
Newton iteration: 485 Time elapsed =4:05:53.437261
<A u 485 , A u 485 >_{-1}^0.5 =  0.0023956621852352913
Newton iteration: 486 Time elapsed =4:06:10.452761
<A u 486 , A u 486 >_{-1}^0.5 =  0.0023717147825161634
Newton iteration: 487 Time elapsed =4:06:27.670096
<A u 487 , A u 487 >_{-1}^0.5 =  0.002348006670534449
Newton iteration: 488 Time elapsed =4:06:44.932639
<A u 488 , A u 488 >_{-1}^0.5 =  0.0023245354600258663
Newton iteration: 489 Time elapsed =4:07:02.026582
<A u 489 , A u 489 >_{-1}^0.5 =  0.002301298785545208
Newton iteration: 490 Time elapsed =4:07:19.384961
<A u 490 , A u 490 >_{-1}^0.5 =  0.0022782943052317025
Newton iteration: 491 Time elapsed =4:07:36.595977
<A u 491 , A u 491 >_{-1}^0.5 =  0.0022555197005728533
Newton iteration: 492 Time elapsed =4:07:53.919921
<A u 492 , A u 492 >_{-1}^0.5 =  0.0022329726761741507
Newton iteration: 493 Time elapsed =4:08:10.996904
<A u 493 , A u 493 >_{-1}^0.5 =  0.002210650959527306
Newton iteration: 494 Time elapsed =4:08:28.273507
<A u 494 , A u 494 >_{-1}^0.5 =  0.0021885523007846874
Newton iteration: 495 Time elapsed =4:08:45.520042
<A u 495 , A u 495 >_{-1}^0.5 =  0.0021666744725318387
Newton iteration: 496 Time elapsed =4:09:02.618889
<A u 496 , A u 496 >_{-1}^0.5 =  0.002145015269566583
Newton iteration: 497 Time elapsed =4:09:19.970976
<A u 497 , A u 497 >_{-1}^0.5 =  0.0021235725086769085
Newton iteration: 498 Time elapsed =4:09:37.280079
<A u 498 , A u 498 >_{-1}^0.5 =  0.0021023440284217722
Newton iteration: 499 Time elapsed =4:09:54.518801
<A u 499 , A u 499 >_{-1}^0.5 =  0.0020813276889162236
Total time elapsed =18:07:29.801523
