L=90.0, d=1.62, w=15.0, order=2, coarse_flag=0
nDoF = 586314
*** Iteration # 0 . Shear modulus G =  0.9125353645057322
Newton iteration: 0 Time elapsed =0:00:16.232306
<A u 0 , A u 0 >_{-1}^0.5 =  1.510563146475607
Newton iteration: 1 Time elapsed =0:00:32.070290
<A u 1 , A u 1 >_{-1}^0.5 =  1.467058359196493
Newton iteration: 2 Time elapsed =0:00:49.265373
<A u 2 , A u 2 >_{-1}^0.5 =  1.4254804924391005
Newton iteration: 3 Time elapsed =0:01:06.368169
<A u 3 , A u 3 >_{-1}^0.5 =  1.385472464965237
Newton iteration: 4 Time elapsed =0:01:23.636850
<A u 4 , A u 4 >_{-1}^0.5 =  1.3468154172516298
Newton iteration: 5 Time elapsed =0:01:41.039070
<A u 5 , A u 5 >_{-1}^0.5 =  1.3093661711727793
Newton iteration: 6 Time elapsed =0:01:58.408935
<A u 6 , A u 6 >_{-1}^0.5 =  1.2730255129412835
Newton iteration: 7 Time elapsed =0:02:16.337532
<A u 7 , A u 7 >_{-1}^0.5 =  1.2377210022142786
Newton iteration: 8 Time elapsed =0:02:34.364371
<A u 8 , A u 8 >_{-1}^0.5 =  1.2033971635930867
Newton iteration: 9 Time elapsed =0:02:52.489365
<A u 9 , A u 9 >_{-1}^0.5 =  1.1700096494463559
Newton iteration: 10 Time elapsed =0:03:10.293508
<A u 10 , A u 10 >_{-1}^0.5 =  1.1375216401800088
Newton iteration: 11 Time elapsed =0:03:32.067585
<A u 11 , A u 11 >_{-1}^0.5 =  1.1059015550396805
Newton iteration: 12 Time elapsed =0:03:51.450794
<A u 12 , A u 12 >_{-1}^0.5 =  1.0751215566137908
Newton iteration: 13 Time elapsed =0:04:09.390304
<A u 13 , A u 13 >_{-1}^0.5 =  1.0451565502864275
Newton iteration: 14 Time elapsed =0:04:27.128333
<A u 14 , A u 14 >_{-1}^0.5 =  1.0159835004391922
Newton iteration: 15 Time elapsed =0:04:45.355359
<A u 15 , A u 15 >_{-1}^0.5 =  0.9875809541142637
Newton iteration: 16 Time elapsed =0:05:02.850248
<A u 16 , A u 16 >_{-1}^0.5 =  0.9599287034283743
Newton iteration: 17 Time elapsed =0:05:20.504546
<A u 17 , A u 17 >_{-1}^0.5 =  0.9330075425590691
Newton iteration: 18 Time elapsed =0:05:38.617095
<A u 18 , A u 18 >_{-1}^0.5 =  0.9067990903118393
Newton iteration: 19 Time elapsed =0:05:58.344837
<A u 19 , A u 19 >_{-1}^0.5 =  0.8812856588840997
Newton iteration: 20 Time elapsed =0:06:18.613005
<A u 20 , A u 20 >_{-1}^0.5 =  0.8564501556407282
Newton iteration: 21 Time elapsed =0:06:36.851434
<A u 21 , A u 21 >_{-1}^0.5 =  0.8322760087884782
Newton iteration: 22 Time elapsed =0:06:54.453912
<A u 22 , A u 22 >_{-1}^0.5 =  0.8087471105576596
Newton iteration: 23 Time elapsed =0:07:12.362182
<A u 23 , A u 23 >_{-1}^0.5 =  0.7858477733463625
Newton iteration: 24 Time elapsed =0:07:30.614753
<A u 24 , A u 24 >_{-1}^0.5 =  0.7635626955541541
Newton iteration: 25 Time elapsed =0:07:55.356203
<A u 25 , A u 25 >_{-1}^0.5 =  0.7418769347200033
Newton iteration: 26 Time elapsed =0:08:16.371813
<A u 26 , A u 26 >_{-1}^0.5 =  0.7207758862070455
Newton iteration: 27 Time elapsed =0:08:34.680183
<A u 27 , A u 27 >_{-1}^0.5 =  0.7002452661261328
Newton iteration: 28 Time elapsed =0:08:58.870309
<A u 28 , A u 28 >_{-1}^0.5 =  0.6802710975153212
Newton iteration: 29 Time elapsed =0:09:31.850253
<A u 29 , A u 29 >_{-1}^0.5 =  0.6608396990306554
Newton iteration: 30 Time elapsed =0:10:04.601736
<A u 30 , A u 30 >_{-1}^0.5 =  0.641937675579475
Newton iteration: 31 Time elapsed =0:10:39.497467
<A u 31 , A u 31 >_{-1}^0.5 =  0.6235519104588241
Newton iteration: 32 Time elapsed =0:11:12.488701
<A u 32 , A u 32 >_{-1}^0.5 =  0.6056695586605845
Newton iteration: 33 Time elapsed =0:11:45.147672
<A u 33 , A u 33 >_{-1}^0.5 =  0.5882780410799556
Newton iteration: 34 Time elapsed =0:12:19.579969
<A u 34 , A u 34 >_{-1}^0.5 =  0.5713650394216241
Newton iteration: 35 Time elapsed =0:12:54.122415
<A u 35 , A u 35 >_{-1}^0.5 =  0.5549184916422223
Newton iteration: 36 Time elapsed =0:13:25.884501
<A u 36 , A u 36 >_{-1}^0.5 =  0.5389265878022499
Newton iteration: 37 Time elapsed =0:14:00.094903
<A u 37 , A u 37 >_{-1}^0.5 =  0.5233777662275523
Newton iteration: 38 Time elapsed =0:14:36.114343
<A u 38 , A u 38 >_{-1}^0.5 =  0.5082607099017223
Newton iteration: 39 Time elapsed =0:15:11.667214
<A u 39 , A u 39 >_{-1}^0.5 =  0.49356434302744795
Newton iteration: 40 Time elapsed =0:15:42.990073
<A u 40 , A u 40 >_{-1}^0.5 =  0.47927782770823896
Newton iteration: 41 Time elapsed =0:16:17.583668
<A u 41 , A u 41 >_{-1}^0.5 =  0.4653905607125203
Newton iteration: 42 Time elapsed =0:16:48.410621
<A u 42 , A u 42 >_{-1}^0.5 =  0.4518921702906104
Newton iteration: 43 Time elapsed =0:17:20.087496
<A u 43 , A u 43 >_{-1}^0.5 =  0.438772513021887
Newton iteration: 44 Time elapsed =0:17:53.037934
<A u 44 , A u 44 >_{-1}^0.5 =  0.4260216706749321
Newton iteration: 45 Time elapsed =0:18:25.051476
<A u 45 , A u 45 >_{-1}^0.5 =  0.41362994706784156
Newton iteration: 46 Time elapsed =0:18:57.788528
<A u 46 , A u 46 >_{-1}^0.5 =  0.4015878649194619
Newton iteration: 47 Time elapsed =0:19:30.348635
<A u 47 , A u 47 >_{-1}^0.5 =  0.3898861626851365
Newton iteration: 48 Time elapsed =0:20:05.550326
<A u 48 , A u 48 >_{-1}^0.5 =  0.3785157913728304
Newton iteration: 49 Time elapsed =0:20:38.211345
<A u 49 , A u 49 >_{-1}^0.5 =  0.3674679113373877
Newton iteration: 50 Time elapsed =0:21:07.643615
<A u 50 , A u 50 >_{-1}^0.5 =  0.356733889052042
Newton iteration: 51 Time elapsed =0:21:43.666631
<A u 51 , A u 51 >_{-1}^0.5 =  0.3463052938575532
Newton iteration: 52 Time elapsed =0:22:17.614618
<A u 52 , A u 52 >_{-1}^0.5 =  0.33617389469017045
Newton iteration: 53 Time elapsed =0:22:52.378223
<A u 53 , A u 53 >_{-1}^0.5 =  0.32633165679036497
Newton iteration: 54 Time elapsed =0:23:26.728315
<A u 54 , A u 54 >_{-1}^0.5 =  0.31677073839477965
Newton iteration: 55 Time elapsed =0:23:59.180708
<A u 55 , A u 55 >_{-1}^0.5 =  0.30748348741424364
Newton iteration: 56 Time elapsed =0:24:34.998664
<A u 56 , A u 56 >_{-1}^0.5 =  0.29846243810098244
Newton iteration: 57 Time elapsed =0:25:07.033635
<A u 57 , A u 57 >_{-1}^0.5 =  0.2897003077083274
Newton iteration: 58 Time elapsed =0:25:40.981243
<A u 58 , A u 58 >_{-1}^0.5 =  0.28118999314634036
Newton iteration: 59 Time elapsed =0:26:14.159566
<A u 59 , A u 59 >_{-1}^0.5 =  0.2729245676368197
Newton iteration: 60 Time elapsed =0:26:46.816581
<A u 60 , A u 60 >_{-1}^0.5 =  0.2648972773711479
Newton iteration: 61 Time elapsed =0:27:20.847910
<A u 61 , A u 61 >_{-1}^0.5 =  0.2571015381743949
Newton iteration: 62 Time elapsed =0:27:53.214626
<A u 62 , A u 62 >_{-1}^0.5 =  0.24953093217901462
Newton iteration: 63 Time elapsed =0:28:29.456668
<A u 63 , A u 63 >_{-1}^0.5 =  0.24217920451137573
Newton iteration: 64 Time elapsed =0:29:03.533270
<A u 64 , A u 64 >_{-1}^0.5 =  0.2350402599942234
Newton iteration: 65 Time elapsed =0:29:35.131135
<A u 65 , A u 65 >_{-1}^0.5 =  0.22810815986809305
Newton iteration: 66 Time elapsed =0:30:06.832995
<A u 66 , A u 66 >_{-1}^0.5 =  0.22137711853445333
Newton iteration: 67 Time elapsed =0:30:44.888578
<A u 67 , A u 67 >_{-1}^0.5 =  0.21484150032329777
Newton iteration: 68 Time elapsed =0:31:18.087894
<A u 68 , A u 68 >_{-1}^0.5 =  0.2084958162876747
Newton iteration: 69 Time elapsed =0:31:48.950606
<A u 69 , A u 69 >_{-1}^0.5 =  0.20233472102752362
Newton iteration: 70 Time elapsed =0:32:21.812986
<A u 70 , A u 70 >_{-1}^0.5 =  0.1963530095449972
Newton iteration: 71 Time elapsed =0:32:54.340580
<A u 71 , A u 71 >_{-1}^0.5 =  0.19054561413330554
Newton iteration: 72 Time elapsed =0:33:25.447535
<A u 72 , A u 72 >_{-1}^0.5 =  0.184907601300948
Newton iteration: 73 Time elapsed =0:33:59.085460
<A u 73 , A u 73 >_{-1}^0.5 =  0.17943416873302842
Newton iteration: 74 Time elapsed =0:34:31.467781
<A u 74 , A u 74 >_{-1}^0.5 =  0.17412064229123336
Newton iteration: 75 Time elapsed =0:35:02.507065
<A u 75 , A u 75 >_{-1}^0.5 =  0.16896247305385986
Newton iteration: 76 Time elapsed =0:35:34.557223
<A u 76 , A u 76 >_{-1}^0.5 =  0.1639552343971692
Newton iteration: 77 Time elapsed =0:36:12.524780
<A u 77 , A u 77 >_{-1}^0.5 =  0.15909461911918749
Newton iteration: 78 Time elapsed =0:36:45.083064
<A u 78 , A u 78 >_{-1}^0.5 =  0.15437643660694034
Newton iteration: 79 Time elapsed =0:37:19.287031
<A u 79 , A u 79 >_{-1}^0.5 =  0.14979661004800268
Newton iteration: 80 Time elapsed =0:37:52.398922
<A u 80 , A u 80 >_{-1}^0.5 =  0.14535117368709072
Newton iteration: 81 Time elapsed =0:38:24.865497
<A u 81 , A u 81 >_{-1}^0.5 =  0.1410362701283391
Newton iteration: 82 Time elapsed =0:38:58.677227
<A u 82 , A u 82 >_{-1}^0.5 =  0.13684814768378412
Newton iteration: 83 Time elapsed =0:39:33.571410
<A u 83 , A u 83 >_{-1}^0.5 =  0.13278315776846597
Newton iteration: 84 Time elapsed =0:40:07.956992
<A u 84 , A u 84 >_{-1}^0.5 =  0.12883775234247982
Newton iteration: 85 Time elapsed =0:40:40.700373
<A u 85 , A u 85 >_{-1}^0.5 =  0.12500848140020385
Newton iteration: 86 Time elapsed =0:41:16.654262
<A u 86 , A u 86 >_{-1}^0.5 =  0.12129199050685056
Newton iteration: 87 Time elapsed =0:41:51.372861
<A u 87 , A u 87 >_{-1}^0.5 =  0.11768501838240919
Newton iteration: 88 Time elapsed =0:42:23.325243
<A u 88 , A u 88 >_{-1}^0.5 =  0.11418439453297206
Newton iteration: 89 Time elapsed =0:42:58.137890
<A u 89 , A u 89 >_{-1}^0.5 =  0.11078703692936406
Newton iteration: 90 Time elapsed =0:43:28.945698
<A u 90 , A u 90 >_{-1}^0.5 =  0.10748994973293517
Newton iteration: 91 Time elapsed =0:44:02.508390
<A u 91 , A u 91 >_{-1}^0.5 =  0.10429022106831691
Newton iteration: 92 Time elapsed =0:44:41.086520
<A u 92 , A u 92 >_{-1}^0.5 =  0.10118502084287896
Newton iteration: 93 Time elapsed =0:45:15.164581
<A u 93 , A u 93 >_{-1}^0.5 =  0.09817159861258494
Newton iteration: 94 Time elapsed =0:45:50.262910
<A u 94 , A u 94 >_{-1}^0.5 =  0.09524728149389115
Newton iteration: 95 Time elapsed =0:46:23.355886
<A u 95 , A u 95 >_{-1}^0.5 =  0.09240947212128223
Newton iteration: 96 Time elapsed =0:46:56.215744
<A u 96 , A u 96 >_{-1}^0.5 =  0.08965564665002385
Newton iteration: 97 Time elapsed =0:47:26.806839
<A u 97 , A u 97 >_{-1}^0.5 =  0.08698335280364099
Newton iteration: 98 Time elapsed =0:48:00.155496
<A u 98 , A u 98 >_{-1}^0.5 =  0.08439020796563378
Newton iteration: 99 Time elapsed =0:48:31.485619
<A u 99 , A u 99 >_{-1}^0.5 =  0.0818738973148854
Total time elapsed =0:48:32.428240
*** Iteration # 1 . Shear modulus G =  0.7649451396071408
Newton iteration: 0 Time elapsed =0:00:33.561124
<A u 0 , A u 0 >_{-1}^0.5 =  0.8852478983483641
Newton iteration: 1 Time elapsed =0:01:06.254849
<A u 1 , A u 1 >_{-1}^0.5 =  0.8600606178950485
Newton iteration: 2 Time elapsed =0:01:40.240819
<A u 2 , A u 2 >_{-1}^0.5 =  0.8355753461356692
Newton iteration: 3 Time elapsed =0:02:11.949312
<A u 3 , A u 3 >_{-1}^0.5 =  0.8117701507596554
Newton iteration: 4 Time elapsed =0:02:43.321595
<A u 4 , A u 4 >_{-1}^0.5 =  0.7886245203560346
Newton iteration: 5 Time elapsed =0:03:18.512122
<A u 5 , A u 5 >_{-1}^0.5 =  0.7661191301264626
Newton iteration: 6 Time elapsed =0:03:50.963682
<A u 6 , A u 6 >_{-1}^0.5 =  0.7442356602114552
Newton iteration: 7 Time elapsed =0:04:24.673200
<A u 7 , A u 7 >_{-1}^0.5 =  0.722956653516142
Newton iteration: 8 Time elapsed =0:04:57.256462
<A u 8 , A u 8 >_{-1}^0.5 =  0.70226540347024
Newton iteration: 9 Time elapsed =0:05:32.428236
<A u 9 , A u 9 >_{-1}^0.5 =  0.6821458646715856
Newton iteration: 10 Time elapsed =0:06:04.501196
<A u 10 , A u 10 >_{-1}^0.5 =  0.6625825811647242
Newton iteration: 11 Time elapsed =0:06:41.828152
<A u 11 , A u 11 >_{-1}^0.5 =  0.6435606284116883
Newton iteration: 12 Time elapsed =0:07:17.182227
<A u 12 , A u 12 >_{-1}^0.5 =  0.6250655659673293
Newton iteration: 13 Time elapsed =0:07:47.385960
<A u 13 , A u 13 >_{-1}^0.5 =  0.6070833985772349
Newton iteration: 14 Time elapsed =0:08:18.775317
<A u 14 , A u 14 >_{-1}^0.5 =  0.589600543941958
Newton iteration: 15 Time elapsed =0:08:50.508852
<A u 15 , A u 15 >_{-1}^0.5 =  0.5726038057865107
Newton iteration: 16 Time elapsed =0:09:22.467225
<A u 16 , A u 16 >_{-1}^0.5 =  0.5560803511732342
Newton iteration: 17 Time elapsed =0:09:56.943164
<A u 17 , A u 17 >_{-1}^0.5 =  0.5400176912246339
Newton iteration: 18 Time elapsed =0:10:33.338468
<A u 18 , A u 18 >_{-1}^0.5 =  0.5244036645982938
Newton iteration: 19 Time elapsed =0:11:06.095834
<A u 19 , A u 19 >_{-1}^0.5 =  0.5092264231917085
Newton iteration: 20 Time elapsed =0:11:40.041754
<A u 20 , A u 20 >_{-1}^0.5 =  0.49447441966079775
Newton iteration: 21 Time elapsed =0:12:12.714812
<A u 21 , A u 21 >_{-1}^0.5 =  0.4801363964185497
Newton iteration: 22 Time elapsed =0:12:44.893185
<A u 22 , A u 22 >_{-1}^0.5 =  0.4662013758456658
Newton iteration: 23 Time elapsed =0:13:14.195858
<A u 23 , A u 23 >_{-1}^0.5 =  0.45265865149666623
Newton iteration: 24 Time elapsed =0:13:47.384016
<A u 24 , A u 24 >_{-1}^0.5 =  0.43949778012617763
Newton iteration: 25 Time elapsed =0:14:20.891163
<A u 25 , A u 25 >_{-1}^0.5 =  0.4267085743929574
Newton iteration: 26 Time elapsed =0:14:55.767942
<A u 26 , A u 26 >_{-1}^0.5 =  0.4142810961257375
Newton iteration: 27 Time elapsed =0:15:27.816772
<A u 27 , A u 27 >_{-1}^0.5 =  0.4022056500562598
Newton iteration: 28 Time elapsed =0:16:01.520566
<A u 28 , A u 28 >_{-1}^0.5 =  0.3904727779421585
Newton iteration: 29 Time elapsed =0:16:34.664292
<A u 29 , A u 29 >_{-1}^0.5 =  0.3790732530164184
Newton iteration: 30 Time elapsed =0:17:05.880590
<A u 30 , A u 30 >_{-1}^0.5 =  0.3679980747115176
Newton iteration: 31 Time elapsed =0:17:39.536235
<A u 31 , A u 31 >_{-1}^0.5 =  0.3572384636157885
Newton iteration: 32 Time elapsed =0:18:11.978103
<A u 32 , A u 32 >_{-1}^0.5 =  0.3467858566271549
Newton iteration: 33 Time elapsed =0:18:43.023206
<A u 33 , A u 33 >_{-1}^0.5 =  0.3366319022756901
Newton iteration: 34 Time elapsed =0:19:17.201352
<A u 34 , A u 34 >_{-1}^0.5 =  0.326768456191662
Newton iteration: 35 Time elapsed =0:19:50.484343
<A u 35 , A u 35 >_{-1}^0.5 =  0.31718757669995934
Newton iteration: 36 Time elapsed =0:20:22.521712
<A u 36 , A u 36 >_{-1}^0.5 =  0.30788152052534334
Newton iteration: 37 Time elapsed =0:20:59.000046
<A u 37 , A u 37 >_{-1}^0.5 =  0.29884273859584687
Newton iteration: 38 Time elapsed =0:21:31.674434
<A u 38 , A u 38 >_{-1}^0.5 =  0.2900638719340811
Newton iteration: 39 Time elapsed =0:22:06.049023
<A u 39 , A u 39 >_{-1}^0.5 =  0.28153774762813805
Newton iteration: 40 Time elapsed =0:22:40.579208
<A u 40 , A u 40 >_{-1}^0.5 =  0.2732573748754854
Newton iteration: 41 Time elapsed =0:23:11.549044
<A u 41 , A u 41 >_{-1}^0.5 =  0.265215941094503
Newton iteration: 42 Time elapsed =0:23:44.028373
<A u 42 , A u 42 >_{-1}^0.5 =  0.25740680809952127
Newton iteration: 43 Time elapsed =0:24:17.116989
<A u 43 , A u 43 >_{-1}^0.5 =  0.24982350833603564
Newton iteration: 44 Time elapsed =0:24:53.817152
<A u 44 , A u 44 >_{-1}^0.5 =  0.24245974117359065
Newton iteration: 45 Time elapsed =0:25:24.846133
<A u 45 , A u 45 >_{-1}^0.5 =  0.23530936925437496
Newton iteration: 46 Time elapsed =0:25:58.232297
<A u 46 , A u 46 >_{-1}^0.5 =  0.2283664148960931
Newton iteration: 47 Time elapsed =0:26:30.778498
<A u 47 , A u 47 >_{-1}^0.5 =  0.22162505654806341
Newton iteration: 48 Time elapsed =0:27:02.348083
<A u 48 , A u 48 >_{-1}^0.5 =  0.215079625299799
Newton iteration: 49 Time elapsed =0:27:33.992437
<A u 49 , A u 49 >_{-1}^0.5 =  0.2087246014415759
Newton iteration: 50 Time elapsed =0:28:08.067789
<A u 50 , A u 50 >_{-1}^0.5 =  0.2025546110766967
Newton iteration: 51 Time elapsed =0:28:39.558517
<A u 51 , A u 51 >_{-1}^0.5 =  0.19656442278528272
Newton iteration: 52 Time elapsed =0:29:13.741084
<A u 52 , A u 52 >_{-1}^0.5 =  0.19074894433954495
Newton iteration: 53 Time elapsed =0:29:46.383327
<A u 53 , A u 53 >_{-1}^0.5 =  0.1851032194705666
Newton iteration: 54 Time elapsed =0:30:18.875966
<A u 54 , A u 54 >_{-1}^0.5 =  0.179622424686655
Newton iteration: 55 Time elapsed =0:30:51.617176
<A u 55 , A u 55 >_{-1}^0.5 =  0.17430186614337626
Newton iteration: 56 Time elapsed =0:31:24.928129
<A u 56 , A u 56 >_{-1}^0.5 =  0.1691369765653783
Newton iteration: 57 Time elapsed =0:31:58.091178
<A u 57 , A u 57 >_{-1}^0.5 =  0.16412331222010673
Newton iteration: 58 Time elapsed =0:32:33.770928
<A u 58 , A u 58 >_{-1}^0.5 =  0.15925654994351093
Newton iteration: 59 Time elapsed =0:33:06.354446
<A u 59 , A u 59 >_{-1}^0.5 =  0.1545324842178078
Newton iteration: 60 Time elapsed =0:33:41.071097
<A u 60 , A u 60 >_{-1}^0.5 =  0.14994702430134546
Newton iteration: 61 Time elapsed =0:34:15.098115
<A u 61 , A u 61 >_{-1}^0.5 =  0.14549619141056241
Newton iteration: 62 Time elapsed =0:34:47.069842
<A u 62 , A u 62 >_{-1}^0.5 =  0.1411761159540234
Newton iteration: 63 Time elapsed =0:35:21.362163
<A u 63 , A u 63 >_{-1}^0.5 =  0.1369830348184493
Newton iteration: 64 Time elapsed =0:35:52.649113
<A u 64 , A u 64 >_{-1}^0.5 =  0.13291328870661495
Newton iteration: 65 Time elapsed =0:36:25.796082
<A u 65 , A u 65 >_{-1}^0.5 =  0.12896331952697782
Newton iteration: 66 Time elapsed =0:36:59.156494
<A u 66 , A u 66 >_{-1}^0.5 =  0.12512966783481028
Newton iteration: 67 Time elapsed =0:37:32.202219
<A u 67 , A u 67 >_{-1}^0.5 =  0.12140897032460894
Newton iteration: 68 Time elapsed =0:38:06.007061
<A u 68 , A u 68 >_{-1}^0.5 =  0.11779795737347638
Newton iteration: 69 Time elapsed =0:38:39.397172
<A u 69 , A u 69 >_{-1}^0.5 =  0.11429345063516666
Newton iteration: 70 Time elapsed =0:39:13.150131
<A u 70 , A u 70 >_{-1}^0.5 =  0.11089236068441002
Newton iteration: 71 Time elapsed =0:39:46.382081
<A u 71 , A u 71 >_{-1}^0.5 =  0.10759168471112755
Newton iteration: 72 Time elapsed =0:40:20.920885
<A u 72 , A u 72 >_{-1}^0.5 =  0.10438850426408884
Newton iteration: 73 Time elapsed =0:40:52.652075
<A u 73 , A u 73 >_{-1}^0.5 =  0.10127998304354131
Newton iteration: 74 Time elapsed =0:41:25.827147
<A u 74 , A u 74 >_{-1}^0.5 =  0.09826336474231784
Newton iteration: 75 Time elapsed =0:41:58.307889
<A u 75 , A u 75 >_{-1}^0.5 =  0.09533597093487807
Newton iteration: 76 Time elapsed =0:42:30.271495
<A u 76 , A u 76 >_{-1}^0.5 =  0.09249519901373598
Newton iteration: 77 Time elapsed =0:43:05.411599
<A u 77 , A u 77 >_{-1}^0.5 =  0.08973852017268599
Newton iteration: 78 Time elapsed =0:43:37.587369
<A u 78 , A u 78 >_{-1}^0.5 =  0.08706347743622288
Newton iteration: 79 Time elapsed =0:44:08.845638
<A u 79 , A u 79 >_{-1}^0.5 =  0.08446768373453424
Newton iteration: 80 Time elapsed =0:44:46.873607
<A u 80 , A u 80 >_{-1}^0.5 =  0.08194882002341715
Newton iteration: 81 Time elapsed =0:45:19.105560
<A u 81 , A u 81 >_{-1}^0.5 =  0.07950463344846423
Newton iteration: 82 Time elapsed =0:45:52.319797
<A u 82 , A u 82 >_{-1}^0.5 =  0.07713293555283708
Newton iteration: 83 Time elapsed =0:46:25.533199
<A u 83 , A u 83 >_{-1}^0.5 =  0.07483160052795233
Newton iteration: 84 Time elapsed =0:47:00.353621
<A u 84 , A u 84 >_{-1}^0.5 =  0.07259856350637116
Newton iteration: 85 Time elapsed =0:47:35.813909
<A u 85 , A u 85 >_{-1}^0.5 =  0.07043181889619494
Newton iteration: 86 Time elapsed =0:48:10.147761
<A u 86 , A u 86 >_{-1}^0.5 =  0.06832941875624418
Newton iteration: 87 Time elapsed =0:48:47.040102
<A u 87 , A u 87 >_{-1}^0.5 =  0.06628947121130874
Newton iteration: 88 Time elapsed =0:49:23.647866
<A u 88 , A u 88 >_{-1}^0.5 =  0.06431013890674109
Newton iteration: 89 Time elapsed =0:49:54.491351
<A u 89 , A u 89 >_{-1}^0.5 =  0.06238963750166245
Newton iteration: 90 Time elapsed =0:50:28.820558
<A u 90 , A u 90 >_{-1}^0.5 =  0.060526234200057635
Newton iteration: 91 Time elapsed =0:51:04.060470
<A u 91 , A u 91 >_{-1}^0.5 =  0.058718246319020374
Newton iteration: 92 Time elapsed =0:51:37.776404
<A u 92 , A u 92 >_{-1}^0.5 =  0.056964039893428124
Newton iteration: 93 Time elapsed =0:52:11.301653
<A u 93 , A u 93 >_{-1}^0.5 =  0.05526202831630961
Newton iteration: 94 Time elapsed =0:52:44.318705
<A u 94 , A u 94 >_{-1}^0.5 =  0.05361067101418006
Newton iteration: 95 Time elapsed =0:53:19.380215
<A u 95 , A u 95 >_{-1}^0.5 =  0.052008472156626497
Newton iteration: 96 Time elapsed =0:53:50.668092
<A u 96 , A u 96 >_{-1}^0.5 =  0.05045397939941585
Newton iteration: 97 Time elapsed =0:54:22.923348
<A u 97 , A u 97 >_{-1}^0.5 =  0.04894578266041666
Newton iteration: 98 Time elapsed =0:54:56.987028
<A u 98 , A u 98 >_{-1}^0.5 =  0.04748251292762568
Newton iteration: 99 Time elapsed =0:55:29.914113
<A u 99 , A u 99 >_{-1}^0.5 =  0.04606284109859231
Total time elapsed =1:44:02.651113
*** Iteration # 2 . Shear modulus G =  0.6474521985002586
Newton iteration: 0 Time elapsed =0:00:31.726640
<A u 0 , A u 0 >_{-1}^0.5 =  0.7865570197753468
Newton iteration: 1 Time elapsed =0:01:04.583309
<A u 1 , A u 1 >_{-1}^0.5 =  0.7640252379436214
Newton iteration: 2 Time elapsed =0:01:38.565890
<A u 2 , A u 2 >_{-1}^0.5 =  0.7421274775989148
Newton iteration: 3 Time elapsed =0:02:13.901419
<A u 3 , A u 3 >_{-1}^0.5 =  0.7208442523024994
Newton iteration: 4 Time elapsed =0:02:50.445952
<A u 4 , A u 4 >_{-1}^0.5 =  0.7001571713673377
Newton iteration: 5 Time elapsed =0:03:23.836585
<A u 5 , A u 5 >_{-1}^0.5 =  0.6800487845477228
Newton iteration: 6 Time elapsed =0:03:54.997695
<A u 6 , A u 6 >_{-1}^0.5 =  0.6605024585626988
Newton iteration: 7 Time elapsed =0:04:28.345967
<A u 7 , A u 7 >_{-1}^0.5 =  0.64150227812208
Newton iteration: 8 Time elapsed =0:05:02.649956
<A u 8 , A u 8 >_{-1}^0.5 =  0.6230329659607742
Newton iteration: 9 Time elapsed =0:05:40.272329
<A u 9 , A u 9 >_{-1}^0.5 =  0.6050798177274059
Newton iteration: 10 Time elapsed =0:06:15.717567
<A u 10 , A u 10 >_{-1}^0.5 =  0.5876286485605025
Newton iteration: 11 Time elapsed =0:06:51.928104
<A u 11 , A u 11 >_{-1}^0.5 =  0.5706657489192271
Newton iteration: 12 Time elapsed =0:07:26.825219
<A u 12 , A u 12 >_{-1}^0.5 =  0.5541778477859369
Newton iteration: 13 Time elapsed =0:08:02.063260
<A u 13 , A u 13 >_{-1}^0.5 =  0.5381520817734737
Newton iteration: 14 Time elapsed =0:08:31.492468
<A u 14 , A u 14 >_{-1}^0.5 =  0.5225759689867907
Newton iteration: 15 Time elapsed =0:09:06.421484
<A u 15 , A u 15 >_{-1}^0.5 =  0.5074373867313273
Newton iteration: 16 Time elapsed =0:09:38.904118
<A u 16 , A u 16 >_{-1}^0.5 =  0.4927245523481115
Newton iteration: 17 Time elapsed =0:10:13.698339
<A u 17 , A u 17 >_{-1}^0.5 =  0.47842600660134477
Newton iteration: 18 Time elapsed =0:10:48.914397
<A u 18 , A u 18 >_{-1}^0.5 =  0.46453059915829753
Newton iteration: 19 Time elapsed =0:11:24.929254
<A u 19 , A u 19 >_{-1}^0.5 =  0.4510274757909802
Newton iteration: 20 Time elapsed =0:11:58.200303
<A u 20 , A u 20 >_{-1}^0.5 =  0.4379060670001197
Newton iteration: 21 Time elapsed =0:12:31.683677
<A u 21 , A u 21 >_{-1}^0.5 =  0.425156077818259
Newton iteration: 22 Time elapsed =0:13:04.690175
<A u 22 , A u 22 >_{-1}^0.5 =  0.41276747859407464
Newton iteration: 23 Time elapsed =0:13:36.792123
<A u 23 , A u 23 >_{-1}^0.5 =  0.40073049659602883
Newton iteration: 24 Time elapsed =0:14:12.374835
<A u 24 , A u 24 >_{-1}^0.5 =  0.3890356083028406
Newton iteration: 25 Time elapsed =0:14:48.100065
<A u 25 , A u 25 >_{-1}^0.5 =  0.3776735322717437
Newton iteration: 26 Time elapsed =0:15:22.772006
<A u 26 , A u 26 >_{-1}^0.5 =  0.3666352224948773
Newton iteration: 27 Time elapsed =0:15:55.486780
<A u 27 , A u 27 >_{-1}^0.5 =  0.35591186216966314
Newton iteration: 28 Time elapsed =0:16:32.357229
<A u 28 , A u 28 >_{-1}^0.5 =  0.34549485782200345
Newton iteration: 29 Time elapsed =0:17:09.132398
<A u 29 , A u 29 >_{-1}^0.5 =  0.33537583373155155
Newton iteration: 30 Time elapsed =0:17:44.133686
<A u 30 , A u 30 >_{-1}^0.5 =  0.32554662661704864
Newton iteration: 31 Time elapsed =0:18:18.606294
<A u 31 , A u 31 >_{-1}^0.5 =  0.3159992805468244
Newton iteration: 32 Time elapsed =0:18:50.368143
<A u 32 , A u 32 >_{-1}^0.5 =  0.3067260420455189
Newton iteration: 33 Time elapsed =0:19:26.581360
<A u 33 , A u 33 >_{-1}^0.5 =  0.2977193553729454
Newton iteration: 34 Time elapsed =0:20:03.224295
<A u 34 , A u 34 >_{-1}^0.5 =  0.28897185795508956
Newton iteration: 35 Time elapsed =0:20:37.851339
<A u 35 , A u 35 >_{-1}^0.5 =  0.2804763759506867
Newton iteration: 36 Time elapsed =0:21:09.697594
<A u 36 , A u 36 >_{-1}^0.5 =  0.2722259199395008
Newton iteration: 37 Time elapsed =0:21:41.152201
<A u 37 , A u 37 >_{-1}^0.5 =  0.2642136807209171
Newton iteration: 38 Time elapsed =0:22:15.601375
<A u 38 , A u 38 >_{-1}^0.5 =  0.25643302521331224
Newton iteration: 39 Time elapsed =0:22:49.605178
<A u 39 , A u 39 >_{-1}^0.5 =  0.24887749244632293
Newton iteration: 40 Time elapsed =0:23:25.876095
<A u 40 , A u 40 >_{-1}^0.5 =  0.24154078963950595
Newton iteration: 41 Time elapsed =0:24:00.012343
<A u 41 , A u 41 >_{-1}^0.5 =  0.23441678836198182
Newton iteration: 42 Time elapsed =0:24:34.684890
<A u 42 , A u 42 >_{-1}^0.5 =  0.22749952076860475
Newton iteration: 43 Time elapsed =0:25:09.610103
<A u 43 , A u 43 >_{-1}^0.5 =  0.22078317590897992
Newton iteration: 44 Time elapsed =0:25:43.502936
<A u 44 , A u 44 >_{-1}^0.5 =  0.21426209610628327
Newton iteration: 45 Time elapsed =0:26:14.242290
<A u 45 , A u 45 >_{-1}^0.5 =  0.20793077340339647
Newton iteration: 46 Time elapsed =0:26:50.738936
<A u 46 , A u 46 >_{-1}^0.5 =  0.20178384607426106
Newton iteration: 47 Time elapsed =0:27:27.685938
<A u 47 , A u 47 >_{-1}^0.5 =  0.19581609519877569
Newton iteration: 48 Time elapsed =0:28:05.193087
<A u 48 , A u 48 >_{-1}^0.5 =  0.19002244129979262
Newton iteration: 49 Time elapsed =0:28:39.595350
<A u 49 , A u 49 >_{-1}^0.5 =  0.18439794104105606
Newton iteration: 50 Time elapsed =0:29:11.848271
<A u 50 , A u 50 >_{-1}^0.5 =  0.17893778398507848
Newton iteration: 51 Time elapsed =0:29:47.497873
<A u 51 , A u 51 >_{-1}^0.5 =  0.17363728941013185
Newton iteration: 52 Time elapsed =0:30:20.281481
<A u 52 , A u 52 >_{-1}^0.5 =  0.16849190318561788
Newton iteration: 53 Time elapsed =0:30:53.911589
<A u 53 , A u 53 >_{-1}^0.5 =  0.16349719470520974
Newton iteration: 54 Time elapsed =0:31:29.287302
<A u 54 , A u 54 >_{-1}^0.5 =  0.15864885387718972
Newton iteration: 55 Time elapsed =0:32:03.710903
<A u 55 , A u 55 >_{-1}^0.5 =  0.15394268817148776
Newton iteration: 56 Time elapsed =0:32:37.114377
<A u 56 , A u 56 >_{-1}^0.5 =  0.14937461972293553
Newton iteration: 57 Time elapsed =0:33:10.407383
<A u 57 , A u 57 >_{-1}^0.5 =  0.14494068249029712
Newton iteration: 58 Time elapsed =0:33:46.326286
<A u 58 , A u 58 >_{-1}^0.5 =  0.140637019470625
Newton iteration: 59 Time elapsed =0:34:20.598780
<A u 59 , A u 59 >_{-1}^0.5 =  0.1364598799685138
Newton iteration: 60 Time elapsed =0:34:55.033861
<A u 60 , A u 60 >_{-1}^0.5 =  0.13240561691980568
Newton iteration: 61 Time elapsed =0:35:30.992146
<A u 61 , A u 61 >_{-1}^0.5 =  0.12847068426930824
Newton iteration: 62 Time elapsed =0:36:08.345236
<A u 62 , A u 62 >_{-1}^0.5 =  0.12465163440205762
Newton iteration: 63 Time elapsed =0:36:40.138854
<A u 63 , A u 63 >_{-1}^0.5 =  0.12094511562765792
Newton iteration: 64 Time elapsed =0:37:12.644690
<A u 64 , A u 64 >_{-1}^0.5 =  0.11734786971720171
Newton iteration: 65 Time elapsed =0:37:49.311706
<A u 65 , A u 65 >_{-1}^0.5 =  0.11385672949226423
Newton iteration: 66 Time elapsed =0:38:29.062591
<A u 66 , A u 66 >_{-1}^0.5 =  0.11046861646544073
Newton iteration: 67 Time elapsed =0:39:06.402365
<A u 67 , A u 67 >_{-1}^0.5 =  0.10718053853187595
Newton iteration: 68 Time elapsed =0:39:44.921810
<A u 68 , A u 68 >_{-1}^0.5 =  0.10398958771122309
Newton iteration: 69 Time elapsed =0:40:20.196558
<A u 69 , A u 69 >_{-1}^0.5 =  0.10089293793943262
Newton iteration: 70 Time elapsed =0:40:53.423546
<A u 70 , A u 70 >_{-1}^0.5 =  0.09788784290977821
Newton iteration: 71 Time elapsed =0:41:27.421760
<A u 71 , A u 71 >_{-1}^0.5 =  0.09497163396248395
Newton iteration: 72 Time elapsed =0:41:59.239421
<A u 72 , A u 72 >_{-1}^0.5 =  0.09214171802231608
Newton iteration: 73 Time elapsed =0:42:30.710317
<A u 73 , A u 73 >_{-1}^0.5 =  0.08939557558348325
Newton iteration: 74 Time elapsed =0:43:06.219671
<A u 74 , A u 74 >_{-1}^0.5 =  0.08673075874117149
Newton iteration: 75 Time elapsed =0:43:39.785408
<A u 75 , A u 75 >_{-1}^0.5 =  0.08414488926902829
Newton iteration: 76 Time elapsed =0:44:11.943375
<A u 76 , A u 76 >_{-1}^0.5 =  0.08163565674190255
Newton iteration: 77 Time elapsed =0:44:48.354873
<A u 77 , A u 77 >_{-1}^0.5 =  0.07920081670313063
Newton iteration: 78 Time elapsed =0:45:21.642995
<A u 78 , A u 78 >_{-1}^0.5 =  0.076838188875651
Newton iteration: 79 Time elapsed =0:45:53.085328
<A u 79 , A u 79 >_{-1}^0.5 =  0.074545655416225
Newton iteration: 80 Time elapsed =0:46:27.128254
<A u 80 , A u 80 >_{-1}^0.5 =  0.07232115921203125
Newton iteration: 81 Time elapsed =0:46:59.888265
<A u 81 , A u 81 >_{-1}^0.5 =  0.07016270221890036
Newton iteration: 82 Time elapsed =0:47:32.309876
<A u 82 , A u 82 >_{-1}^0.5 =  0.06806834384043822
Newton iteration: 83 Time elapsed =0:48:06.501148
<A u 83 , A u 83 >_{-1}^0.5 =  0.06603619934731128
Newton iteration: 84 Time elapsed =0:48:41.210640
<A u 84 , A u 84 >_{-1}^0.5 =  0.06406443833593087
Newton iteration: 85 Time elapsed =0:49:14.707909
<A u 85 , A u 85 >_{-1}^0.5 =  0.0621512832258022
Newton iteration: 86 Time elapsed =0:49:50.356293
<A u 86 , A u 86 >_{-1}^0.5 =  0.06029500779478196
Newton iteration: 87 Time elapsed =0:50:25.948512
<A u 87 , A u 87 >_{-1}^0.5 =  0.05849393575150873
Newton iteration: 88 Time elapsed =0:51:02.332417
<A u 88 , A u 88 >_{-1}^0.5 =  0.05674643934425482
Newton iteration: 89 Time elapsed =0:51:36.505042
<A u 89 , A u 89 >_{-1}^0.5 =  0.05505093800546327
Newton iteration: 90 Time elapsed =0:52:11.669359
<A u 90 , A u 90 >_{-1}^0.5 =  0.05340589703123356
Newton iteration: 91 Time elapsed =0:52:43.642334
<A u 91 , A u 91 >_{-1}^0.5 =  0.051809826295022385
Newton iteration: 92 Time elapsed =0:53:19.796379
<A u 92 , A u 92 >_{-1}^0.5 =  0.05026127899483371
Newton iteration: 93 Time elapsed =0:53:54.180096
<A u 93 , A u 93 >_{-1}^0.5 =  0.04875885043317572
Newton iteration: 94 Time elapsed =0:54:26.782564
<A u 94 , A u 94 >_{-1}^0.5 =  0.0473011768290754
Newton iteration: 95 Time elapsed =0:55:00.537222
<A u 95 , A u 95 >_{-1}^0.5 =  0.04588693416143271
Newton iteration: 96 Time elapsed =0:55:35.816352
<A u 96 , A u 96 >_{-1}^0.5 =  0.04451483704302809
Newton iteration: 97 Time elapsed =0:56:10.062636
<A u 97 , A u 97 >_{-1}^0.5 =  0.04318363762447975
Newton iteration: 98 Time elapsed =0:56:43.528389
<A u 98 , A u 98 >_{-1}^0.5 =  0.04189212452747187
Newton iteration: 99 Time elapsed =0:57:19.032241
<A u 99 , A u 99 >_{-1}^0.5 =  0.040639121806583356
Total time elapsed =2:41:21.948660
*** Iteration # 3 . Shear modulus G =  0.5527762033333189
Newton iteration: 0 Time elapsed =0:00:30.755168
<A u 0 , A u 0 >_{-1}^0.5 =  0.7233749971671907
Newton iteration: 1 Time elapsed =0:01:05.922902
<A u 1 , A u 1 >_{-1}^0.5 =  0.7025631519997547
Newton iteration: 2 Time elapsed =0:01:39.161269
<A u 2 , A u 2 >_{-1}^0.5 =  0.6823411624705682
Newton iteration: 3 Time elapsed =0:02:14.367537
<A u 3 , A u 3 >_{-1}^0.5 =  0.6626909050681982
Newton iteration: 4 Time elapsed =0:02:48.471958
<A u 4 , A u 4 >_{-1}^0.5 =  0.6435952164431522
Newton iteration: 5 Time elapsed =0:03:19.736845
<A u 5 , A u 5 >_{-1}^0.5 =  0.625037768349063
Newton iteration: 6 Time elapsed =0:03:51.470887
<A u 6 , A u 6 >_{-1}^0.5 =  0.6070029668816459
Newton iteration: 7 Time elapsed =0:04:24.081866
<A u 7 , A u 7 >_{-1}^0.5 =  0.5894758706595442
Newton iteration: 8 Time elapsed =0:04:55.099028
<A u 8 , A u 8 >_{-1}^0.5 =  0.5724421238783064
Newton iteration: 9 Time elapsed =0:05:26.686784
<A u 9 , A u 9 >_{-1}^0.5 =  0.5558879011213556
Newton iteration: 10 Time elapsed =0:05:59.214644
<A u 10 , A u 10 >_{-1}^0.5 =  0.5397998615236375
Newton iteration: 11 Time elapsed =0:06:35.638808
<A u 11 , A u 11 >_{-1}^0.5 =  0.524165110419291
Newton iteration: 12 Time elapsed =0:07:08.119238
<A u 12 , A u 12 >_{-1}^0.5 =  0.5089711670116287
Newton iteration: 13 Time elapsed =0:07:43.106368
<A u 13 , A u 13 >_{-1}^0.5 =  0.49420593691450954
Newton iteration: 14 Time elapsed =0:08:18.545190
<A u 14 , A u 14 >_{-1}^0.5 =  0.47985768865379924
Newton iteration: 15 Time elapsed =0:08:50.454883
<A u 15 , A u 15 >_{-1}^0.5 =  0.4659150334031492
Newton iteration: 16 Time elapsed =0:09:24.469395
<A u 16 , A u 16 >_{-1}^0.5 =  0.4523669073732115
Newton iteration: 17 Time elapsed =0:09:58.920382
<A u 17 , A u 17 >_{-1}^0.5 =  0.43920255638694516
Newton iteration: 18 Time elapsed =0:10:33.982243
<A u 18 , A u 18 >_{-1}^0.5 =  0.4264115222635282
Newton iteration: 19 Time elapsed =0:11:07.228052
<A u 19 , A u 19 >_{-1}^0.5 =  0.4139836307043883
Newton iteration: 20 Time elapsed =0:11:37.575886
<A u 20 , A u 20 >_{-1}^0.5 =  0.4019089804318073
Newton iteration: 21 Time elapsed =0:12:11.609820
<A u 21 , A u 21 >_{-1}^0.5 =  0.39017793337595397
Newton iteration: 22 Time elapsed =0:12:47.841684
<A u 22 , A u 22 >_{-1}^0.5 =  0.3787811057429248
Newton iteration: 23 Time elapsed =0:13:21.337904
<A u 23 , A u 23 >_{-1}^0.5 =  0.36770935982595404
Newton iteration: 24 Time elapsed =0:13:56.601440
<A u 24 , A u 24 >_{-1}^0.5 =  0.35695379644604525
Newton iteration: 25 Time elapsed =0:14:30.056741
<A u 25 , A u 25 >_{-1}^0.5 =  0.3465057479279213
Newton iteration: 26 Time elapsed =0:14:59.627040
<A u 26 , A u 26 >_{-1}^0.5 =  0.33635677153318566
Newton iteration: 27 Time elapsed =0:15:31.707826
<A u 27 , A u 27 >_{-1}^0.5 =  0.32649864328581385
Newton iteration: 28 Time elapsed =0:16:05.007040
<A u 28 , A u 28 >_{-1}^0.5 =  0.31692335213590844
Newton iteration: 29 Time elapsed =0:16:38.112645
<A u 29 , A u 29 >_{-1}^0.5 =  0.30762309441661684
Newton iteration: 30 Time elapsed =0:17:11.553851
<A u 30 , A u 30 >_{-1}^0.5 =  0.29859026855654547
Newton iteration: 31 Time elapsed =0:17:45.907682
<A u 31 , A u 31 >_{-1}^0.5 =  0.28981747001613156
Newton iteration: 32 Time elapsed =0:18:17.115257
<A u 32 , A u 32 >_{-1}^0.5 =  0.2812974864215536
Newton iteration: 33 Time elapsed =0:18:52.257633
<A u 33 , A u 33 >_{-1}^0.5 =  0.27302329287405175
Newton iteration: 34 Time elapsed =0:19:25.660153
<A u 34 , A u 34 >_{-1}^0.5 =  0.2649880474160783
Newton iteration: 35 Time elapsed =0:19:56.700901
<A u 35 , A u 35 >_{-1}^0.5 =  0.2571850866386318
Newton iteration: 36 Time elapsed =0:20:30.759933
<A u 36 , A u 36 >_{-1}^0.5 =  0.24960792141669544
Newton iteration: 37 Time elapsed =0:21:02.983024
<A u 37 , A u 37 >_{-1}^0.5 =  0.24225023276172364
Newton iteration: 38 Time elapsed =0:21:37.254086
<A u 38 , A u 38 >_{-1}^0.5 =  0.23510586778187703
Newton iteration: 39 Time elapsed =0:22:11.615985
<A u 39 , A u 39 >_{-1}^0.5 =  0.22816883574220764
Newton iteration: 40 Time elapsed =0:22:43.081273
<A u 40 , A u 40 >_{-1}^0.5 =  0.2214333042181788
Newton iteration: 41 Time elapsed =0:23:18.040605
<A u 41 , A u 41 >_{-1}^0.5 =  0.214893595336956
Newton iteration: 42 Time elapsed =0:23:49.779734
<A u 42 , A u 42 >_{-1}^0.5 =  0.20854418210177406
Newton iteration: 43 Time elapsed =0:24:24.854876
<A u 43 , A u 43 >_{-1}^0.5 =  0.2023796847953898
Newton iteration: 44 Time elapsed =0:24:56.550175
<A u 44 , A u 44 >_{-1}^0.5 =  0.19639486745924398
Newton iteration: 45 Time elapsed =0:25:31.939871
<A u 45 , A u 45 >_{-1}^0.5 =  0.19058463444546642
Newton iteration: 46 Time elapsed =0:26:04.537854
<A u 46 , A u 46 >_{-1}^0.5 =  0.18494402703925833
Newton iteration: 47 Time elapsed =0:26:38.158933
<A u 47 , A u 47 >_{-1}^0.5 =  0.17946822014955743
Newton iteration: 48 Time elapsed =0:27:13.857295
<A u 48 , A u 48 >_{-1}^0.5 =  0.17415251906615906
Newton iteration: 49 Time elapsed =0:27:46.475983
<A u 49 , A u 49 >_{-1}^0.5 =  0.1689923562817284
Newton iteration: 50 Time elapsed =0:28:23.141059
<A u 50 , A u 50 >_{-1}^0.5 =  0.16398328837730491
Newton iteration: 51 Time elapsed =0:28:56.363733
<A u 51 , A u 51 >_{-1}^0.5 =  0.1591209929700911
Newton iteration: 52 Time elapsed =0:29:32.407947
<A u 52 , A u 52 >_{-1}^0.5 =  0.1544012657224213
Newton iteration: 53 Time elapsed =0:30:03.183827
<A u 53 , A u 53 >_{-1}^0.5 =  0.14982001741093506
Newton iteration: 54 Time elapsed =0:30:36.217971
<A u 54 , A u 54 >_{-1}^0.5 =  0.14537327105502335
Newton iteration: 55 Time elapsed =0:31:11.193461
<A u 55 , A u 55 >_{-1}^0.5 =  0.1410571591037434
Newton iteration: 56 Time elapsed =0:31:43.805043
<A u 56 , A u 56 >_{-1}^0.5 =  0.136867920680378
Newton iteration: 57 Time elapsed =0:32:15.546973
<A u 57 , A u 57 >_{-1}^0.5 =  0.13280189888390598
Newton iteration: 58 Time elapsed =0:32:47.231839
<A u 58 , A u 58 >_{-1}^0.5 =  0.1288555381466604
Newton iteration: 59 Time elapsed =0:33:17.348122
<A u 59 , A u 59 >_{-1}^0.5 =  0.12502538164745458
Newton iteration: 60 Time elapsed =0:33:54.174876
<A u 60 , A u 60 >_{-1}^0.5 =  0.12130806877950702
Newton iteration: 61 Time elapsed =0:34:26.865853
<A u 61 , A u 61 >_{-1}^0.5 =  0.11770033267246424
Newton iteration: 62 Time elapsed =0:34:59.618813
<A u 62 , A u 62 >_{-1}^0.5 =  0.11419899776785063
Newton iteration: 63 Time elapsed =0:35:31.940000
<A u 63 , A u 63 >_{-1}^0.5 =  0.11080097744726403
Newton iteration: 64 Time elapsed =0:36:04.304845
<A u 64 , A u 64 >_{-1}^0.5 =  0.1075032717126338
Newton iteration: 65 Time elapsed =0:36:35.331543
<A u 65 , A u 65 >_{-1}^0.5 =  0.10430296491785368
Newton iteration: 66 Time elapsed =0:37:08.064744
<A u 66 , A u 66 >_{-1}^0.5 =  0.10119722355109938
Newton iteration: 67 Time elapsed =0:37:43.152150
<A u 67 , A u 67 >_{-1}^0.5 =  0.09818329406713251
Newton iteration: 68 Time elapsed =0:38:15.399007
<A u 68 , A u 68 >_{-1}^0.5 =  0.09525850076887529
Newton iteration: 69 Time elapsed =0:38:48.428919
<A u 69 , A u 69 >_{-1}^0.5 =  0.09242024373755622
Newton iteration: 70 Time elapsed =0:39:23.479906
<A u 70 , A u 70 >_{-1}^0.5 =  0.0896659968106928
Newton iteration: 71 Time elapsed =0:39:59.178999
<A u 71 , A u 71 >_{-1}^0.5 =  0.08699330560718725
Newton iteration: 72 Time elapsed =0:40:34.094976
<A u 72 , A u 72 >_{-1}^0.5 =  0.08439978559880094
Newton iteration: 73 Time elapsed =0:41:06.625443
<A u 73 , A u 73 >_{-1}^0.5 =  0.08188312022726672
Newton iteration: 74 Time elapsed =0:41:38.241810
<A u 74 , A u 74 >_{-1}^0.5 =  0.07944105906628406
Newton iteration: 75 Time elapsed =0:42:10.396944
<A u 75 , A u 75 >_{-1}^0.5 =  0.07707141602765717
Newton iteration: 76 Time elapsed =0:42:44.051682
<A u 76 , A u 76 >_{-1}^0.5 =  0.07477206761081254
Newton iteration: 77 Time elapsed =0:43:18.097532
<A u 77 , A u 77 >_{-1}^0.5 =  0.07254095119493441
Newton iteration: 78 Time elapsed =0:43:51.987648
<A u 78 , A u 78 >_{-1}^0.5 =  0.0703760633729696
Newton iteration: 79 Time elapsed =0:44:26.785010
<A u 79 , A u 79 >_{-1}^0.5 =  0.0682754583267223
Newton iteration: 80 Time elapsed =0:45:04.071678
<A u 80 , A u 80 >_{-1}^0.5 =  0.06623724624229098
Newton iteration: 81 Time elapsed =0:45:36.961964
<A u 81 , A u 81 >_{-1}^0.5 =  0.06425959176507143
Newton iteration: 82 Time elapsed =0:46:09.993317
<A u 82 , A u 82 >_{-1}^0.5 =  0.06234071249357707
Newton iteration: 83 Time elapsed =0:46:41.536018
<A u 83 , A u 83 >_{-1}^0.5 =  0.060478877511306275
Newton iteration: 84 Time elapsed =0:47:12.784905
<A u 84 , A u 84 >_{-1}^0.5 =  0.05867240595590371
Newton iteration: 85 Time elapsed =0:47:47.257888
<A u 85 , A u 85 >_{-1}^0.5 =  0.056919665624864266
Newton iteration: 86 Time elapsed =0:48:17.703862
<A u 86 , A u 86 >_{-1}^0.5 =  0.05521907161702622
Newton iteration: 87 Time elapsed =0:48:47.262103
<A u 87 , A u 87 >_{-1}^0.5 =  0.05356908500910995
Newton iteration: 88 Time elapsed =0:49:17.935288
<A u 88 , A u 88 >_{-1}^0.5 =  0.051968211566567474
Newton iteration: 89 Time elapsed =0:49:50.122865
<A u 89 , A u 89 >_{-1}^0.5 =  0.050415000488000405
Newton iteration: 90 Time elapsed =0:50:21.773743
<A u 90 , A u 90 >_{-1}^0.5 =  0.04890804318243023
Newton iteration: 91 Time elapsed =0:50:58.540977
<A u 91 , A u 91 >_{-1}^0.5 =  0.047445972078693305
Newton iteration: 92 Time elapsed =0:51:32.525685
<A u 92 , A u 92 >_{-1}^0.5 =  0.0460274594662542
Newton iteration: 93 Time elapsed =0:52:04.984303
<A u 93 , A u 93 >_{-1}^0.5 =  0.044651216366729356
Newton iteration: 94 Time elapsed =0:52:36.795126
<A u 94 , A u 94 >_{-1}^0.5 =  0.043315991435430086
Newton iteration: 95 Time elapsed =0:53:10.768522
<A u 95 , A u 95 >_{-1}^0.5 =  0.04202056989223358
Newton iteration: 96 Time elapsed =0:53:44.326695
<A u 96 , A u 96 >_{-1}^0.5 =  0.04076377248110848
Newton iteration: 97 Time elapsed =0:54:16.937128
<A u 97 , A u 97 >_{-1}^0.5 =  0.039544454457624306
Newton iteration: 98 Time elapsed =0:54:53.495253
<A u 98 , A u 98 >_{-1}^0.5 =  0.03836150460378828
Newton iteration: 99 Time elapsed =0:55:23.972086
<A u 99 , A u 99 >_{-1}^0.5 =  0.03721384426956052
Total time elapsed =3:36:46.233187
*** Iteration # 4 . Shear modulus G =  0.4756482758891544
Newton iteration: 0 Time elapsed =0:00:32.523869
<A u 0 , A u 0 >_{-1}^0.5 =  0.6691257923534054
Newton iteration: 1 Time elapsed =0:01:03.783203
<A u 1 , A u 1 >_{-1}^0.5 =  0.6497999518008339
Newton iteration: 2 Time elapsed =0:01:35.897180
<A u 2 , A u 2 >_{-1}^0.5 =  0.6310255387195417
Newton iteration: 3 Time elapsed =0:02:10.903868
<A u 3 , A u 3 >_{-1}^0.5 =  0.6127855686793976
Newton iteration: 4 Time elapsed =0:02:42.592942
<A u 4 , A u 4 >_{-1}^0.5 =  0.5950639185172322
Newton iteration: 5 Time elapsed =0:03:14.810166
<A u 5 , A u 5 >_{-1}^0.5 =  0.5778452221259938
Newton iteration: 6 Time elapsed =0:03:47.631675
<A u 6 , A u 6 >_{-1}^0.5 =  0.5611147855187758
Newton iteration: 7 Time elapsed =0:04:18.579532
<A u 7 , A u 7 >_{-1}^0.5 =  0.5448585170826662
Newton iteration: 8 Time elapsed =0:04:54.394409
<A u 8 , A u 8 >_{-1}^0.5 =  0.5290628698833929
Newton iteration: 9 Time elapsed =0:05:28.125136
<A u 9 , A u 9 >_{-1}^0.5 =  0.513714793590528
Newton iteration: 10 Time elapsed =0:06:03.682076
<A u 10 , A u 10 >_{-1}^0.5 =  0.4988016941287504
Newton iteration: 11 Time elapsed =0:06:37.054336
<A u 11 , A u 11 >_{-1}^0.5 =  0.48431139956839875
Newton iteration: 12 Time elapsed =0:07:12.344730
<A u 12 , A u 12 >_{-1}^0.5 =  0.47023213108140965
Newton iteration: 13 Time elapsed =0:07:46.168551
<A u 13 , A u 13 >_{-1}^0.5 =  0.4565524780302263
Newton iteration: 14 Time elapsed =0:08:17.006143
<A u 14 , A u 14 >_{-1}^0.5 =  0.44326137644505703
Newton iteration: 15 Time elapsed =0:08:50.088230
<A u 15 , A u 15 >_{-1}^0.5 =  0.43034809029167875
Newton iteration: 16 Time elapsed =0:09:22.792081
<A u 16 , A u 16 >_{-1}^0.5 =  0.4178021950475973
Newton iteration: 17 Time elapsed =0:09:56.585102
<A u 17 , A u 17 >_{-1}^0.5 =  0.4056135631957368
Newton iteration: 18 Time elapsed =0:10:32.567226
<A u 18 , A u 18 >_{-1}^0.5 =  0.3937723513176271
Newton iteration: 19 Time elapsed =0:11:08.692938
<A u 19 , A u 19 >_{-1}^0.5 =  0.3822689885261433
Newton iteration: 20 Time elapsed =0:11:41.453544
<A u 20 , A u 20 >_{-1}^0.5 =  0.37109416602465
Newton iteration: 21 Time elapsed =0:12:14.111972
<A u 21 , A u 21 >_{-1}^0.5 =  0.36023882761702153
Newton iteration: 22 Time elapsed =0:12:47.299969
<A u 22 , A u 22 >_{-1}^0.5 =  0.3496941610236488
Newton iteration: 23 Time elapsed =0:13:18.353343
<A u 23 , A u 23 >_{-1}^0.5 =  0.33945158988338453
Newton iteration: 24 Time elapsed =0:13:50.659841
<A u 24 , A u 24 >_{-1}^0.5 =  0.32950276634168907
Newton iteration: 25 Time elapsed =0:14:23.071242
<A u 25 , A u 25 >_{-1}^0.5 =  0.31983956414193987
Newton iteration: 26 Time elapsed =0:14:55.461249
<A u 26 , A u 26 >_{-1}^0.5 =  0.3104540721505625
Newton iteration: 27 Time elapsed =0:15:30.303708
<A u 27 , A u 27 >_{-1}^0.5 =  0.3013385882579577
Newton iteration: 28 Time elapsed =0:16:04.495164
<A u 28 , A u 28 >_{-1}^0.5 =  0.2924856136065597
Newton iteration: 29 Time elapsed =0:16:37.516158
<A u 29 , A u 29 >_{-1}^0.5 =  0.2838878471051875
Newton iteration: 30 Time elapsed =0:17:12.198104
<A u 30 , A u 30 >_{-1}^0.5 =  0.2755381801952556
Newton iteration: 31 Time elapsed =0:17:45.185377
<A u 31 , A u 31 >_{-1}^0.5 =  0.26742969183986376
Newton iteration: 32 Time elapsed =0:18:15.952352
<A u 32 , A u 32 >_{-1}^0.5 =  0.2595556437112862
Newton iteration: 33 Time elapsed =0:18:49.142341
<A u 33 , A u 33 >_{-1}^0.5 =  0.2519094755561423
Newton iteration: 34 Time elapsed =0:19:22.118113
<A u 34 , A u 34 >_{-1}^0.5 =  0.24448480072073464
Newton iteration: 35 Time elapsed =0:19:52.808069
<A u 35 , A u 35 >_{-1}^0.5 =  0.2372754018216812
Newton iteration: 36 Time elapsed =0:20:27.245586
<A u 36 , A u 36 >_{-1}^0.5 =  0.23027522654922195
Newton iteration: 37 Time elapsed =0:20:58.837545
<A u 37 , A u 37 >_{-1}^0.5 =  0.22347838359245945
Newton iteration: 38 Time elapsed =0:21:32.092238
<A u 38 , A u 38 >_{-1}^0.5 =  0.21687913867740466
Newton iteration: 39 Time elapsed =0:22:04.456396
<A u 39 , A u 39 >_{-1}^0.5 =  0.21047191071000576
Newton iteration: 40 Time elapsed =0:22:37.043084
<A u 40 , A u 40 >_{-1}^0.5 =  0.2042512680175106
Newton iteration: 41 Time elapsed =0:23:11.463409
<A u 41 , A u 41 >_{-1}^0.5 =  0.1982119246824535
Newton iteration: 42 Time elapsed =0:23:43.138312
<A u 42 , A u 42 >_{-1}^0.5 =  0.1923487369643276
Newton iteration: 43 Time elapsed =0:24:16.961174
<A u 43 , A u 43 >_{-1}^0.5 =  0.18665669980475955
Newton iteration: 44 Time elapsed =0:24:51.413119
<A u 44 , A u 44 >_{-1}^0.5 =  0.18113094341251337
Newton iteration: 45 Time elapsed =0:25:24.181994
<A u 45 , A u 45 >_{-1}^0.5 =  0.17576672992515097
Newton iteration: 46 Time elapsed =0:25:56.353431
<A u 46 , A u 46 >_{-1}^0.5 =  0.1705594501446029
Newton iteration: 47 Time elapsed =0:26:25.722278
<A u 47 , A u 47 >_{-1}^0.5 =  0.16550462034421753
Newton iteration: 48 Time elapsed =0:27:00.177323
<A u 48 , A u 48 >_{-1}^0.5 =  0.16059787914516493
Newton iteration: 49 Time elapsed =0:27:33.959310
<A u 49 , A u 49 >_{-1}^0.5 =  0.1558349844602979
Newton iteration: 50 Time elapsed =0:28:09.560106
<A u 50 , A u 50 >_{-1}^0.5 =  0.15121181050378307
Newton iteration: 51 Time elapsed =0:28:43.833344
<A u 51 , A u 51 >_{-1}^0.5 =  0.14672434486497327
Newton iteration: 52 Time elapsed =0:29:18.232027
<A u 52 , A u 52 >_{-1}^0.5 =  0.14236868564514515
Newton iteration: 53 Time elapsed =0:29:51.891113
<A u 53 , A u 53 >_{-1}^0.5 =  0.1381410386558203
Newton iteration: 54 Time elapsed =0:30:25.244076
<A u 54 , A u 54 >_{-1}^0.5 =  0.13403771467750838
Newton iteration: 55 Time elapsed =0:30:58.518332
<A u 55 , A u 55 >_{-1}^0.5 =  0.13005512677776376
Newton iteration: 56 Time elapsed =0:31:32.379051
<A u 56 , A u 56 >_{-1}^0.5 =  0.12618978768752764
Newton iteration: 57 Time elapsed =0:32:03.660232
<A u 57 , A u 57 >_{-1}^0.5 =  0.12243830723477399
Newton iteration: 58 Time elapsed =0:32:35.457113
<A u 58 , A u 58 >_{-1}^0.5 =  0.1187973898345154
Newton iteration: 59 Time elapsed =0:33:05.622143
<A u 59 , A u 59 >_{-1}^0.5 =  0.11526383203426314
Newton iteration: 60 Time elapsed =0:33:36.918118
<A u 60 , A u 60 >_{-1}^0.5 =  0.11183452011405796
Newton iteration: 61 Time elapsed =0:34:11.822143
<A u 61 , A u 61 >_{-1}^0.5 =  0.10850642774021461
Newton iteration: 62 Time elapsed =0:34:46.770021
<A u 62 , A u 62 >_{-1}^0.5 =  0.10527661367192905
Newton iteration: 63 Time elapsed =0:35:19.908062
<A u 63 , A u 63 >_{-1}^0.5 =  0.10214221951991831
Newton iteration: 64 Time elapsed =0:35:52.960788
<A u 64 , A u 64 >_{-1}^0.5 =  0.09910046755627114
Newton iteration: 65 Time elapsed =0:36:26.494465
<A u 65 , A u 65 >_{-1}^0.5 =  0.09614865857468533
Newton iteration: 66 Time elapsed =0:37:01.933215
<A u 66 , A u 66 >_{-1}^0.5 =  0.09328416980028566
Newton iteration: 67 Time elapsed =0:37:35.881149
<A u 67 , A u 67 >_{-1}^0.5 =  0.09050445284821051
Newton iteration: 68 Time elapsed =0:38:09.134483
<A u 68 , A u 68 >_{-1}^0.5 =  0.08780703173016216
Newton iteration: 69 Time elapsed =0:38:40.771904
<A u 69 , A u 69 >_{-1}^0.5 =  0.08518950090811019
Newton iteration: 70 Time elapsed =0:39:14.413918
<A u 70 , A u 70 >_{-1}^0.5 =  0.08264952339435767
Newton iteration: 71 Time elapsed =0:39:47.440137
<A u 71 , A u 71 >_{-1}^0.5 =  0.0801848288971518
Newton iteration: 72 Time elapsed =0:40:21.856085
<A u 72 , A u 72 >_{-1}^0.5 =  0.07779321201104936
Newton iteration: 73 Time elapsed =0:40:51.355177
<A u 73 , A u 73 >_{-1}^0.5 =  0.07547253045123796
Newton iteration: 74 Time elapsed =0:41:23.668904
<A u 74 , A u 74 >_{-1}^0.5 =  0.07322070333100363
Newton iteration: 75 Time elapsed =0:41:56.883430
<A u 75 , A u 75 >_{-1}^0.5 =  0.07103570948156296
Newton iteration: 76 Time elapsed =0:42:30.907103
<A u 76 , A u 76 >_{-1}^0.5 =  0.06891558581345637
Newton iteration: 77 Time elapsed =0:43:01.824526
<A u 77 , A u 77 >_{-1}^0.5 =  0.06685842571871364
Newton iteration: 78 Time elapsed =0:43:37.271247
<A u 78 , A u 78 >_{-1}^0.5 =  0.06486237751300396
Newton iteration: 79 Time elapsed =0:44:08.623117
<A u 79 , A u 79 >_{-1}^0.5 =  0.06292564291698853
Newton iteration: 80 Time elapsed =0:44:38.890678
<A u 80 , A u 80 >_{-1}^0.5 =  0.06104647557608938
Newton iteration: 81 Time elapsed =0:45:10.025102
<A u 81 , A u 81 >_{-1}^0.5 =  0.05922317961790548
Newton iteration: 82 Time elapsed =0:45:41.898180
<A u 82 , A u 82 >_{-1}^0.5 =  0.05745410824650056
Newton iteration: 83 Time elapsed =0:46:16.459930
<A u 83 , A u 83 >_{-1}^0.5 =  0.055737662372800915
Newton iteration: 84 Time elapsed =0:46:50.747779
<A u 84 , A u 84 >_{-1}^0.5 =  0.054072289280345014
Newton iteration: 85 Time elapsed =0:47:22.873248
<A u 85 , A u 85 >_{-1}^0.5 =  0.05245648132562971
Newton iteration: 86 Time elapsed =0:47:54.045162
<A u 86 , A u 86 >_{-1}^0.5 =  0.05088877467231304
Newton iteration: 87 Time elapsed =0:48:25.838070
<A u 87 , A u 87 >_{-1}^0.5 =  0.0493677480585333
Newton iteration: 88 Time elapsed =0:48:58.358176
<A u 88 , A u 88 >_{-1}^0.5 =  0.047892021596614966
Newton iteration: 89 Time elapsed =0:49:33.066271
<A u 89 , A u 89 >_{-1}^0.5 =  0.04646025560444415
Newton iteration: 90 Time elapsed =0:50:06.456127
<A u 90 , A u 90 >_{-1}^0.5 =  0.04507114946779743
Newton iteration: 91 Time elapsed =0:50:37.981389
<A u 91 , A u 91 >_{-1}^0.5 =  0.04372344053292396
Newton iteration: 92 Time elapsed =0:51:11.015121
<A u 92 , A u 92 >_{-1}^0.5 =  0.04241590302868445
Newton iteration: 93 Time elapsed =0:51:42.817191
<A u 93 , A u 93 >_{-1}^0.5 =  0.041147347017565915
Newton iteration: 94 Time elapsed =0:52:12.572094
<A u 94 , A u 94 >_{-1}^0.5 =  0.03991661737489434
Newton iteration: 95 Time elapsed =0:52:45.724816
<A u 95 , A u 95 >_{-1}^0.5 =  0.038722592795585216
Newton iteration: 96 Time elapsed =0:53:20.766177
<A u 96 , A u 96 >_{-1}^0.5 =  0.03756418482777231
Newton iteration: 97 Time elapsed =0:53:54.595794
<A u 97 , A u 97 >_{-1}^0.5 =  0.03644033693267746
Newton iteration: 98 Time elapsed =0:54:26.962741
<A u 98 , A u 98 >_{-1}^0.5 =  0.03535002357008382
Newton iteration: 99 Time elapsed =0:55:00.699458
<A u 99 , A u 99 >_{-1}^0.5 =  0.03429224930878992
Total time elapsed =4:31:47.175991
*** Iteration # 5 . Shear modulus G =  0.41219224572544255
Newton iteration: 0 Time elapsed =0:00:32.012404
<A u 0 , A u 0 >_{-1}^0.5 =  0.6213145394869085
Newton iteration: 1 Time elapsed =0:01:08.271645
<A u 1 , A u 1 >_{-1}^0.5 =  0.6033050605991045
Newton iteration: 2 Time elapsed =0:01:40.092610
<A u 2 , A u 2 >_{-1}^0.5 =  0.5858127711774249
Newton iteration: 3 Time elapsed =0:02:10.796640
<A u 3 , A u 3 >_{-1}^0.5 =  0.568821671566341
Newton iteration: 4 Time elapsed =0:02:42.324639
<A u 4 , A u 4 >_{-1}^0.5 =  0.5523165473109972
Newton iteration: 5 Time elapsed =0:03:16.889567
<A u 5 , A u 5 >_{-1}^0.5 =  0.5362828801905053
Newton iteration: 6 Time elapsed =0:03:50.902150
<A u 6 , A u 6 >_{-1}^0.5 =  0.5207067749501358
Newton iteration: 7 Time elapsed =0:04:22.053995
<A u 7 , A u 7 >_{-1}^0.5 =  0.5055748985259524
Newton iteration: 8 Time elapsed =0:04:56.083885
<A u 8 , A u 8 >_{-1}^0.5 =  0.49087442927286556
Newton iteration: 9 Time elapsed =0:05:26.324747
<A u 9 , A u 9 >_{-1}^0.5 =  0.4765930142505035
Newton iteration: 10 Time elapsed =0:05:59.291111
<A u 10 , A u 10 >_{-1}^0.5 =  0.46271873303624406
Newton iteration: 11 Time elapsed =0:06:32.717659
<A u 11 , A u 11 >_{-1}^0.5 =  0.4492400668536789
Newton iteration: 12 Time elapsed =0:07:07.660826
<A u 12 , A u 12 >_{-1}^0.5 =  0.4361458720517542
Newton iteration: 13 Time elapsed =0:07:39.733398
<A u 13 , A u 13 >_{-1}^0.5 =  0.42342535716217705
Newton iteration: 14 Time elapsed =0:08:10.246625
<A u 14 , A u 14 >_{-1}^0.5 =  0.4110680629134948
Newton iteration: 15 Time elapsed =0:08:44.822583
<A u 15 , A u 15 >_{-1}^0.5 =  0.39906384469914075
Newton iteration: 16 Time elapsed =0:09:18.814001
<A u 16 , A u 16 >_{-1}^0.5 =  0.3874028570910617
Newton iteration: 17 Time elapsed =0:09:52.495325
<A u 17 , A u 17 >_{-1}^0.5 =  0.37607554006566973
Newton iteration: 18 Time elapsed =0:10:24.268781
<A u 18 , A u 18 >_{-1}^0.5 =  0.3650726066690338
Newton iteration: 19 Time elapsed =0:10:59.957306
<A u 19 , A u 19 >_{-1}^0.5 =  0.3543850318967831
Newton iteration: 20 Time elapsed =0:11:34.885411
<A u 20 , A u 20 >_{-1}^0.5 =  0.3440040426032896
Newton iteration: 21 Time elapsed =0:12:08.103606
<A u 21 , A u 21 >_{-1}^0.5 =  0.3339211082865735
Newton iteration: 22 Time elapsed =0:12:40.830939
<A u 22 , A u 22 >_{-1}^0.5 =  0.3241279326213563
Newton iteration: 23 Time elapsed =0:13:11.044742
<A u 23 , A u 23 >_{-1}^0.5 =  0.31461644563389224
Newton iteration: 24 Time elapsed =0:13:44.774861
<A u 24 , A u 24 >_{-1}^0.5 =  0.30537879642967414
Newton iteration: 25 Time elapsed =0:14:19.607597
<A u 25 , A u 25 >_{-1}^0.5 =  0.296407346399586
Newton iteration: 26 Time elapsed =0:14:57.115851
<A u 26 , A u 26 >_{-1}^0.5 =  0.2876946628418447
Newton iteration: 27 Time elapsed =0:15:30.152414
<A u 27 , A u 27 >_{-1}^0.5 =  0.2792335129471145
Newton iteration: 28 Time elapsed =0:16:02.611322
<A u 28 , A u 28 >_{-1}^0.5 =  0.2710168581022768
Newton iteration: 29 Time elapsed =0:16:36.136883
<A u 29 , A u 29 >_{-1}^0.5 =  0.26303784847527617
Newton iteration: 30 Time elapsed =0:17:10.706601
<A u 30 , A u 30 >_{-1}^0.5 =  0.25528981784917165
Newton iteration: 31 Time elapsed =0:17:45.879856
<A u 31 , A u 31 >_{-1}^0.5 =  0.24776627867833692
Newton iteration: 32 Time elapsed =0:18:21.134105
<A u 32 , A u 32 >_{-1}^0.5 =  0.24046091734381425
Newton iteration: 33 Time elapsed =0:18:55.862895
<A u 33 , A u 33 >_{-1}^0.5 =  0.23336758958819998
Newton iteration: 34 Time elapsed =0:19:30.404787
<A u 34 , A u 34 >_{-1}^0.5 =  0.22648031611333586
Newton iteration: 35 Time elapsed =0:20:03.302644
<A u 35 , A u 35 >_{-1}^0.5 =  0.21979327832649764
Newton iteration: 36 Time elapsed =0:20:36.831279
<A u 36 , A u 36 >_{-1}^0.5 =  0.21329848182431077
Newton iteration: 37 Time elapsed =0:21:09.791088
<A u 37 , A u 37 >_{-1}^0.5 =  0.20699518375285192
Newton iteration: 38 Time elapsed =0:21:42.982931
<A u 38 , A u 38 >_{-1}^0.5 =  0.20087558418899162
Newton iteration: 39 Time elapsed =0:22:18.493558
<A u 39 , A u 39 >_{-1}^0.5 =  0.19493446768313938
Newton iteration: 40 Time elapsed =0:22:50.888481
<A u 40 , A u 40 >_{-1}^0.5 =  0.1891667600583005
Newton iteration: 41 Time elapsed =0:23:23.855618
<A u 41 , A u 41 >_{-1}^0.5 =  0.1835675248430806
Newton iteration: 42 Time elapsed =0:23:58.903664
<A u 42 , A u 42 >_{-1}^0.5 =  0.1781319597957605
Newton iteration: 43 Time elapsed =0:24:32.128116
<A u 43 , A u 43 >_{-1}^0.5 =  0.17285539351499427
Newton iteration: 44 Time elapsed =0:25:05.147410
<A u 44 , A u 44 >_{-1}^0.5 =  0.1677332821332528
Newton iteration: 45 Time elapsed =0:25:36.663849
<A u 45 , A u 45 >_{-1}^0.5 =  0.1627612060896038
Newton iteration: 46 Time elapsed =0:26:11.545700
<A u 46 , A u 46 >_{-1}^0.5 =  0.15793486697880868
Newton iteration: 47 Time elapsed =0:26:43.855378
<A u 47 , A u 47 >_{-1}^0.5 =  0.15325008447405852
Newton iteration: 48 Time elapsed =0:27:22.962646
<A u 48 , A u 48 >_{-1}^0.5 =  0.14870279332096428
Newton iteration: 49 Time elapsed =0:27:57.031827
<A u 49 , A u 49 >_{-1}^0.5 =  0.14428904040064874
Newton iteration: 50 Time elapsed =0:28:29.848854
<A u 50 , A u 50 >_{-1}^0.5 =  0.1400049818600027
Newton iteration: 51 Time elapsed =0:29:02.887727
<A u 51 , A u 51 >_{-1}^0.5 =  0.13584688030733533
Newton iteration: 52 Time elapsed =0:29:32.253735
<A u 52 , A u 52 >_{-1}^0.5 =  0.1318111020718034
Newton iteration: 53 Time elapsed =0:30:05.634736
<A u 53 , A u 53 >_{-1}^0.5 =  0.1278941145251232
Newton iteration: 54 Time elapsed =0:30:36.961118
<A u 54 , A u 54 >_{-1}^0.5 =  0.1240924834641759
Newton iteration: 55 Time elapsed =0:31:09.862101
<A u 55 , A u 55 >_{-1}^0.5 =  0.12040287055320609
Newton iteration: 56 Time elapsed =0:31:42.091693
<A u 56 , A u 56 >_{-1}^0.5 =  0.11682203082438478
Newton iteration: 57 Time elapsed =0:32:15.024015
<A u 57 , A u 57 >_{-1}^0.5 =  0.11334681023557448
Newton iteration: 58 Time elapsed =0:32:48.620687
<A u 58 , A u 58 >_{-1}^0.5 =  0.10997414328419092
Newton iteration: 59 Time elapsed =0:33:21.723873
<A u 59 , A u 59 >_{-1}^0.5 =  0.10670105067607946
Newton iteration: 60 Time elapsed =0:33:54.405877
<A u 60 , A u 60 >_{-1}^0.5 =  0.10352463704839272
Newton iteration: 61 Time elapsed =0:34:27.886620
<A u 61 , A u 61 >_{-1}^0.5 =  0.10044208874546035
Newton iteration: 62 Time elapsed =0:35:01.472640
<A u 62 , A u 62 >_{-1}^0.5 =  0.09745067164668143
Newton iteration: 63 Time elapsed =0:35:32.994781
<A u 63 , A u 63 >_{-1}^0.5 =  0.09454772904548511
Newton iteration: 64 Time elapsed =0:36:08.451664
<A u 64 , A u 64 >_{-1}^0.5 =  0.09173067957843375
Newton iteration: 65 Time elapsed =0:36:43.614862
<A u 65 , A u 65 >_{-1}^0.5 =  0.08899701520354591
Newton iteration: 66 Time elapsed =0:37:19.823173
<A u 66 , A u 66 >_{-1}^0.5 =  0.08634429922694231
Newton iteration: 67 Time elapsed =0:37:51.824762
<A u 67 , A u 67 >_{-1}^0.5 =  0.0837701643769146
Newton iteration: 68 Time elapsed =0:38:27.923587
<A u 68 , A u 68 >_{-1}^0.5 =  0.08127231092455241
Newton iteration: 69 Time elapsed =0:39:01.178178
<A u 69 , A u 69 >_{-1}^0.5 =  0.0788485048500405
Newton iteration: 70 Time elapsed =0:39:34.621527
<A u 70 , A u 70 >_{-1}^0.5 =  0.076496576053776
Newton iteration: 71 Time elapsed =0:40:07.396726
<A u 71 , A u 71 >_{-1}^0.5 =  0.074214416611446
Newton iteration: 72 Time elapsed =0:40:40.969491
<A u 72 , A u 72 >_{-1}^0.5 =  0.07199997907222341
Newton iteration: 73 Time elapsed =0:41:13.049673
<A u 73 , A u 73 >_{-1}^0.5 =  0.06985127479923275
Newton iteration: 74 Time elapsed =0:41:44.270297
<A u 74 , A u 74 >_{-1}^0.5 =  0.06776637235146458
Newton iteration: 75 Time elapsed =0:42:17.793641
<A u 75 , A u 75 >_{-1}^0.5 =  0.06574339590630728
Newton iteration: 76 Time elapsed =0:42:50.517387
<A u 76 , A u 76 >_{-1}^0.5 =  0.06378052372187965
Newton iteration: 77 Time elapsed =0:43:23.327486
<A u 77 , A u 77 >_{-1}^0.5 =  0.061875986638351935
Newton iteration: 78 Time elapsed =0:43:58.217861
<A u 78 , A u 78 >_{-1}^0.5 =  0.06002806661745681
Newton iteration: 79 Time elapsed =0:44:35.130257
<A u 79 , A u 79 >_{-1}^0.5 =  0.05823509531939163
Newton iteration: 80 Time elapsed =0:45:05.542917
<A u 80 , A u 80 >_{-1}^0.5 =  0.05649545271632195
Newton iteration: 81 Time elapsed =0:45:40.873670
<A u 81 , A u 81 >_{-1}^0.5 =  0.05480756574171479
Newton iteration: 82 Time elapsed =0:46:13.731767
<A u 82 , A u 82 >_{-1}^0.5 =  0.0531699069747228
Newton iteration: 83 Time elapsed =0:46:44.633393
<A u 83 , A u 83 >_{-1}^0.5 =  0.05158099335886006
Newton iteration: 84 Time elapsed =0:47:19.792675
<A u 84 , A u 84 >_{-1}^0.5 =  0.050039384954218745
Newton iteration: 85 Time elapsed =0:47:56.697739
<A u 85 , A u 85 >_{-1}^0.5 =  0.048543683722477145
Newton iteration: 86 Time elapsed =0:48:33.164627
<A u 86 , A u 86 >_{-1}^0.5 =  0.04709253234396865
Newton iteration: 87 Time elapsed =0:49:08.057685
<A u 87 , A u 87 >_{-1}^0.5 =  0.045684613066085844
Newton iteration: 88 Time elapsed =0:49:44.268414
<A u 88 , A u 88 >_{-1}^0.5 =  0.04431864658230135
Newton iteration: 89 Time elapsed =0:50:16.783923
<A u 89 , A u 89 >_{-1}^0.5 =  0.04299339094110476
Newton iteration: 90 Time elapsed =0:50:50.641518
<A u 90 , A u 90 >_{-1}^0.5 =  0.04170764048415772
Newton iteration: 91 Time elapsed =0:51:26.326342
<A u 91 , A u 91 >_{-1}^0.5 =  0.04046022481298442
Newton iteration: 92 Time elapsed =0:52:02.041653
<A u 92 , A u 92 >_{-1}^0.5 =  0.039250007783522195
Newton iteration: 93 Time elapsed =0:52:35.807746
<A u 93 , A u 93 >_{-1}^0.5 =  0.03807588652786972
Newton iteration: 94 Time elapsed =0:53:09.438754
<A u 94 , A u 94 >_{-1}^0.5 =  0.0369367905025821
Newton iteration: 95 Time elapsed =0:53:47.845969
<A u 95 , A u 95 >_{-1}^0.5 =  0.03583168056286842
Newton iteration: 96 Time elapsed =0:54:22.285607
<A u 96 , A u 96 >_{-1}^0.5 =  0.03475954806206498
Newton iteration: 97 Time elapsed =0:54:58.294830
<A u 97 , A u 97 >_{-1}^0.5 =  0.0337194139757626
Newton iteration: 98 Time elapsed =0:55:31.472560
<A u 98 , A u 98 >_{-1}^0.5 =  0.03271032804998
Newton iteration: 99 Time elapsed =0:56:05.010177
<A u 99 , A u 99 >_{-1}^0.5 =  0.0317313679727884
Total time elapsed =5:27:52.635234
*** Iteration # 6 . Shear modulus G =  0.3595139752662779
Newton iteration: 0 Time elapsed =0:00:33.816270
<A u 0 , A u 0 >_{-1}^0.5 =  0.5788604574237217
Newton iteration: 1 Time elapsed =0:01:04.407880
<A u 1 , A u 1 >_{-1}^0.5 =  0.5620258974859065
Newton iteration: 2 Time elapsed =0:01:37.382190
<A u 2 , A u 2 >_{-1}^0.5 =  0.5456777653444175
Newton iteration: 3 Time elapsed =0:02:11.271538
<A u 3 , A u 3 >_{-1}^0.5 =  0.5298009265141012
Newton iteration: 4 Time elapsed =0:02:46.424273
<A u 4 , A u 4 >_{-1}^0.5 =  0.5143809718789174
Newton iteration: 5 Time elapsed =0:03:18.449388
<A u 5 , A u 5 >_{-1}^0.5 =  0.49940414012131956
Newton iteration: 6 Time elapsed =0:03:51.465214
<A u 6 , A u 6 >_{-1}^0.5 =  0.48485725323437207
Newton iteration: 7 Time elapsed =0:04:26.833880
<A u 7 , A u 7 >_{-1}^0.5 =  0.4707276625374687
Newton iteration: 8 Time elapsed =0:05:00.808409
<A u 8 , A u 8 >_{-1}^0.5 =  0.45700320317506055
Newton iteration: 9 Time elapsed =0:05:33.656609
<A u 9 , A u 9 >_{-1}^0.5 =  0.4436721555053494
Newton iteration: 10 Time elapsed =0:06:05.135598
<A u 10 , A u 10 >_{-1}^0.5 =  0.430723212114979
Newton iteration: 11 Time elapsed =0:06:37.901182
<A u 11 , A u 11 >_{-1}^0.5 =  0.41814544945121285
Newton iteration: 12 Time elapsed =0:07:12.149170
<A u 12 , A u 12 >_{-1}^0.5 =  0.4059283032624782
Newton iteration: 13 Time elapsed =0:07:45.819431
<A u 13 , A u 13 >_{-1}^0.5 =  0.39406154719456077
Newton iteration: 14 Time elapsed =0:08:21.180226
<A u 14 , A u 14 >_{-1}^0.5 =  0.38253527401358617
Newton iteration: 15 Time elapsed =0:08:56.368178
<A u 15 , A u 15 >_{-1}^0.5 =  0.3713398790249882
Newton iteration: 16 Time elapsed =0:09:25.983367
<A u 16 , A u 16 >_{-1}^0.5 =  0.3604660453362293
Newton iteration: 17 Time elapsed =0:09:58.799846
<A u 17 , A u 17 >_{-1}^0.5 =  0.3499047306739224
Newton iteration: 18 Time elapsed =0:10:31.596723
<A u 18 , A u 18 >_{-1}^0.5 =  0.33964715551678515
Newton iteration: 19 Time elapsed =0:11:02.739461
<A u 19 , A u 19 >_{-1}^0.5 =  0.32968479234698883
Newton iteration: 20 Time elapsed =0:11:37.905916
<A u 20 , A u 20 >_{-1}^0.5 =  0.320009355855921
Newton iteration: 21 Time elapsed =0:12:11.773778
<A u 21 , A u 21 >_{-1}^0.5 =  0.3106127939677158
Newton iteration: 22 Time elapsed =0:12:44.891759
<A u 22 , A u 22 >_{-1}^0.5 =  0.3014872795663417
Newton iteration: 23 Time elapsed =0:13:17.787725
<A u 23 , A u 23 >_{-1}^0.5 =  0.29262520283046756
Newton iteration: 24 Time elapsed =0:13:50.564323
<A u 24 , A u 24 >_{-1}^0.5 =  0.2840191640956324
Newton iteration: 25 Time elapsed =0:14:26.416620
<A u 25 , A u 25 >_{-1}^0.5 =  0.2756619671758179
Newton iteration: 26 Time elapsed =0:15:00.762314
<A u 26 , A u 26 >_{-1}^0.5 =  0.26754661308711225
Newton iteration: 27 Time elapsed =0:15:34.408273
<A u 27 , A u 27 >_{-1}^0.5 =  0.2596662941248584
Newton iteration: 28 Time elapsed =0:16:07.798147
<A u 28 , A u 28 >_{-1}^0.5 =  0.2520143882530512
Newton iteration: 29 Time elapsed =0:16:41.459650
<A u 29 , A u 29 >_{-1}^0.5 =  0.24458445377088528
Newton iteration: 30 Time elapsed =0:17:15.155306
<A u 30 , A u 30 >_{-1}^0.5 =  0.2373702242265327
Newton iteration: 31 Time elapsed =0:17:49.738517
<A u 31 , A u 31 >_{-1}^0.5 =  0.2303656035525633
Newton iteration: 32 Time elapsed =0:18:23.294382
<A u 32 , A u 32 >_{-1}^0.5 =  0.22356466140111902
Newton iteration: 33 Time elapsed =0:18:55.793417
<A u 33 , A u 33 >_{-1}^0.5 =  0.21696162866006133
Newton iteration: 34 Time elapsed =0:19:31.709096
<A u 34 , A u 34 >_{-1}^0.5 =  0.21055089313392522
Newton iteration: 35 Time elapsed =0:20:07.343603
<A u 35 , A u 35 >_{-1}^0.5 =  0.2043269953757737
Newton iteration: 36 Time elapsed =0:20:39.499580
<A u 36 , A u 36 >_{-1}^0.5 =  0.19828462465793192
Newton iteration: 37 Time elapsed =0:21:11.131751
<A u 37 , A u 37 >_{-1}^0.5 =  0.1924186150712018
Newton iteration: 38 Time elapsed =0:21:41.851355
<A u 38 , A u 38 >_{-1}^0.5 =  0.18672394174353987
Newton iteration: 39 Time elapsed =0:22:14.483358
<A u 39 , A u 39 >_{-1}^0.5 =  0.18119571717035268
Newton iteration: 40 Time elapsed =0:22:48.263944
<A u 40 , A u 40 >_{-1}^0.5 =  0.17582918764956412
Newton iteration: 41 Time elapsed =0:23:20.759599
<A u 41 , A u 41 >_{-1}^0.5 =  0.1706197298154752
Newton iteration: 42 Time elapsed =0:23:54.436997
<A u 42 , A u 42 >_{-1}^0.5 =  0.16556284726615972
Newton iteration: 43 Time elapsed =0:24:26.140401
<A u 43 , A u 43 >_{-1}^0.5 =  0.16065416727978177
Newton iteration: 44 Time elapsed =0:24:59.032337
<A u 44 , A u 44 >_{-1}^0.5 =  0.15588943761573607
Newton iteration: 45 Time elapsed =0:25:34.471732
<A u 45 , A u 45 >_{-1}^0.5 =  0.15126452339698868
Newton iteration: 46 Time elapsed =0:26:07.852791
<A u 46 , A u 46 >_{-1}^0.5 =  0.14677540407038847
Newton iteration: 47 Time elapsed =0:26:42.355301
<A u 47 , A u 47 >_{-1}^0.5 =  0.14241817044203997
Newton iteration: 48 Time elapsed =0:27:17.018557
<A u 48 , A u 48 >_{-1}^0.5 =  0.13818902178514317
Newton iteration: 49 Time elapsed =0:27:50.190200
<A u 49 , A u 49 >_{-1}^0.5 =  0.13408426301792795
Newton iteration: 50 Time elapsed =0:28:21.251145
<A u 50 , A u 50 >_{-1}^0.5 =  0.13010030194954036
Newton iteration: 51 Time elapsed =0:28:53.623236
<A u 51 , A u 51 >_{-1}^0.5 =  0.12623364659190886
Newton iteration: 52 Time elapsed =0:29:25.542058
<A u 52 , A u 52 >_{-1}^0.5 =  0.12248090253578577
Newton iteration: 53 Time elapsed =0:29:59.714747
<A u 53 , A u 53 >_{-1}^0.5 =  0.11883877038927379
Newton iteration: 54 Time elapsed =0:30:31.544242
<A u 54 , A u 54 >_{-1}^0.5 =  0.11530404327728583
Newton iteration: 55 Time elapsed =0:31:06.942419
<A u 55 , A u 55 >_{-1}^0.5 =  0.11187360440046472
Newton iteration: 56 Time elapsed =0:31:39.935252
<A u 56 , A u 56 >_{-1}^0.5 =  0.10854442465218397
Newton iteration: 57 Time elapsed =0:32:13.266688
<A u 57 , A u 57 >_{-1}^0.5 =  0.10531356029231616
Newton iteration: 58 Time elapsed =0:32:44.764737
<A u 58 , A u 58 >_{-1}^0.5 =  0.10217815067652837
Newton iteration: 59 Time elapsed =0:33:18.107091
<A u 59 , A u 59 >_{-1}^0.5 =  0.09913541603990855
Newton iteration: 60 Time elapsed =0:33:48.970139
<A u 60 , A u 60 >_{-1}^0.5 =  0.09618265533377028
Newton iteration: 61 Time elapsed =0:34:23.227550
<A u 61 , A u 61 >_{-1}^0.5 =  0.09331724411453696
Newton iteration: 62 Time elapsed =0:34:57.892264
<A u 62 , A u 62 >_{-1}^0.5 =  0.0905366324836267
Newton iteration: 63 Time elapsed =0:35:30.804782
<A u 63 , A u 63 >_{-1}^0.5 =  0.0878383430773016
Newton iteration: 64 Time elapsed =0:36:05.192720
<A u 64 , A u 64 >_{-1}^0.5 =  0.08521996910546227
Newton iteration: 65 Time elapsed =0:36:39.151289
<A u 65 , A u 65 >_{-1}^0.5 =  0.08267917243839298
Newton iteration: 66 Time elapsed =0:37:11.690773
<A u 66 , A u 66 >_{-1}^0.5 =  0.08021368174050036
Newton iteration: 67 Time elapsed =0:37:45.804261
<A u 67 , A u 67 >_{-1}^0.5 =  0.07782129065007504
Newton iteration: 68 Time elapsed =0:38:22.019553
<A u 68 , A u 68 >_{-1}^0.5 =  0.07549985600415846
Newton iteration: 69 Time elapsed =0:38:52.670390
<A u 69 , A u 69 >_{-1}^0.5 =  0.07324729610758356
Newton iteration: 70 Time elapsed =0:39:24.404292
<A u 70 , A u 70 >_{-1}^0.5 =  0.07106158904529523
Newton iteration: 71 Time elapsed =0:39:57.342238
<A u 71 , A u 71 >_{-1}^0.5 =  0.06894077103705185
Newton iteration: 72 Time elapsed =0:40:29.391160
<A u 72 , A u 72 >_{-1}^0.5 =  0.06688293483363286
Newton iteration: 73 Time elapsed =0:41:01.474186
<A u 73 , A u 73 >_{-1}^0.5 =  0.06488622815368614
Newton iteration: 74 Time elapsed =0:41:33.256180
<A u 74 , A u 74 >_{-1}^0.5 =  0.06294885216036343
Newton iteration: 75 Time elapsed =0:42:06.154215
<A u 75 , A u 75 >_{-1}^0.5 =  0.06106905997689701
Newton iteration: 76 Time elapsed =0:42:36.057378
<A u 76 , A u 76 >_{-1}^0.5 =  0.059245155240287166
Newton iteration: 77 Time elapsed =0:43:08.965306
<A u 77 , A u 77 >_{-1}^0.5 =  0.05747549069228358
Newton iteration: 78 Time elapsed =0:43:42.331175
<A u 78 , A u 78 >_{-1}^0.5 =  0.055758466806847026
Newton iteration: 79 Time elapsed =0:44:15.907574
<A u 79 , A u 79 >_{-1}^0.5 =  0.05409253045329284
Newton iteration: 80 Time elapsed =0:44:46.485287
<A u 80 , A u 80 >_{-1}^0.5 =  0.05247617359433178
Newton iteration: 81 Time elapsed =0:45:20.896240
<A u 81 , A u 81 >_{-1}^0.5 =  0.05090793201822879
Newton iteration: 82 Time elapsed =0:45:53.043161
<A u 82 , A u 82 >_{-1}^0.5 =  0.04938638410431176
Newton iteration: 83 Time elapsed =0:46:25.473438
<A u 83 , A u 83 >_{-1}^0.5 =  0.04791014962108206
Newton iteration: 84 Time elapsed =0:46:59.634501
<A u 84 , A u 84 >_{-1}^0.5 =  0.04647788855617294
Newton iteration: 85 Time elapsed =0:47:35.743225
<A u 85 , A u 85 >_{-1}^0.5 =  0.045088299977435096
Newton iteration: 86 Time elapsed =0:48:11.404962
<A u 86 , A u 86 >_{-1}^0.5 =  0.043740120924414407
Newton iteration: 87 Time elapsed =0:48:45.962261
<A u 87 , A u 87 >_{-1}^0.5 =  0.0424321253295254
Newton iteration: 88 Time elapsed =0:49:21.638397
<A u 88 , A u 88 >_{-1}^0.5 =  0.04116312296820801
Newton iteration: 89 Time elapsed =0:49:55.358798
<A u 89 , A u 89 >_{-1}^0.5 =  0.039931958437391786
Newton iteration: 90 Time elapsed =0:50:30.802458
<A u 90 , A u 90 >_{-1}^0.5 =  0.038737510161584186
Newton iteration: 91 Time elapsed =0:51:04.024234
<A u 91 , A u 91 >_{-1}^0.5 =  0.037578689425917904
Newton iteration: 92 Time elapsed =0:51:35.222534
<A u 92 , A u 92 >_{-1}^0.5 =  0.03645443943551417
Newton iteration: 93 Time elapsed =0:52:09.888693
<A u 93 , A u 93 >_{-1}^0.5 =  0.035363734400502715
Newton iteration: 94 Time elapsed =0:52:43.682074
<A u 94 , A u 94 >_{-1}^0.5 =  0.0343055786460897
Newton iteration: 95 Time elapsed =0:53:19.544592
<A u 95 , A u 95 >_{-1}^0.5 =  0.033279005747037245
Newton iteration: 96 Time elapsed =0:53:51.850406
<A u 96 , A u 96 >_{-1}^0.5 =  0.03228307768595756
Newton iteration: 97 Time elapsed =0:54:25.413080
<A u 97 , A u 97 >_{-1}^0.5 =  0.031316884034824764
Newton iteration: 98 Time elapsed =0:54:58.881210
<A u 98 , A u 98 >_{-1}^0.5 =  0.030379541159121098
Newton iteration: 99 Time elapsed =0:55:29.556636
<A u 99 , A u 99 >_{-1}^0.5 =  0.029470191444041723
Total time elapsed =6:23:22.482896
*** Iteration # 7 . Shear modulus G =  0.3154233051888026
Newton iteration: 0 Time elapsed =0:00:33.413523
<A u 0 , A u 0 >_{-1}^0.5 =  0.5409769545479881
Newton iteration: 1 Time elapsed =0:01:06.645060
<A u 1 , A u 1 >_{-1}^0.5 =  0.5251953760177829
Newton iteration: 2 Time elapsed =0:01:39.371888
<A u 2 , A u 2 >_{-1}^0.5 =  0.509872516430216
Newton iteration: 3 Time elapsed =0:02:15.182890
<A u 3 , A u 3 >_{-1}^0.5 =  0.49499400345410766
Newton iteration: 4 Time elapsed =0:02:49.609567
<A u 4 , A u 4 >_{-1}^0.5 =  0.48054614297484904
Newton iteration: 5 Time elapsed =0:03:22.826807
<A u 5 , A u 5 >_{-1}^0.5 =  0.4665158500606032
Newton iteration: 6 Time elapsed =0:03:58.487519
<A u 6 , A u 6 >_{-1}^0.5 =  0.4528905910810952
Newton iteration: 7 Time elapsed =0:04:32.221651
<A u 7 , A u 7 >_{-1}^0.5 =  0.43965833485437633
Newton iteration: 8 Time elapsed =0:05:05.647315
<A u 8 , A u 8 >_{-1}^0.5 =  0.4268075111431251
Newton iteration: 9 Time elapsed =0:05:39.196467
<A u 9 , A u 9 >_{-1}^0.5 =  0.41432697516633166
Newton iteration: 10 Time elapsed =0:06:11.752216
<A u 10 , A u 10 >_{-1}^0.5 =  0.40220597705981553
Newton iteration: 11 Time elapsed =0:06:45.370402
<A u 11 , A u 11 >_{-1}^0.5 =  0.390434135428095
Newton iteration: 12 Time elapsed =0:07:19.197569
<A u 12 , A u 12 >_{-1}^0.5 =  0.37900141429471285
Newton iteration: 13 Time elapsed =0:07:52.034545
<A u 13 , A u 13 >_{-1}^0.5 =  0.36789810288827596
Newton iteration: 14 Time elapsed =0:08:26.693193
<A u 14 , A u 14 >_{-1}^0.5 =  0.3571147978050549
Newton iteration: 15 Time elapsed =0:08:59.711643
<A u 15 , A u 15 >_{-1}^0.5 =  0.3466423871717796
Newton iteration: 16 Time elapsed =0:09:33.525377
<A u 16 , A u 16 >_{-1}^0.5 =  0.33647203649891966
Newton iteration: 17 Time elapsed =0:10:09.438089
<A u 17 , A u 17 >_{-1}^0.5 =  0.32659517596843324
Newton iteration: 18 Time elapsed =0:10:44.146674
<A u 18 , A u 18 >_{-1}^0.5 =  0.3170034889436792
Newton iteration: 19 Time elapsed =0:11:15.369662
<A u 19 , A u 19 >_{-1}^0.5 =  0.3076889015247421
Newton iteration: 20 Time elapsed =0:11:51.532438
<A u 20 , A u 20 >_{-1}^0.5 =  0.29864357300146993
Newton iteration: 21 Time elapsed =0:12:25.311713
<A u 21 , A u 21 >_{-1}^0.5 =  0.2898598870805371
Newton iteration: 22 Time elapsed =0:12:58.855615
<A u 22 , A u 22 >_{-1}^0.5 =  0.2813304437824626
Newton iteration: 23 Time elapsed =0:13:31.038569
<A u 23 , A u 23 >_{-1}^0.5 =  0.2730480519209508
Newton iteration: 24 Time elapsed =0:14:04.928192
<A u 24 , A u 24 >_{-1}^0.5 =  0.2650057220903853
Newton iteration: 25 Time elapsed =0:14:38.840901
<A u 25 , A u 25 >_{-1}^0.5 =  0.2571966600986661
Newton iteration: 26 Time elapsed =0:15:11.662598
<A u 26 , A u 26 >_{-1}^0.5 =  0.249614260791994
Newton iteration: 27 Time elapsed =0:15:43.770589
<A u 27 , A u 27 >_{-1}^0.5 =  0.24225210222613155
Newton iteration: 28 Time elapsed =0:16:17.185033
<A u 28 , A u 28 >_{-1}^0.5 =  0.2351039401453292
Newton iteration: 29 Time elapsed =0:16:51.830899
<A u 29 , A u 29 >_{-1}^0.5 =  0.22816370273565903
Newton iteration: 30 Time elapsed =0:17:26.632741
<A u 30 , A u 30 >_{-1}^0.5 =  0.2214254856243125
Newton iteration: 31 Time elapsed =0:17:58.785547
<A u 31 , A u 31 >_{-1}^0.5 =  0.2148835471003459
Newton iteration: 32 Time elapsed =0:18:33.934624
<A u 32 , A u 32 >_{-1}^0.5 =  0.20853230353579305
Newton iteration: 33 Time elapsed =0:19:07.382236
<A u 33 , A u 33 >_{-1}^0.5 =  0.20236632498894483
Newton iteration: 34 Time elapsed =0:19:42.025479
<A u 34 , A u 34 >_{-1}^0.5 =  0.196380330974052
Newton iteration: 35 Time elapsed =0:20:15.036903
<A u 35 , A u 35 >_{-1}^0.5 =  0.19056918638378562
Newton iteration: 36 Time elapsed =0:20:49.814176
<A u 36 , A u 36 >_{-1}^0.5 =  0.18492789755261244
Newton iteration: 37 Time elapsed =0:21:23.778563
<A u 37 , A u 37 >_{-1}^0.5 =  0.17945160845073177
Newton iteration: 38 Time elapsed =0:21:56.952614
<A u 38 , A u 38 >_{-1}^0.5 =  0.1741355969995546
Newton iteration: 39 Time elapsed =0:22:27.681742
<A u 39 , A u 39 >_{-1}^0.5 =  0.16897527150083833
Newton iteration: 40 Time elapsed =0:23:00.034705
<A u 40 , A u 40 >_{-1}^0.5 =  0.16396616717251258
Newton iteration: 41 Time elapsed =0:23:35.643307
<A u 41 , A u 41 >_{-1}^0.5 =  0.1591039427851024
Newton iteration: 42 Time elapsed =0:24:08.782988
<A u 42 , A u 42 >_{-1}^0.5 =  0.15438437739334304
Newton iteration: 43 Time elapsed =0:24:44.476634
<A u 43 , A u 43 >_{-1}^0.5 =  0.1498033671582
Newton iteration: 44 Time elapsed =0:25:17.248516
<A u 44 , A u 44 >_{-1}^0.5 =  0.14535692225502825
Newton iteration: 45 Time elapsed =0:25:51.860560
<A u 45 , A u 45 >_{-1}^0.5 =  0.14104116386406598
Newton iteration: 46 Time elapsed =0:26:27.951075
<A u 46 , A u 46 >_{-1}^0.5 =  0.13685232123984917
Newton iteration: 47 Time elapsed =0:27:01.179509
<A u 47 , A u 47 >_{-1}^0.5 =  0.13278672885646842
Newton iteration: 48 Time elapsed =0:27:33.962617
<A u 48 , A u 48 >_{-1}^0.5 =  0.12884082362587454
Newton iteration: 49 Time elapsed =0:28:06.174628
<A u 49 , A u 49 >_{-1}^0.5 =  0.12501114218670806
Newton iteration: 50 Time elapsed =0:28:39.592806
<A u 50 , A u 50 >_{-1}^0.5 =  0.12129431826133154
Newton iteration: 51 Time elapsed =0:29:11.436556
<A u 51 , A u 51 >_{-1}^0.5 =  0.11768708007892947
Newton iteration: 52 Time elapsed =0:29:44.856534
<A u 52 , A u 52 >_{-1}^0.5 =  0.11418624786272343
Newton iteration: 53 Time elapsed =0:30:19.452651
<A u 53 , A u 53 >_{-1}^0.5 =  0.11078873137946513
Newton iteration: 54 Time elapsed =0:30:50.995745
<A u 54 , A u 54 >_{-1}^0.5 =  0.10749152754951294
Newton iteration: 55 Time elapsed =0:31:23.019692
<A u 55 , A u 55 >_{-1}^0.5 =  0.10429171811589484
Newton iteration: 56 Time elapsed =0:31:56.704624
<A u 56 , A u 56 >_{-1}^0.5 =  0.10118646737085117
Newton iteration: 57 Time elapsed =0:32:32.012551
<A u 57 , A u 57 >_{-1}^0.5 =  0.09817301993843741
Newton iteration: 58 Time elapsed =0:33:07.570602
<A u 58 , A u 58 >_{-1}^0.5 =  0.09524869861183898
Newton iteration: 59 Time elapsed =0:33:39.817946
<A u 59 , A u 59 >_{-1}^0.5 =  0.09241090224409473
Newton iteration: 60 Time elapsed =0:34:12.973130
<A u 60 , A u 60 >_{-1}^0.5 =  0.0896571036910089
Newton iteration: 61 Time elapsed =0:34:47.459109
<A u 61 , A u 61 >_{-1}^0.5 =  0.08698484780504764
Newton iteration: 62 Time elapsed =0:35:25.639599
<A u 62 , A u 62 >_{-1}^0.5 =  0.08439174947908484
Newton iteration: 63 Time elapsed =0:35:59.214642
<A u 63 , A u 63 >_{-1}^0.5 =  0.08187549173887738
Newton iteration: 64 Time elapsed =0:36:34.590602
<A u 64 , A u 64 >_{-1}^0.5 =  0.07943382388320208
Newton iteration: 65 Time elapsed =0:37:07.126671
<A u 65 , A u 65 >_{-1}^0.5 =  0.07706455967060166
Newton iteration: 66 Time elapsed =0:37:37.989787
<A u 66 , A u 66 >_{-1}^0.5 =  0.07476557555172529
Newton iteration: 67 Time elapsed =0:38:12.849292
<A u 67 , A u 67 >_{-1}^0.5 =  0.0725348089462644
Newton iteration: 68 Time elapsed =0:38:48.045574
<A u 68 , A u 68 >_{-1}^0.5 =  0.07037025656351234
Newton iteration: 69 Time elapsed =0:39:22.580576
<A u 69 , A u 69 >_{-1}^0.5 =  0.0682699727656007
Newton iteration: 70 Time elapsed =0:39:56.940674
<A u 70 , A u 70 >_{-1}^0.5 =  0.06623206797247189
Newton iteration: 71 Time elapsed =0:40:32.140349
<A u 71 , A u 71 >_{-1}^0.5 =  0.06425470710767957
Newton iteration: 72 Time elapsed =0:41:04.669661
<A u 72 , A u 72 >_{-1}^0.5 =  0.06233610808411947
Newton iteration: 73 Time elapsed =0:41:35.935419
<A u 73 , A u 73 >_{-1}^0.5 =  0.06047454032880258
Newton iteration: 74 Time elapsed =0:42:07.474649
<A u 74 , A u 74 >_{-1}^0.5 =  0.058668323345814885
Newton iteration: 75 Time elapsed =0:42:39.563698
<A u 75 , A u 75 >_{-1}^0.5 =  0.05691582531660326
Newton iteration: 76 Time elapsed =0:43:14.641009
<A u 76 , A u 76 >_{-1}^0.5 =  0.05521546173675636
Newton iteration: 77 Time elapsed =0:43:48.038954
<A u 77 , A u 77 >_{-1}^0.5 =  0.05356569408845527
Newton iteration: 78 Time elapsed =0:44:19.522617
<A u 78 , A u 78 >_{-1}^0.5 =  0.05196502854778732
Newton iteration: 79 Time elapsed =0:44:56.076812
<A u 79 , A u 79 >_{-1}^0.5 =  0.05041201472612406
Newton iteration: 80 Time elapsed =0:45:30.791044
<A u 80 , A u 80 >_{-1}^0.5 =  0.048905244444782864
Newton iteration: 81 Time elapsed =0:46:05.604612
<A u 81 , A u 81 >_{-1}^0.5 =  0.047443350542201924
Newton iteration: 82 Time elapsed =0:46:40.610911
<A u 82 , A u 82 >_{-1}^0.5 =  0.046025005712874496
Newton iteration: 83 Time elapsed =0:47:13.632210
<A u 83 , A u 83 >_{-1}^0.5 =  0.04464892137729494
Newton iteration: 84 Time elapsed =0:47:50.101833
<A u 84 , A u 84 >_{-1}^0.5 =  0.04331384658218656
Newton iteration: 85 Time elapsed =0:48:23.716489
<A u 85 , A u 85 >_{-1}^0.5 =  0.042018566930295945
Newton iteration: 86 Time elapsed =0:49:01.556891
<A u 86 , A u 86 >_{-1}^0.5 =  0.04076190353904333
Newton iteration: 87 Time elapsed =0:49:36.183569
<A u 87 , A u 87 >_{-1}^0.5 =  0.03954271202733816
Newton iteration: 88 Time elapsed =0:50:08.714546
<A u 88 , A u 88 >_{-1}^0.5 =  0.038359881529877994
Newton iteration: 89 Time elapsed =0:50:42.495085
<A u 89 , A u 89 >_{-1}^0.5 =  0.03721233373826484
Newton iteration: 90 Time elapsed =0:51:14.519388
<A u 90 , A u 90 >_{-1}^0.5 =  0.03609902196827702
Newton iteration: 91 Time elapsed =0:51:47.894566
<A u 91 , A u 91 >_{-1}^0.5 =  0.035018930252658294
Newton iteration: 92 Time elapsed =0:52:20.799527
<A u 92 , A u 92 >_{-1}^0.5 =  0.033971072458790476
Newton iteration: 93 Time elapsed =0:52:54.862871
<A u 93 , A u 93 >_{-1}^0.5 =  0.032954491430628265
Newton iteration: 94 Time elapsed =0:53:29.349050
<A u 94 , A u 94 >_{-1}^0.5 =  0.0319682581542906
Newton iteration: 95 Time elapsed =0:54:02.950860
<A u 95 , A u 95 >_{-1}^0.5 =  0.031011470946715018
Newton iteration: 96 Time elapsed =0:54:34.457643
<A u 96 , A u 96 >_{-1}^0.5 =  0.0300832546667865
Newton iteration: 97 Time elapsed =0:55:08.565401
<A u 97 , A u 97 >_{-1}^0.5 =  0.02918275994837279
Newton iteration: 98 Time elapsed =0:55:42.630864
<A u 98 , A u 98 >_{-1}^0.5 =  0.02830916245470802
Newton iteration: 99 Time elapsed =0:56:16.024167
<A u 99 , A u 99 >_{-1}^0.5 =  0.0274616621535684
Total time elapsed =7:19:38.815242
*** Iteration # 8 . Shear modulus G =  0.27824236160063337
Newton iteration: 0 Time elapsed =0:00:35.007317
<A u 0 , A u 0 >_{-1}^0.5 =  0.5069951747508626
Newton iteration: 1 Time elapsed =0:01:12.207846
<A u 1 , A u 1 >_{-1}^0.5 =  0.4921624825032588
Newton iteration: 2 Time elapsed =0:01:47.667241
<A u 2 , A u 2 >_{-1}^0.5 =  0.47776336777311573
Newton iteration: 3 Time elapsed =0:02:22.096905
<A u 3 , A u 3 >_{-1}^0.5 =  0.46378414158262987
Newton iteration: 4 Time elapsed =0:02:54.600501
<A u 4 , A u 4 >_{-1}^0.5 =  0.45021175501390337
Newton iteration: 5 Time elapsed =0:03:29.126133
<A u 5 , A u 5 >_{-1}^0.5 =  0.4370337366733949
Newton iteration: 6 Time elapsed =0:04:00.625972
<A u 6 , A u 6 >_{-1}^0.5 =  0.4242381398625993
Newton iteration: 7 Time elapsed =0:04:32.152395
<A u 7 , A u 7 >_{-1}^0.5 =  0.4118134976660411
Newton iteration: 8 Time elapsed =0:05:11.012627
<A u 8 , A u 8 >_{-1}^0.5 =  0.3997487845322632
Newton iteration: 9 Time elapsed =0:05:46.224775
<A u 9 , A u 9 >_{-1}^0.5 =  0.388033383207115
Newton iteration: 10 Time elapsed =0:06:20.124143
<A u 10 , A u 10 >_{-1}^0.5 =  0.3766570561007856
Newton iteration: 11 Time elapsed =0:06:55.980497
<A u 11 , A u 11 >_{-1}^0.5 =  0.3656099203449441
Newton iteration: 12 Time elapsed =0:07:28.680254
<A u 12 , A u 12 >_{-1}^0.5 =  0.35488242593499336
Newton iteration: 13 Time elapsed =0:08:01.814587
<A u 13 , A u 13 >_{-1}^0.5 =  0.34446533646294186
Newton iteration: 14 Time elapsed =0:08:36.142205
<A u 14 , A u 14 >_{-1}^0.5 =  0.33434971203477376
Newton iteration: 15 Time elapsed =0:09:12.309305
<A u 15 , A u 15 >_{-1}^0.5 =  0.3245268940375118
Newton iteration: 16 Time elapsed =0:09:44.575232
<A u 16 , A u 16 >_{-1}^0.5 =  0.3149884914787214
Newton iteration: 17 Time elapsed =0:10:18.015464
<A u 17 , A u 17 >_{-1}^0.5 =  0.30572636866803377
Newton iteration: 18 Time elapsed =0:10:49.858262
<A u 18 , A u 18 >_{-1}^0.5 =  0.29673263404849287
Newton iteration: 19 Time elapsed =0:11:26.094698
<A u 19 , A u 19 >_{-1}^0.5 =  0.28799963001683815
Newton iteration: 20 Time elapsed =0:11:59.280008
<A u 20 , A u 20 >_{-1}^0.5 =  0.27951992359763067
Newton iteration: 21 Time elapsed =0:12:29.306303
<A u 21 , A u 21 >_{-1}^0.5 =  0.27128629785739494
Newton iteration: 22 Time elapsed =0:13:02.544769
<A u 22 , A u 22 >_{-1}^0.5 =  0.2632917439626344
Newton iteration: 23 Time elapsed =0:13:34.480208
<A u 23 , A u 23 >_{-1}^0.5 =  0.2555294538002393
Newton iteration: 24 Time elapsed =0:14:07.464098
<A u 24 , A u 24 >_{-1}^0.5 =  0.2479928130910788
Newton iteration: 25 Time elapsed =0:14:41.690141
<A u 25 , A u 25 >_{-1}^0.5 =  0.24067539493781764
Newton iteration: 26 Time elapsed =0:15:18.296319
<A u 26 , A u 26 >_{-1}^0.5 =  0.23357095375663128
Newton iteration: 27 Time elapsed =0:15:55.077321
<A u 27 , A u 27 >_{-1}^0.5 =  0.22667341954971315
Newton iteration: 28 Time elapsed =0:16:25.956407
<A u 28 , A u 28 >_{-1}^0.5 =  0.2199768924816392
Newton iteration: 29 Time elapsed =0:16:58.277243
<A u 29 , A u 29 >_{-1}^0.5 =  0.21347563772778688
Newton iteration: 30 Time elapsed =0:17:31.224271
<A u 30 , A u 30 >_{-1}^0.5 =  0.20716408056742805
Newton iteration: 31 Time elapsed =0:18:04.201361
<A u 31 , A u 31 >_{-1}^0.5 =  0.20103680169784488
Newton iteration: 32 Time elapsed =0:18:37.167546
<A u 32 , A u 32 >_{-1}^0.5 =  0.1950885327489947
Newton iteration: 33 Time elapsed =0:19:11.419267
<A u 33 , A u 33 >_{-1}^0.5 =  0.18931415198095444
Newton iteration: 34 Time elapsed =0:19:47.065293
<A u 34 , A u 34 >_{-1}^0.5 =  0.18370868014871647
Newton iteration: 35 Time elapsed =0:20:21.423334
<A u 35 , A u 35 >_{-1}^0.5 =  0.17826727652087107
Newton iteration: 36 Time elapsed =0:20:56.241314
<A u 36 , A u 36 >_{-1}^0.5 =  0.17298523504042565
Newton iteration: 37 Time elapsed =0:21:30.580175
<A u 37 , A u 37 >_{-1}^0.5 =  0.16785798061746607
Newton iteration: 38 Time elapsed =0:22:04.416513
<A u 38 , A u 38 >_{-1}^0.5 =  0.1628810655446356
Newton iteration: 39 Time elapsed =0:22:39.931412
<A u 39 , A u 39 >_{-1}^0.5 =  0.15805016602745903
Newton iteration: 40 Time elapsed =0:23:14.833463
<A u 40 , A u 40 >_{-1}^0.5 =  0.15336107882251332
Newton iteration: 41 Time elapsed =0:23:48.693269
<A u 41 , A u 41 >_{-1}^0.5 =  0.14880850420175964
Newton iteration: 42 Time elapsed =0:24:22.462595
<A u 42 , A u 42 >_{-1}^0.5 =  0.14439093613408735
Newton iteration: 43 Time elapsed =0:24:55.144324
<A u 43 , A u 43 >_{-1}^0.5 =  0.14010326059193193
Newton iteration: 44 Time elapsed =0:25:30.572295
<A u 44 , A u 44 >_{-1}^0.5 =  0.1359417249113534
Newton iteration: 45 Time elapsed =0:26:01.738299
<A u 45 , A u 45 >_{-1}^0.5 =  0.1319026815915337
Newton iteration: 46 Time elapsed =0:26:34.782293
<A u 46 , A u 46 >_{-1}^0.5 =  0.12798258547075783
Newton iteration: 47 Time elapsed =0:27:07.559387
<A u 47 , A u 47 >_{-1}^0.5 =  0.12417799097844408
Newton iteration: 48 Time elapsed =0:27:44.504540
<A u 48 , A u 48 >_{-1}^0.5 =  0.1204855494603133
Newton iteration: 49 Time elapsed =0:28:16.653010
<A u 49 , A u 49 >_{-1}^0.5 =  0.1169020065740115
Newton iteration: 50 Time elapsed =0:28:48.515604
<A u 50 , A u 50 >_{-1}^0.5 =  0.11342419975274992
Newton iteration: 51 Time elapsed =0:29:20.744743
<A u 51 , A u 51 >_{-1}^0.5 =  0.11004905573470204
Newton iteration: 52 Time elapsed =0:29:53.333241
<A u 52 , A u 52 >_{-1}^0.5 =  0.10677358815607586
Newton iteration: 53 Time elapsed =0:30:26.918698
<A u 53 , A u 53 >_{-1}^0.5 =  0.10359489520592254
Newton iteration: 54 Time elapsed =0:31:02.066837
<A u 54 , A u 54 >_{-1}^0.5 =  0.10051015734087575
Newton iteration: 55 Time elapsed =0:31:35.015649
<A u 55 , A u 55 >_{-1}^0.5 =  0.09751663505812684
Newton iteration: 56 Time elapsed =0:32:08.262314
<A u 56 , A u 56 >_{-1}^0.5 =  0.09461166672504093
Newton iteration: 57 Time elapsed =0:32:39.388715
<A u 57 , A u 57 >_{-1}^0.5 =  0.09179266646390323
Newton iteration: 58 Time elapsed =0:33:12.002873
<A u 58 , A u 58 >_{-1}^0.5 =  0.08905712209036712
Newton iteration: 59 Time elapsed =0:33:43.964294
<A u 59 , A u 59 >_{-1}^0.5 =  0.08640259310424485
Newton iteration: 60 Time elapsed =0:34:16.172989
<A u 60 , A u 60 >_{-1}^0.5 =  0.08382670873132902
Newton iteration: 61 Time elapsed =0:34:49.344807
<A u 61 , A u 61 >_{-1}^0.5 =  0.08132716601500273
Newton iteration: 62 Time elapsed =0:35:23.362208
<A u 62 , A u 62 >_{-1}^0.5 =  0.07890172795643756
Newton iteration: 63 Time elapsed =0:35:57.506293
<A u 63 , A u 63 >_{-1}^0.5 =  0.07654822170221673
Newton iteration: 64 Time elapsed =0:36:31.475557
<A u 64 , A u 64 >_{-1}^0.5 =  0.07426453677826901
Newton iteration: 65 Time elapsed =0:37:06.418183
<A u 65 , A u 65 >_{-1}^0.5 =  0.07204862336902228
Newton iteration: 66 Time elapsed =0:37:39.541282
<A u 66 , A u 66 >_{-1}^0.5 =  0.06989849064073228
Newton iteration: 67 Time elapsed =0:38:14.824768
<A u 67 , A u 67 >_{-1}^0.5 =  0.06781220510795716
Newton iteration: 68 Time elapsed =0:38:50.883387
<A u 68 , A u 68 >_{-1}^0.5 =  0.0657874961147154
Newton iteration: 69 Time elapsed =0:39:25.284438
<A u 69 , A u 69 >_{-1}^0.5 =  0.06382333995086108
Newton iteration: 70 Time elapsed =0:39:57.124248
<A u 70 , A u 70 >_{-1}^0.5 =  0.06191755835272922
Newton iteration: 71 Time elapsed =0:40:32.200059
<A u 71 , A u 71 >_{-1}^0.5 =  0.0600684317467186
Newton iteration: 72 Time elapsed =0:41:06.525250
<A u 72 , A u 72 >_{-1}^0.5 =  0.058274290351704394
Newton iteration: 73 Time elapsed =0:41:40.591368
<A u 73 , A u 73 >_{-1}^0.5 =  0.056533512784348164
Newton iteration: 74 Time elapsed =0:42:14.340272
<A u 74 , A u 74 >_{-1}^0.5 =  0.05484452470104053
Newton iteration: 75 Time elapsed =0:42:49.117069
<A u 75 , A u 75 >_{-1}^0.5 =  0.053205797475621576
Newton iteration: 76 Time elapsed =0:43:22.862272
<A u 76 , A u 76 >_{-1}^0.5 =  0.051615846912044586
Newton iteration: 77 Time elapsed =0:43:51.915218
<A u 77 , A u 77 >_{-1}^0.5 =  0.05007323199116666
Newton iteration: 78 Time elapsed =0:44:30.166270
<A u 78 , A u 78 >_{-1}^0.5 =  0.048576553650858424
Newton iteration: 79 Time elapsed =0:45:00.097752
<A u 79 , A u 79 >_{-1}^0.5 =  0.04712445359865016
Newton iteration: 80 Time elapsed =0:45:32.706311
<A u 80 , A u 80 >_{-1}^0.5 =  0.045715613156138125
Newton iteration: 81 Time elapsed =0:46:07.137516
<A u 81 , A u 81 >_{-1}^0.5 =  0.04434875213439705
Newton iteration: 82 Time elapsed =0:46:43.703274
<A u 82 , A u 82 >_{-1}^0.5 =  0.04302262773964641
Newton iteration: 83 Time elapsed =0:47:16.476113
<A u 83 , A u 83 >_{-1}^0.5 =  0.041736033508454846
Newton iteration: 84 Time elapsed =0:47:46.594249
<A u 84 , A u 84 >_{-1}^0.5 =  0.04048779827175331
Newton iteration: 85 Time elapsed =0:48:21.872304
<A u 85 , A u 85 >_{-1}^0.5 =  0.03927678514696467
Newton iteration: 86 Time elapsed =0:48:56.363862
<A u 86 , A u 86 >_{-1}^0.5 =  0.03810189055755451
Newton iteration: 87 Time elapsed =0:49:28.133630
<A u 87 , A u 87 >_{-1}^0.5 =  0.036962043279334555
Newton iteration: 88 Time elapsed =0:50:01.768517
<A u 88 , A u 88 >_{-1}^0.5 =  0.03585620351285205
Newton iteration: 89 Time elapsed =0:50:34.131563
<A u 89 , A u 89 >_{-1}^0.5 =  0.034783361981220444
Newton iteration: 90 Time elapsed =0:51:05.543378
<A u 90 , A u 90 >_{-1}^0.5 =  0.033742539052749675
Newton iteration: 91 Time elapsed =0:51:37.125376
<A u 91 , A u 91 >_{-1}^0.5 =  0.03273278388776034
Newton iteration: 92 Time elapsed =0:52:08.569421
<A u 92 , A u 92 >_{-1}^0.5 =  0.031753173608970835
Newton iteration: 93 Time elapsed =0:52:39.602384
<A u 93 , A u 93 >_{-1}^0.5 =  0.03080281249484783
Newton iteration: 94 Time elapsed =0:53:13.867893
<A u 94 , A u 94 >_{-1}^0.5 =  0.029880831195355465
Newton iteration: 95 Time elapsed =0:53:46.195980
<A u 95 , A u 95 >_{-1}^0.5 =  0.02898638596951161
Newton iteration: 96 Time elapsed =0:54:19.510286
<A u 96 , A u 96 >_{-1}^0.5 =  0.028118657944201344
Newton iteration: 97 Time elapsed =0:54:52.496304
<A u 97 , A u 97 >_{-1}^0.5 =  0.027276852393692833
Newton iteration: 98 Time elapsed =0:55:26.464507
<A u 98 , A u 98 >_{-1}^0.5 =  0.02646019803932299
Newton iteration: 99 Time elapsed =0:55:59.886427
<A u 99 , A u 99 >_{-1}^0.5 =  0.025667946368825193
Total time elapsed =8:15:38.924860
*** Iteration # 9 . Shear modulus G =  0.2466712091017882
Newton iteration: 0 Time elapsed =0:00:34.930158
<A u 0 , A u 0 >_{-1}^0.5 =  0.47636540500081825
Newton iteration: 1 Time elapsed =0:01:06.456697
<A u 1 , A u 1 >_{-1}^0.5 =  0.462392141986654
Newton iteration: 2 Time elapsed =0:01:45.694754
<A u 2 , A u 2 >_{-1}^0.5 =  0.4488323900136037
Newton iteration: 3 Time elapsed =0:02:20.048274
<A u 3 , A u 3 >_{-1}^0.5 =  0.43566704324094285
Newton iteration: 4 Time elapsed =0:02:55.668335
<A u 4 , A u 4 >_{-1}^0.5 =  0.4228868008147928
Newton iteration: 5 Time elapsed =0:03:29.033192
<A u 5 , A u 5 >_{-1}^0.5 =  0.4104797549431335
Newton iteration: 6 Time elapsed =0:03:58.830684
<A u 6 , A u 6 >_{-1}^0.5 =  0.3984285635482574
Newton iteration: 7 Time elapsed =0:04:32.425624
<A u 7 , A u 7 >_{-1}^0.5 =  0.38672952912293723
Newton iteration: 8 Time elapsed =0:05:07.905433
<A u 8 , A u 8 >_{-1}^0.5 =  0.3753761465565735
Newton iteration: 9 Time elapsed =0:05:43.150681
<A u 9 , A u 9 >_{-1}^0.5 =  0.36435290388319974
Newton iteration: 10 Time elapsed =0:06:18.174310
<A u 10 , A u 10 >_{-1}^0.5 =  0.35365004236025505
Newton iteration: 11 Time elapsed =0:06:49.682350
<A u 11 , A u 11 >_{-1}^0.5 =  0.343251764870101
Newton iteration: 12 Time elapsed =0:07:22.206768
<A u 12 , A u 12 >_{-1}^0.5 =  0.3331621572012953
Newton iteration: 13 Time elapsed =0:07:55.337895
<A u 13 , A u 13 >_{-1}^0.5 =  0.3233622660460839
Newton iteration: 14 Time elapsed =0:08:33.020839
<A u 14 , A u 14 >_{-1}^0.5 =  0.31384667542722217
Newton iteration: 15 Time elapsed =0:09:07.268730
<A u 15 , A u 15 >_{-1}^0.5 =  0.3046081928137972
Newton iteration: 16 Time elapsed =0:09:39.394568
<A u 16 , A u 16 >_{-1}^0.5 =  0.2956403746169451
Newton iteration: 17 Time elapsed =0:10:13.645401
<A u 17 , A u 17 >_{-1}^0.5 =  0.28693418800793863
Newton iteration: 18 Time elapsed =0:10:49.251519
<A u 18 , A u 18 >_{-1}^0.5 =  0.27848105845145904
Newton iteration: 19 Time elapsed =0:11:24.094318
<A u 19 , A u 19 >_{-1}^0.5 =  0.2702697885994972
Newton iteration: 20 Time elapsed =0:11:58.015807
<A u 20 , A u 20 >_{-1}^0.5 =  0.26229711645854725
Newton iteration: 21 Time elapsed =0:12:33.965736
<A u 21 , A u 21 >_{-1}^0.5 =  0.25456087695196267
Newton iteration: 22 Time elapsed =0:13:11.076038
<A u 22 , A u 22 >_{-1}^0.5 =  0.2470498582902071
Newton iteration: 23 Time elapsed =0:13:42.149145
<A u 23 , A u 23 >_{-1}^0.5 =  0.23975608530651477
Newton iteration: 24 Time elapsed =0:14:16.646675
<A u 24 , A u 24 >_{-1}^0.5 =  0.2326746267338409
Newton iteration: 25 Time elapsed =0:14:53.956046
<A u 25 , A u 25 >_{-1}^0.5 =  0.22579966937821758
Newton iteration: 26 Time elapsed =0:15:26.400834
<A u 26 , A u 26 >_{-1}^0.5 =  0.21912713947496743
Newton iteration: 27 Time elapsed =0:16:00.344509
<A u 27 , A u 27 >_{-1}^0.5 =  0.212649364265022
Newton iteration: 28 Time elapsed =0:16:30.784824
<A u 28 , A u 28 >_{-1}^0.5 =  0.2063595008283863
Newton iteration: 29 Time elapsed =0:17:06.492045
<A u 29 , A u 29 >_{-1}^0.5 =  0.20025303749506607
Newton iteration: 30 Time elapsed =0:17:42.767450
<A u 30 , A u 30 >_{-1}^0.5 =  0.1943268253994933
Newton iteration: 31 Time elapsed =0:18:17.782820
<A u 31 , A u 31 >_{-1}^0.5 =  0.18857397094518283
Newton iteration: 32 Time elapsed =0:18:51.209889
<A u 32 , A u 32 >_{-1}^0.5 =  0.18298680709527926
Newton iteration: 33 Time elapsed =0:19:24.616905
<A u 33 , A u 33 >_{-1}^0.5 =  0.17756600935217548
Newton iteration: 34 Time elapsed =0:19:57.806864
<A u 34 , A u 34 >_{-1}^0.5 =  0.17230404969592697
Newton iteration: 35 Time elapsed =0:20:29.183914
<A u 35 , A u 35 >_{-1}^0.5 =  0.16719430805573826
Newton iteration: 36 Time elapsed =0:21:00.837781
<A u 36 , A u 36 >_{-1}^0.5 =  0.16223535787521076
Newton iteration: 37 Time elapsed =0:21:33.127147
<A u 37 , A u 37 >_{-1}^0.5 =  0.15742314396377505
Newton iteration: 38 Time elapsed =0:22:08.979123
<A u 38 , A u 38 >_{-1}^0.5 =  0.1527512093640571
Newton iteration: 39 Time elapsed =0:22:42.963768
<A u 39 , A u 39 >_{-1}^0.5 =  0.14821759129781018
Newton iteration: 40 Time elapsed =0:23:17.396775
<A u 40 , A u 40 >_{-1}^0.5 =  0.14381724471809845
Newton iteration: 41 Time elapsed =0:23:53.518354
<A u 41 , A u 41 >_{-1}^0.5 =  0.13954631879647533
Newton iteration: 42 Time elapsed =0:24:23.507360
<A u 42 , A u 42 >_{-1}^0.5 =  0.13540082819880117
Newton iteration: 43 Time elapsed =0:24:54.214858
<A u 43 , A u 43 >_{-1}^0.5 =  0.13137763094427748
Newton iteration: 44 Time elapsed =0:25:27.767776
<A u 44 , A u 44 >_{-1}^0.5 =  0.1274729389051582
Newton iteration: 45 Time elapsed =0:25:59.773756
<A u 45 , A u 45 >_{-1}^0.5 =  0.1236833167337041
Newton iteration: 46 Time elapsed =0:26:30.509943
<A u 46 , A u 46 >_{-1}^0.5 =  0.12000549726136832
Newton iteration: 47 Time elapsed =0:27:05.738156
<A u 47 , A u 47 >_{-1}^0.5 =  0.11643541810775072
Newton iteration: 48 Time elapsed =0:27:40.803618
<A u 48 , A u 48 >_{-1}^0.5 =  0.11297137524614384
Newton iteration: 49 Time elapsed =0:28:14.939938
<A u 49 , A u 49 >_{-1}^0.5 =  0.1096096025633073
Newton iteration: 50 Time elapsed =0:28:50.641517
<A u 50 , A u 50 >_{-1}^0.5 =  0.10634712365212465
Newton iteration: 51 Time elapsed =0:29:20.846771
<A u 51 , A u 51 >_{-1}^0.5 =  0.10318104652876248
Newton iteration: 52 Time elapsed =0:29:54.157758
<A u 52 , A u 52 >_{-1}^0.5 =  0.10010800275837363
Newton iteration: 53 Time elapsed =0:30:27.146308
<A u 53 , A u 53 >_{-1}^0.5 =  0.09712640265652488
Newton iteration: 54 Time elapsed =0:31:02.005429
<A u 54 , A u 54 >_{-1}^0.5 =  0.09423301114684489
Newton iteration: 55 Time elapsed =0:31:33.195774
<A u 55 , A u 55 >_{-1}^0.5 =  0.09142525161645189
Newton iteration: 56 Time elapsed =0:32:09.104224
<A u 56 , A u 56 >_{-1}^0.5 =  0.08870062096840861
Newton iteration: 57 Time elapsed =0:32:41.963383
<A u 57 , A u 57 >_{-1}^0.5 =  0.08605668760832375
Newton iteration: 58 Time elapsed =0:33:16.404761
<A u 58 , A u 58 >_{-1}^0.5 =  0.08349108948303882
Newton iteration: 59 Time elapsed =0:33:52.071435
<A u 59 , A u 59 >_{-1}^0.5 =  0.0810015321700396
Newton iteration: 60 Time elapsed =0:34:24.794746
<A u 60 , A u 60 >_{-1}^0.5 =  0.07858578701626955
Newton iteration: 61 Time elapsed =0:34:57.177906
<A u 61 , A u 61 >_{-1}^0.5 =  0.0762413693712089
Newton iteration: 62 Time elapsed =0:35:26.607825
<A u 62 , A u 62 >_{-1}^0.5 =  0.07396640062146964
Newton iteration: 63 Time elapsed =0:35:56.411792
<A u 63 , A u 63 >_{-1}^0.5 =  0.0717593788634846
Newton iteration: 64 Time elapsed =0:36:30.915448
<A u 64 , A u 64 >_{-1}^0.5 =  0.06961787556049803
Newton iteration: 65 Time elapsed =0:37:05.198702
<A u 65 , A u 65 >_{-1}^0.5 =  0.06753996469436545
Newton iteration: 66 Time elapsed =0:37:37.416766
<A u 66 , A u 66 >_{-1}^0.5 =  0.06552314235122758
Newton iteration: 67 Time elapsed =0:38:12.181509
<A u 67 , A u 67 >_{-1}^0.5 =  0.06356688209456901
Newton iteration: 68 Time elapsed =0:38:48.052708
<A u 68 , A u 68 >_{-1}^0.5 =  0.06166876253471744
Newton iteration: 69 Time elapsed =0:39:21.168354
<A u 69 , A u 69 >_{-1}^0.5 =  0.05982707084818314
Newton iteration: 70 Time elapsed =0:39:55.122745
<A u 70 , A u 70 >_{-1}^0.5 =  0.058040143825417057
Newton iteration: 71 Time elapsed =0:40:31.522281
<A u 71 , A u 71 >_{-1}^0.5 =  0.05630636647927468
Newton iteration: 72 Time elapsed =0:41:03.234105
<A u 72 , A u 72 >_{-1}^0.5 =  0.05462417069022199
Newton iteration: 73 Time elapsed =0:41:35.037686
<A u 73 , A u 73 >_{-1}^0.5 =  0.05299203388741049
Newton iteration: 74 Time elapsed =0:42:08.797944
<A u 74 , A u 74 >_{-1}^0.5 =  0.051408477764763205
Newton iteration: 75 Time elapsed =0:42:40.761907
<A u 75 , A u 75 >_{-1}^0.5 =  0.04987206703123855
Newton iteration: 76 Time elapsed =0:43:16.629863
<A u 76 , A u 76 >_{-1}^0.5 =  0.04838140819444691
Newton iteration: 77 Time elapsed =0:43:49.286730
<A u 77 , A u 77 >_{-1}^0.5 =  0.046934945536842625
Newton iteration: 78 Time elapsed =0:44:19.287681
<A u 78 , A u 78 >_{-1}^0.5 =  0.04553177844345412
Newton iteration: 79 Time elapsed =0:44:53.719875
<A u 79 , A u 79 >_{-1}^0.5 =  0.04417042160342833
Newton iteration: 80 Time elapsed =0:45:26.775510
<A u 80 , A u 80 >_{-1}^0.5 =  0.042849637206999885
Newton iteration: 81 Time elapsed =0:46:00.339789
<A u 81 , A u 81 >_{-1}^0.5 =  0.04156822363335748
Newton iteration: 82 Time elapsed =0:46:33.322191
<A u 82 , A u 82 >_{-1}^0.5 =  0.040325014418166355
Newton iteration: 83 Time elapsed =0:47:06.038437
<A u 83 , A u 83 >_{-1}^0.5 =  0.03911887724916161
Newton iteration: 84 Time elapsed =0:47:37.992679
<A u 84 , A u 84 >_{-1}^0.5 =  0.03794871298912928
Newton iteration: 85 Time elapsed =0:48:12.472759
<A u 85 , A u 85 >_{-1}^0.5 =  0.03681345472558499
Newton iteration: 86 Time elapsed =0:48:47.238054
<A u 86 , A u 86 >_{-1}^0.5 =  0.03571206684649295
Newton iteration: 87 Time elapsed =0:49:22.912757
<A u 87 , A u 87 >_{-1}^0.5 =  0.03464354414136711
Newton iteration: 88 Time elapsed =0:49:58.006436
<A u 88 , A u 88 >_{-1}^0.5 =  0.033606910927122625
Newton iteration: 89 Time elapsed =0:50:29.998553
<A u 89 , A u 89 >_{-1}^0.5 =  0.03260122019804495
Newton iteration: 90 Time elapsed =0:51:04.545267
<A u 90 , A u 90 >_{-1}^0.5 =  0.031625465670238655
Newton iteration: 91 Time elapsed =0:51:40.476351
<A u 91 , A u 91 >_{-1}^0.5 =  0.030678932470312375
Newton iteration: 92 Time elapsed =0:52:14.859699
<A u 92 , A u 92 >_{-1}^0.5 =  0.029760664540028563
Newton iteration: 93 Time elapsed =0:52:47.240288
<A u 93 , A u 93 >_{-1}^0.5 =  0.02886982154887207
Newton iteration: 94 Time elapsed =0:53:22.599901
<A u 94 , A u 94 >_{-1}^0.5 =  0.028005587934186907
Newton iteration: 95 Time elapsed =0:53:57.076018
<A u 95 , A u 95 >_{-1}^0.5 =  0.02716717218348559
Newton iteration: 96 Time elapsed =0:54:27.696061
<A u 96 , A u 96 >_{-1}^0.5 =  0.02635380613686234
Newton iteration: 97 Time elapsed =0:55:00.457598
<A u 97 , A u 97 >_{-1}^0.5 =  0.025564744308985633
Newton iteration: 98 Time elapsed =0:55:35.208326
<A u 98 , A u 98 >_{-1}^0.5 =  0.02479926323015093
Newton iteration: 99 Time elapsed =0:56:08.210101
<A u 99 , A u 99 >_{-1}^0.5 =  0.02405666080589991
Total time elapsed =9:11:47.526898
*** Iteration # 10 . Shear modulus G =  0.21969226614433846
Newton iteration: 0 Time elapsed =0:00:34.216540
<A u 0 , A u 0 >_{-1}^0.5 =  0.44848018304185516
Newton iteration: 1 Time elapsed =0:01:04.656715
<A u 1 , A u 1 >_{-1}^0.5 =  0.43528301662152724
Newton iteration: 2 Time elapsed =0:01:39.009055
<A u 2 , A u 2 >_{-1}^0.5 =  0.4224769351843023
Newton iteration: 3 Time elapsed =0:02:14.414718
<A u 3 , A u 3 >_{-1}^0.5 =  0.4100613518049155
Newton iteration: 4 Time elapsed =0:02:49.433864
<A u 4 , A u 4 >_{-1}^0.5 =  0.39800696675506847
Newton iteration: 5 Time elapsed =0:03:22.188917
<A u 5 , A u 5 >_{-1}^0.5 =  0.38629447526821725
Newton iteration: 6 Time elapsed =0:03:54.057218
<A u 6 , A u 6 >_{-1}^0.5 =  0.3749429184453037
Newton iteration: 7 Time elapsed =0:04:27.222297
<A u 7 , A u 7 >_{-1}^0.5 =  0.3639056118189157
Newton iteration: 8 Time elapsed =0:05:03.387643
<A u 8 , A u 8 >_{-1}^0.5 =  0.3532081370995848
Newton iteration: 9 Time elapsed =0:05:35.962867
<A u 9 , A u 9 >_{-1}^0.5 =  0.3428224281441919
Newton iteration: 10 Time elapsed =0:06:07.182700
<A u 10 , A u 10 >_{-1}^0.5 =  0.33273405571630427
Newton iteration: 11 Time elapsed =0:06:38.457749
<A u 11 , A u 11 >_{-1}^0.5 =  0.3229415679758515
Newton iteration: 12 Time elapsed =0:07:09.571740
<A u 12 , A u 12 >_{-1}^0.5 =  0.3134374229021749
Newton iteration: 13 Time elapsed =0:07:42.939590
<A u 13 , A u 13 >_{-1}^0.5 =  0.304207508703831
Newton iteration: 14 Time elapsed =0:08:15.331764
<A u 14 , A u 14 >_{-1}^0.5 =  0.29524881298688765
Newton iteration: 15 Time elapsed =0:08:49.457757
<A u 15 , A u 15 >_{-1}^0.5 =  0.2865508860409893
Newton iteration: 16 Time elapsed =0:09:26.073314
<A u 16 , A u 16 >_{-1}^0.5 =  0.27810185793191833
Newton iteration: 17 Time elapsed =0:10:02.567397
<A u 17 , A u 17 >_{-1}^0.5 =  0.2699015419751106
Newton iteration: 18 Time elapsed =0:10:34.569720
<A u 18 , A u 18 >_{-1}^0.5 =  0.2619415306505257
Newton iteration: 19 Time elapsed =0:11:10.823813
<A u 19 , A u 19 >_{-1}^0.5 =  0.2542082603947404
Newton iteration: 20 Time elapsed =0:11:43.134258
<A u 20 , A u 20 >_{-1}^0.5 =  0.24670604557586248
Newton iteration: 21 Time elapsed =0:12:17.749997
<A u 21 , A u 21 >_{-1}^0.5 =  0.23942107188550613
Newton iteration: 22 Time elapsed =0:12:51.764618
<A u 22 , A u 22 >_{-1}^0.5 =  0.23234638840937336
Newton iteration: 23 Time elapsed =0:13:29.010986
<A u 23 , A u 23 >_{-1}^0.5 =  0.2254819245352528
Newton iteration: 24 Time elapsed =0:14:00.915849
<A u 24 , A u 24 >_{-1}^0.5 =  0.21881784878747249
Newton iteration: 25 Time elapsed =0:14:33.760503
<A u 25 , A u 25 >_{-1}^0.5 =  0.21234840610023117
Newton iteration: 26 Time elapsed =0:15:08.695792
<A u 26 , A u 26 >_{-1}^0.5 =  0.20606800630842928
Newton iteration: 27 Time elapsed =0:15:42.401997
<A u 27 , A u 27 >_{-1}^0.5 =  0.19997121884220265
Newton iteration: 28 Time elapsed =0:16:18.413365
<A u 28 , A u 28 >_{-1}^0.5 =  0.1940497885893161
Newton iteration: 29 Time elapsed =0:16:51.025071
<A u 29 , A u 29 >_{-1}^0.5 =  0.1883046986220178
Newton iteration: 30 Time elapsed =0:17:22.075330
<A u 30 , A u 30 >_{-1}^0.5 =  0.18272585518547343
Newton iteration: 31 Time elapsed =0:17:55.437431
<A u 31 , A u 31 >_{-1}^0.5 =  0.17731246842040221
Newton iteration: 32 Time elapsed =0:18:28.310735
<A u 32 , A u 32 >_{-1}^0.5 =  0.1720577534194852
Newton iteration: 33 Time elapsed =0:19:04.397739
<A u 33 , A u 33 >_{-1}^0.5 =  0.1669557640692276
Newton iteration: 34 Time elapsed =0:19:37.975411
<A u 34 , A u 34 >_{-1}^0.5 =  0.16200487405585304
Newton iteration: 35 Time elapsed =0:20:09.078126
<A u 35 , A u 35 >_{-1}^0.5 =  0.15719830204031623
Newton iteration: 36 Time elapsed =0:20:44.196807
<A u 36 , A u 36 >_{-1}^0.5 =  0.15253391824387574
Newton iteration: 37 Time elapsed =0:21:19.409181
<A u 37 , A u 37 >_{-1}^0.5 =  0.14800660654334152
Newton iteration: 38 Time elapsed =0:21:54.971831
<A u 38 , A u 38 >_{-1}^0.5 =  0.14361266188962554
Newton iteration: 39 Time elapsed =0:22:31.144053
<A u 39 , A u 39 >_{-1}^0.5 =  0.13934774203099193
Newton iteration: 40 Time elapsed =0:23:01.674399
<A u 40 , A u 40 >_{-1}^0.5 =  0.13520736382900786
Newton iteration: 41 Time elapsed =0:23:33.913723
<A u 41 , A u 41 >_{-1}^0.5 =  0.13118988941298543
Newton iteration: 42 Time elapsed =0:24:05.393089
<A u 42 , A u 42 >_{-1}^0.5 =  0.127290764149295
Newton iteration: 43 Time elapsed =0:24:41.905192
<A u 43 , A u 43 >_{-1}^0.5 =  0.12350655538289056
Newton iteration: 44 Time elapsed =0:25:14.655379
<A u 44 , A u 44 >_{-1}^0.5 =  0.11983392750014435
Newton iteration: 45 Time elapsed =0:25:50.433539
<A u 45 , A u 45 >_{-1}^0.5 =  0.11626963926772657
Newton iteration: 46 Time elapsed =0:26:24.322428
<A u 46 , A u 46 >_{-1}^0.5 =  0.11280909320986351
Newton iteration: 47 Time elapsed =0:26:57.952762
<A u 47 , A u 47 >_{-1}^0.5 =  0.10945179282822282
Newton iteration: 48 Time elapsed =0:27:30.414991
<A u 48 , A u 48 >_{-1}^0.5 =  0.10619405489407906
Newton iteration: 49 Time elapsed =0:28:01.880484
<A u 49 , A u 49 >_{-1}^0.5 =  0.10303258132779487
Newton iteration: 50 Time elapsed =0:28:33.341886
<A u 50 , A u 50 >_{-1}^0.5 =  0.09996456560912018
Newton iteration: 51 Time elapsed =0:29:08.638920
<A u 51 , A u 51 >_{-1}^0.5 =  0.0969872811017461
Newton iteration: 52 Time elapsed =0:29:43.323765
<A u 52 , A u 52 >_{-1}^0.5 =  0.09409807886371513
Newton iteration: 53 Time elapsed =0:30:18.774217
<A u 53 , A u 53 >_{-1}^0.5 =  0.09129438551601071
Newton iteration: 54 Time elapsed =0:30:54.442022
<A u 54 , A u 54 >_{-1}^0.5 =  0.08857370116755246
Newton iteration: 55 Time elapsed =0:31:27.681451
<A u 55 , A u 55 >_{-1}^0.5 =  0.08593359739490826
Newton iteration: 56 Time elapsed =0:32:01.007034
<A u 56 , A u 56 >_{-1}^0.5 =  0.08337171527514858
Newton iteration: 57 Time elapsed =0:32:32.417948
<A u 57 , A u 57 >_{-1}^0.5 =  0.08088503561496499
Newton iteration: 58 Time elapsed =0:33:04.628760
<A u 58 , A u 58 >_{-1}^0.5 =  0.07847281616062857
Newton iteration: 59 Time elapsed =0:33:37.619986
<A u 59 , A u 59 >_{-1}^0.5 =  0.07613212465014076
Newton iteration: 60 Time elapsed =0:34:12.332066
<A u 60 , A u 60 >_{-1}^0.5 =  0.0738608897789319
Newton iteration: 61 Time elapsed =0:34:46.443540
<A u 61 , A u 61 >_{-1}^0.5 =  0.07165705802940485
Newton iteration: 62 Time elapsed =0:35:18.455814
<A u 62 , A u 62 >_{-1}^0.5 =  0.06951835052364197
Newton iteration: 63 Time elapsed =0:35:54.021916
<A u 63 , A u 63 >_{-1}^0.5 =  0.06744345222955782
Newton iteration: 64 Time elapsed =0:36:27.609711
<A u 64 , A u 64 >_{-1}^0.5 =  0.06543018514096881
Newton iteration: 65 Time elapsed =0:37:01.364073
<A u 65 , A u 65 >_{-1}^0.5 =  0.06347673546781527
Newton iteration: 66 Time elapsed =0:37:36.183339
<A u 66 , A u 66 >_{-1}^0.5 =  0.061581341869945655
Newton iteration: 67 Time elapsed =0:38:09.628423
<A u 67 , A u 67 >_{-1}^0.5 =  0.0597420490024218
Newton iteration: 68 Time elapsed =0:38:41.172566
<A u 68 , A u 68 >_{-1}^0.5 =  0.05795769483268117
Newton iteration: 69 Time elapsed =0:39:15.705069
<A u 69 , A u 69 >_{-1}^0.5 =  0.05622641257554035
Newton iteration: 70 Time elapsed =0:39:49.193105
<A u 70 , A u 70 >_{-1}^0.5 =  0.05454663641117223
Newton iteration: 71 Time elapsed =0:40:23.353223
<A u 71 , A u 71 >_{-1}^0.5 =  0.052916654805843726
Newton iteration: 72 Time elapsed =0:40:56.068435
<A u 72 , A u 72 >_{-1}^0.5 =  0.05133538103371334
Newton iteration: 73 Time elapsed =0:41:30.306028
<A u 73 , A u 73 >_{-1}^0.5 =  0.04980118343516848
Newton iteration: 74 Time elapsed =0:42:03.680864
<A u 74 , A u 74 >_{-1}^0.5 =  0.0483126705931168
Newton iteration: 75 Time elapsed =0:42:37.466870
<A u 75 , A u 75 >_{-1}^0.5 =  0.04686849164728629
Newton iteration: 76 Time elapsed =0:43:12.406301
<A u 76 , A u 76 >_{-1}^0.5 =  0.045467335143262885
Newton iteration: 77 Time elapsed =0:43:46.898070
<A u 77 , A u 77 >_{-1}^0.5 =  0.044107927912569775
Newton iteration: 78 Time elapsed =0:44:20.226389
<A u 78 , A u 78 >_{-1}^0.5 =  0.0427890339830265
Newton iteration: 79 Time elapsed =0:44:54.649202
<A u 79 , A u 79 >_{-1}^0.5 =  0.04150945351864279
Newton iteration: 80 Time elapsed =0:45:30.564222
<A u 80 , A u 80 >_{-1}^0.5 =  0.04026802178831779
Newton iteration: 81 Time elapsed =0:46:00.515778
<A u 81 , A u 81 >_{-1}^0.5 =  0.03906360816262699
Newton iteration: 82 Time elapsed =0:46:33.147932
<A u 82 , A u 82 >_{-1}^0.5 =  0.03789511513799872
Newton iteration: 83 Time elapsed =0:47:06.616782
<A u 83 , A u 83 >_{-1}^0.5 =  0.03676147738759957
Newton iteration: 84 Time elapsed =0:47:40.370538
<A u 84 , A u 84 >_{-1}^0.5 =  0.035661660838251764
Newton iteration: 85 Time elapsed =0:48:15.687832
<A u 85 , A u 85 >_{-1}^0.5 =  0.03459466177273179
Newton iteration: 86 Time elapsed =0:48:50.932889
<A u 86 , A u 86 >_{-1}^0.5 =  0.03355950595680898
Newton iteration: 87 Time elapsed =0:49:22.605865
<A u 87 , A u 87 >_{-1}^0.5 =  0.032555247790391977
Newton iteration: 88 Time elapsed =0:49:53.619831
<A u 88 , A u 88 >_{-1}^0.5 =  0.031580969482173094
Newton iteration: 89 Time elapsed =0:50:26.590127
<A u 89 , A u 89 >_{-1}^0.5 =  0.030635780247169193
Newton iteration: 90 Time elapsed =0:51:01.128846
<A u 90 , A u 90 >_{-1}^0.5 =  0.029718723754350907
Newton iteration: 91 Time elapsed =0:51:34.301603
<A u 91 , A u 91 >_{-1}^0.5 =  0.028829147485048154
Newton iteration: 92 Time elapsed =0:52:06.761024
<A u 92 , A u 92 >_{-1}^0.5 =  0.02796614217087725
Newton iteration: 93 Time elapsed =0:52:40.393549
<A u 93 , A u 93 >_{-1}^0.5 =  0.02712891746940223
Newton iteration: 94 Time elapsed =0:53:11.540717
<A u 94 , A u 94 >_{-1}^0.5 =  0.026316706355305298
Newton iteration: 95 Time elapsed =0:53:43.688762
<A u 95 , A u 95 >_{-1}^0.5 =  0.02552876444340251
Newton iteration: 96 Time elapsed =0:54:15.584631
<A u 96 , A u 96 >_{-1}^0.5 =  0.02476436933070067
Newton iteration: 97 Time elapsed =0:54:45.945862
<A u 97 , A u 97 >_{-1}^0.5 =  0.024022729191702955
Newton iteration: 98 Time elapsed =0:55:20.612081
<A u 98 , A u 98 >_{-1}^0.5 =  0.023303271670725757
Newton iteration: 99 Time elapsed =0:55:53.939222
<A u 99 , A u 99 >_{-1}^0.5 =  0.02260539817282522
Total time elapsed =10:07:41.707305
*** Iteration # 11 . Shear modulus G =  0.19650135189491527
Newton iteration: 0 Time elapsed =0:00:31.819852
<A u 0 , A u 0 >_{-1}^0.5 =  0.4230936858492789
Newton iteration: 1 Time elapsed =0:01:06.889276
<A u 1 , A u 1 >_{-1}^0.5 =  0.41063526254103155
Newton iteration: 2 Time elapsed =0:01:40.592251
<A u 2 , A u 2 >_{-1}^0.5 =  0.39854086499900093
Newton iteration: 3 Time elapsed =0:02:16.031225
<A u 3 , A u 3 >_{-1}^0.5 =  0.38680961165565136
Newton iteration: 4 Time elapsed =0:02:48.151779
<A u 4 , A u 4 >_{-1}^0.5 =  0.37542779109911995
Newton iteration: 5 Time elapsed =0:03:20.559571
<A u 5 , A u 5 >_{-1}^0.5 =  0.3643731287045744
Newton iteration: 6 Time elapsed =0:03:55.559113
<A u 6 , A u 6 >_{-1}^0.5 =  0.35364750496254316
Newton iteration: 7 Time elapsed =0:04:30.723442
<A u 7 , A u 7 >_{-1}^0.5 =  0.3432305587029343
Newton iteration: 8 Time elapsed =0:05:02.736238
<A u 8 , A u 8 >_{-1}^0.5 =  0.3331251884405751
Newton iteration: 9 Time elapsed =0:05:37.230354
<A u 9 , A u 9 >_{-1}^0.5 =  0.3233134405289022
Newton iteration: 10 Time elapsed =0:06:12.877497
<A u 10 , A u 10 >_{-1}^0.5 =  0.3137908698943765
Newton iteration: 11 Time elapsed =0:06:43.667997
<A u 11 , A u 11 >_{-1}^0.5 =  0.3045474382278245
Newton iteration: 12 Time elapsed =0:07:14.929372
<A u 12 , A u 12 >_{-1}^0.5 =  0.29557364977881434
Newton iteration: 13 Time elapsed =0:07:49.057970
<A u 13 , A u 13 >_{-1}^0.5 =  0.2868617181109332
Newton iteration: 14 Time elapsed =0:08:22.220303
<A u 14 , A u 14 >_{-1}^0.5 =  0.278403821043681
Newton iteration: 15 Time elapsed =0:08:53.515252
<A u 15 , A u 15 >_{-1}^0.5 =  0.27019263798051935
Newton iteration: 16 Time elapsed =0:09:25.570609
<A u 16 , A u 16 >_{-1}^0.5 =  0.26222116395663214
Newton iteration: 17 Time elapsed =0:09:58.618294
<A u 17 , A u 17 >_{-1}^0.5 =  0.25448205292137965
Newton iteration: 18 Time elapsed =0:10:31.321250
<A u 18 , A u 18 >_{-1}^0.5 =  0.24696885845726282
Newton iteration: 19 Time elapsed =0:11:09.756991
<A u 19 , A u 19 >_{-1}^0.5 =  0.23967130501301293
Newton iteration: 20 Time elapsed =0:11:45.036063
<A u 20 , A u 20 >_{-1}^0.5 =  0.2325908645631832
Newton iteration: 21 Time elapsed =0:12:19.752188
<A u 21 , A u 21 >_{-1}^0.5 =  0.2257172967831169
Newton iteration: 22 Time elapsed =0:12:51.645316
<A u 22 , A u 22 >_{-1}^0.5 =  0.2190445968800351
Newton iteration: 23 Time elapsed =0:13:26.129064
<A u 23 , A u 23 >_{-1}^0.5 =  0.2125657130366726
Newton iteration: 24 Time elapsed =0:13:56.737401
<A u 24 , A u 24 >_{-1}^0.5 =  0.20627656376274217
Newton iteration: 25 Time elapsed =0:14:35.099410
<A u 25 , A u 25 >_{-1}^0.5 =  0.20016941537625113
Newton iteration: 26 Time elapsed =0:15:10.672607
<A u 26 , A u 26 >_{-1}^0.5 =  0.19424277691397093
Newton iteration: 27 Time elapsed =0:15:42.030241
<A u 27 , A u 27 >_{-1}^0.5 =  0.18849113144210572
Newton iteration: 28 Time elapsed =0:16:15.533397
<A u 28 , A u 28 >_{-1}^0.5 =  0.18290799923290077
Newton iteration: 29 Time elapsed =0:16:48.201907
<A u 29 , A u 29 >_{-1}^0.5 =  0.17748582461241927
Newton iteration: 30 Time elapsed =0:17:21.203779
<A u 30 , A u 30 >_{-1}^0.5 =  0.17222535353682888
Newton iteration: 31 Time elapsed =0:17:52.921225
<A u 31 , A u 31 >_{-1}^0.5 =  0.16711842547307917
Newton iteration: 32 Time elapsed =0:18:25.437129
<A u 32 , A u 32 >_{-1}^0.5 =  0.1621621793932312
Newton iteration: 33 Time elapsed =0:18:54.685294
<A u 33 , A u 33 >_{-1}^0.5 =  0.15735158674754596
Newton iteration: 34 Time elapsed =0:19:26.354415
<A u 34 , A u 34 >_{-1}^0.5 =  0.15268229606717723
Newton iteration: 35 Time elapsed =0:19:58.899538
<A u 35 , A u 35 >_{-1}^0.5 =  0.14814970964339794
Newton iteration: 36 Time elapsed =0:20:31.370010
<A u 36 , A u 36 >_{-1}^0.5 =  0.14375047949569725
Newton iteration: 37 Time elapsed =0:21:06.377418
<A u 37 , A u 37 >_{-1}^0.5 =  0.13948064390035556
Newton iteration: 38 Time elapsed =0:21:39.819201
<A u 38 , A u 38 >_{-1}^0.5 =  0.1353371241418413
Newton iteration: 39 Time elapsed =0:22:12.607319
<A u 39 , A u 39 >_{-1}^0.5 =  0.13131563522187423
Newton iteration: 40 Time elapsed =0:22:44.892355
<A u 40 , A u 40 >_{-1}^0.5 =  0.12741255974690827
Newton iteration: 41 Time elapsed =0:23:14.660011
<A u 41 , A u 41 >_{-1}^0.5 =  0.12362461656119623
Newton iteration: 42 Time elapsed =0:23:48.578376
<A u 42 , A u 42 >_{-1}^0.5 =  0.11994834145873969
Newton iteration: 43 Time elapsed =0:24:22.749549
<A u 43 , A u 43 >_{-1}^0.5 =  0.11638058805279403
Newton iteration: 44 Time elapsed =0:24:55.209994
<A u 44 , A u 44 >_{-1}^0.5 =  0.112918124089806
Newton iteration: 45 Time elapsed =0:25:29.448172
<A u 45 , A u 45 >_{-1}^0.5 =  0.10955789788246528
Newton iteration: 46 Time elapsed =0:26:03.285113
<A u 46 , A u 46 >_{-1}^0.5 =  0.10629693964527069
Newton iteration: 47 Time elapsed =0:26:37.204001
<A u 47 , A u 47 >_{-1}^0.5 =  0.10313230925151555
Newton iteration: 48 Time elapsed =0:27:10.656187
<A u 48 , A u 48 >_{-1}^0.5 =  0.10006128216642976
Newton iteration: 49 Time elapsed =0:27:44.250092
<A u 49 , A u 49 >_{-1}^0.5 =  0.09708108351383873
Newton iteration: 50 Time elapsed =0:28:18.582260
<A u 50 , A u 50 >_{-1}^0.5 =  0.0941890604805744
Newton iteration: 51 Time elapsed =0:28:52.593695
<A u 51 , A u 51 >_{-1}^0.5 =  0.09138263604279885
Newton iteration: 52 Time elapsed =0:29:29.262448
<A u 52 , A u 52 >_{-1}^0.5 =  0.08865930687222734
Newton iteration: 53 Time elapsed =0:30:01.437338
<A u 53 , A u 53 >_{-1}^0.5 =  0.08601664129891785
Newton iteration: 54 Time elapsed =0:30:38.721205
<A u 54 , A u 54 >_{-1}^0.5 =  0.08345227732885378
Newton iteration: 55 Time elapsed =0:31:13.723154
<A u 55 , A u 55 >_{-1}^0.5 =  0.08096392071464276
Newton iteration: 56 Time elapsed =0:31:50.289986
<A u 56 , A u 56 >_{-1}^0.5 =  0.0785497141523876
Newton iteration: 57 Time elapsed =0:32:24.100417
<A u 57 , A u 57 >_{-1}^0.5 =  0.07620646380770772
Newton iteration: 58 Time elapsed =0:32:58.816232
<A u 58 , A u 58 >_{-1}^0.5 =  0.0739330109286399
Newton iteration: 59 Time elapsed =0:33:35.102049
<A u 59 , A u 59 >_{-1}^0.5 =  0.07172667413151136
Newton iteration: 60 Time elapsed =0:34:09.690780
<A u 60 , A u 60 >_{-1}^0.5 =  0.06958602654446581
Newton iteration: 61 Time elapsed =0:34:45.434076
<A u 61 , A u 61 >_{-1}^0.5 =  0.06750909764736059
Newton iteration: 62 Time elapsed =0:35:20.440668
<A u 62 , A u 62 >_{-1}^0.5 =  0.06549387897927841
Newton iteration: 63 Time elapsed =0:35:52.447371
<A u 63 , A u 63 >_{-1}^0.5 =  0.06353853666929245
Newton iteration: 64 Time elapsed =0:36:24.897015
<A u 64 , A u 64 >_{-1}^0.5 =  0.06164130745163196
Newton iteration: 65 Time elapsed =0:36:56.526886
<A u 65 , A u 65 >_{-1}^0.5 =  0.059800479122231166
Newton iteration: 66 Time elapsed =0:37:30.428294
<A u 66 , A u 66 >_{-1}^0.5 =  0.0580138079431228
Newton iteration: 67 Time elapsed =0:38:06.308758
<A u 67 , A u 67 >_{-1}^0.5 =  0.056280863339906964
Newton iteration: 68 Time elapsed =0:38:40.527614
<A u 68 , A u 68 >_{-1}^0.5 =  0.05459947433862401
Newton iteration: 69 Time elapsed =0:39:10.187254
<A u 69 , A u 69 >_{-1}^0.5 =  0.052968127734999905
Newton iteration: 70 Time elapsed =0:39:42.265946
<A u 70 , A u 70 >_{-1}^0.5 =  0.05138532834404759
Newton iteration: 71 Time elapsed =0:40:17.006816
<A u 71 , A u 71 >_{-1}^0.5 =  0.049849650463551526
Newton iteration: 72 Time elapsed =0:40:53.293338
<A u 72 , A u 72 >_{-1}^0.5 =  0.04835970128093284
Newton iteration: 73 Time elapsed =0:41:27.507528
<A u 73 , A u 73 >_{-1}^0.5 =  0.04691412859003729
Newton iteration: 74 Time elapsed =0:42:01.242999
<A u 74 , A u 74 >_{-1}^0.5 =  0.045511619637693075
Newton iteration: 75 Time elapsed =0:42:36.212447
<A u 75 , A u 75 >_{-1}^0.5 =  0.04415090000149467
Newton iteration: 76 Time elapsed =0:43:09.375368
<A u 76 , A u 76 >_{-1}^0.5 =  0.042830732498037885
Newton iteration: 77 Time elapsed =0:43:42.417519
<A u 77 , A u 77 >_{-1}^0.5 =  0.04154978370971345
Newton iteration: 78 Time elapsed =0:44:18.368384
<A u 78 , A u 78 >_{-1}^0.5 =  0.040307157055599625
Newton iteration: 79 Time elapsed =0:44:56.528271
<A u 79 , A u 79 >_{-1}^0.5 =  0.039101460358908394
Newton iteration: 80 Time elapsed =0:45:31.141757
<A u 80 , A u 80 >_{-1}^0.5 =  0.03793184571225648
Newton iteration: 81 Time elapsed =0:46:03.335553
<A u 81 , A u 81 >_{-1}^0.5 =  0.03679711942014341
Newton iteration: 82 Time elapsed =0:46:33.195971
<A u 82 , A u 82 >_{-1}^0.5 =  0.03569624642746534
Newton iteration: 83 Time elapsed =0:47:08.338292
<A u 83 , A u 83 >_{-1}^0.5 =  0.034628222066022014
Newton iteration: 84 Time elapsed =0:47:44.353305
<A u 84 , A u 84 >_{-1}^0.5 =  0.033592071180340174
Newton iteration: 85 Time elapsed =0:48:17.708669
<A u 85 , A u 85 >_{-1}^0.5 =  0.03258684727768185
Newton iteration: 86 Time elapsed =0:48:50.115554
<A u 86 , A u 86 >_{-1}^0.5 =  0.03161163170161562
Newton iteration: 87 Time elapsed =0:49:22.275983
<A u 87 , A u 87 >_{-1}^0.5 =  0.030665532828538435
Newton iteration: 88 Time elapsed =0:49:55.909277
<A u 88 , A u 88 >_{-1}^0.5 =  0.029747685286563706
Newton iteration: 89 Time elapsed =0:50:29.379269
<A u 89 , A u 89 >_{-1}^0.5 =  0.028857249196191655
Newton iteration: 90 Time elapsed =0:51:03.213595
<A u 90 , A u 90 >_{-1}^0.5 =  0.02799340943219497
Newton iteration: 91 Time elapsed =0:51:35.557574
<A u 91 , A u 91 >_{-1}^0.5 =  0.027155374906167207
Newton iteration: 92 Time elapsed =0:52:09.889924
<A u 92 , A u 92 >_{-1}^0.5 =  0.026342377869192756
Newton iteration: 93 Time elapsed =0:52:43.713342
<A u 93 , A u 93 >_{-1}^0.5 =  0.02555367323411146
Newton iteration: 94 Time elapsed =0:53:17.237308
<A u 94 , A u 94 >_{-1}^0.5 =  0.024788537916857166
Newton iteration: 95 Time elapsed =0:53:48.315687
<A u 95 , A u 95 >_{-1}^0.5 =  0.024046270196369915
Newton iteration: 96 Time elapsed =0:54:21.205262
<A u 96 , A u 96 >_{-1}^0.5 =  0.023326189092586862
Newton iteration: 97 Time elapsed =0:54:54.062375
<A u 97 , A u 97 >_{-1}^0.5 =  0.022627633762031137
Newton iteration: 98 Time elapsed =0:55:27.831309
<A u 98 , A u 98 >_{-1}^0.5 =  0.021949962910527764
Newton iteration: 99 Time elapsed =0:56:01.803090
<A u 99 , A u 99 >_{-1}^0.5 =  0.02129254581145964
Total time elapsed =11:03:43.778860
*** Iteration # 12 . Shear modulus G =  0.1764573065213608
Newton iteration: 0 Time elapsed =0:00:31.851634
<A u 0 , A u 0 >_{-1}^0.5 =  0.40004919983383214
Newton iteration: 1 Time elapsed =0:01:05.617522
<A u 1 , A u 1 >_{-1}^0.5 =  0.3882554098861354
Newton iteration: 2 Time elapsed =0:01:39.073102
<A u 2 , A u 2 >_{-1}^0.5 =  0.37680908961246257
Newton iteration: 3 Time elapsed =0:02:14.788656
<A u 3 , A u 3 >_{-1}^0.5 =  0.3657044822711494
Newton iteration: 4 Time elapsed =0:02:50.062512
<A u 4 , A u 4 >_{-1}^0.5 =  0.354927818469039
Newton iteration: 5 Time elapsed =0:03:21.855683
<A u 5 , A u 5 >_{-1}^0.5 =  0.3444585057017733
Newton iteration: 6 Time elapsed =0:03:54.361067
<A u 6 , A u 6 >_{-1}^0.5 =  0.33429566461354554
Newton iteration: 7 Time elapsed =0:04:27.297564
<A u 7 , A u 7 >_{-1}^0.5 =  0.3244418931963926
Newton iteration: 8 Time elapsed =0:05:01.281599
<A u 8 , A u 8 >_{-1}^0.5 =  0.31487376012776014
Newton iteration: 9 Time elapsed =0:05:35.833053
<A u 9 , A u 9 >_{-1}^0.5 =  0.30559041318537805
Newton iteration: 10 Time elapsed =0:06:10.211558
<A u 10 , A u 10 >_{-1}^0.5 =  0.29657512018336
Newton iteration: 11 Time elapsed =0:06:44.166616
<A u 11 , A u 11 >_{-1}^0.5 =  0.287827638877047
Newton iteration: 12 Time elapsed =0:07:18.269441
<A u 12 , A u 12 >_{-1}^0.5 =  0.2793359318427158
Newton iteration: 13 Time elapsed =0:07:51.088637
<A u 13 , A u 13 >_{-1}^0.5 =  0.27108901229321997
Newton iteration: 14 Time elapsed =0:08:26.759305
<A u 14 , A u 14 >_{-1}^0.5 =  0.26308480008191515
Newton iteration: 15 Time elapsed =0:09:01.199483
<A u 15 , A u 15 >_{-1}^0.5 =  0.2553168081225516
Newton iteration: 16 Time elapsed =0:09:39.960843
<A u 16 , A u 16 >_{-1}^0.5 =  0.24777591591101428
Newton iteration: 17 Time elapsed =0:10:11.052912
<A u 17 , A u 17 >_{-1}^0.5 =  0.24045413245184713
Newton iteration: 18 Time elapsed =0:10:43.206122
<A u 18 , A u 18 >_{-1}^0.5 =  0.2333423624799004
Newton iteration: 19 Time elapsed =0:11:15.426657
<A u 19 , A u 19 >_{-1}^0.5 =  0.22644010219344368
Newton iteration: 20 Time elapsed =0:11:47.330522
<A u 20 , A u 20 >_{-1}^0.5 =  0.21974475234885177
Newton iteration: 21 Time elapsed =0:12:19.206779
<A u 21 , A u 21 >_{-1}^0.5 =  0.2132436722884648
Newton iteration: 22 Time elapsed =0:12:53.592645
<A u 22 , A u 22 >_{-1}^0.5 =  0.20693256410693933
Newton iteration: 23 Time elapsed =0:13:25.541777
<A u 23 , A u 23 >_{-1}^0.5 =  0.20080666742221107
Newton iteration: 24 Time elapsed =0:13:56.271598
<A u 24 , A u 24 >_{-1}^0.5 =  0.194862135459101
Newton iteration: 25 Time elapsed =0:14:29.368414
<A u 25 , A u 25 >_{-1}^0.5 =  0.18908936179006078
Newton iteration: 26 Time elapsed =0:15:02.196619
<A u 26 , A u 26 >_{-1}^0.5 =  0.18348682687335438
Newton iteration: 27 Time elapsed =0:15:35.155499
<A u 27 , A u 27 >_{-1}^0.5 =  0.17804823652837742
Newton iteration: 28 Time elapsed =0:16:09.734180
<A u 28 , A u 28 >_{-1}^0.5 =  0.17276964711256645
Newton iteration: 29 Time elapsed =0:16:41.492915
<A u 29 , A u 29 >_{-1}^0.5 =  0.16764503368040967
Newton iteration: 30 Time elapsed =0:17:14.737705
<A u 30 , A u 30 >_{-1}^0.5 =  0.1626726961034334
Newton iteration: 31 Time elapsed =0:17:48.703132
<A u 31 , A u 31 >_{-1}^0.5 =  0.15784445533275743
Newton iteration: 32 Time elapsed =0:18:20.323551
<A u 32 , A u 32 >_{-1}^0.5 =  0.15315877389508234
Newton iteration: 33 Time elapsed =0:18:52.536611
<A u 33 , A u 33 >_{-1}^0.5 =  0.14861234622389663
Newton iteration: 34 Time elapsed =0:19:25.669454
<A u 34 , A u 34 >_{-1}^0.5 =  0.14419848569919808
Newton iteration: 35 Time elapsed =0:19:58.174343
<A u 35 , A u 35 >_{-1}^0.5 =  0.1399148278201137
Newton iteration: 36 Time elapsed =0:20:30.249567
<A u 36 , A u 36 >_{-1}^0.5 =  0.135758551362823
Newton iteration: 37 Time elapsed =0:21:04.370453
<A u 37 , A u 37 >_{-1}^0.5 =  0.1317243478906624
Newton iteration: 38 Time elapsed =0:21:36.063589
<A u 38 , A u 38 >_{-1}^0.5 =  0.12780908060936225
Newton iteration: 39 Time elapsed =0:22:10.547516
<A u 39 , A u 39 >_{-1}^0.5 =  0.12400867425616273
Newton iteration: 40 Time elapsed =0:22:44.374902
<A u 40 , A u 40 >_{-1}^0.5 =  0.12032040328168978
Newton iteration: 41 Time elapsed =0:23:16.338851
<A u 41 , A u 41 >_{-1}^0.5 =  0.11674116937850954
Newton iteration: 42 Time elapsed =0:23:47.675592
<A u 42 , A u 42 >_{-1}^0.5 =  0.11326754203798835
Newton iteration: 43 Time elapsed =0:24:20.908691
<A u 43 , A u 43 >_{-1}^0.5 =  0.10989690271346474
Newton iteration: 44 Time elapsed =0:24:54.197891
<A u 44 , A u 44 >_{-1}^0.5 =  0.1066258443901529
Newton iteration: 45 Time elapsed =0:25:30.580512
<A u 45 , A u 45 >_{-1}^0.5 =  0.10345174842850706
Newton iteration: 46 Time elapsed =0:26:03.618554
<A u 46 , A u 46 >_{-1}^0.5 =  0.10037082725460644
Newton iteration: 47 Time elapsed =0:26:37.755000
<A u 47 , A u 47 >_{-1}^0.5 =  0.09738142088214627
Newton iteration: 48 Time elapsed =0:27:10.193032
<A u 48 , A u 48 >_{-1}^0.5 =  0.09448018512647921
Newton iteration: 49 Time elapsed =0:27:45.203817
<A u 49 , A u 49 >_{-1}^0.5 =  0.09166425456431906
Newton iteration: 50 Time elapsed =0:28:15.454609
<A u 50 , A u 50 >_{-1}^0.5 =  0.08893219461760513
Newton iteration: 51 Time elapsed =0:28:46.380469
<A u 51 , A u 51 >_{-1}^0.5 =  0.0862814334094552
Newton iteration: 52 Time elapsed =0:29:15.902694
<A u 52 , A u 52 >_{-1}^0.5 =  0.08370845516040176
Newton iteration: 53 Time elapsed =0:29:52.158666
<A u 53 , A u 53 >_{-1}^0.5 =  0.08121250780905165
Newton iteration: 54 Time elapsed =0:30:27.269244
<A u 54 , A u 54 >_{-1}^0.5 =  0.07879056466877239
Newton iteration: 55 Time elapsed =0:31:01.394759
<A u 55 , A u 55 >_{-1}^0.5 =  0.07644045449942363
Newton iteration: 56 Time elapsed =0:31:35.303710
<A u 56 , A u 56 >_{-1}^0.5 =  0.07415974864331025
Newton iteration: 57 Time elapsed =0:32:05.617547
<A u 57 , A u 57 >_{-1}^0.5 =  0.07194704538838093
Newton iteration: 58 Time elapsed =0:32:37.031552
<A u 58 , A u 58 >_{-1}^0.5 =  0.06979980576112307
Newton iteration: 59 Time elapsed =0:33:11.563871
<A u 59 , A u 59 >_{-1}^0.5 =  0.06771660970132144
Newton iteration: 60 Time elapsed =0:33:44.093801
<A u 60 , A u 60 >_{-1}^0.5 =  0.06569523895976714
Newton iteration: 61 Time elapsed =0:34:16.103003
<A u 61 , A u 61 >_{-1}^0.5 =  0.06373364044403831
Newton iteration: 62 Time elapsed =0:34:50.388416
<A u 62 , A u 62 >_{-1}^0.5 =  0.061830582468543074
Newton iteration: 63 Time elapsed =0:35:23.738319
<A u 63 , A u 63 >_{-1}^0.5 =  0.059984141783983286
Newton iteration: 64 Time elapsed =0:35:57.365827
<A u 64 , A u 64 >_{-1}^0.5 =  0.05819270719317562
Newton iteration: 65 Time elapsed =0:36:33.675695
<A u 65 , A u 65 >_{-1}^0.5 =  0.0564544513884141
Newton iteration: 66 Time elapsed =0:37:07.599203
<A u 66 , A u 66 >_{-1}^0.5 =  0.054767784518959334
Newton iteration: 67 Time elapsed =0:37:40.949754
<A u 67 , A u 67 >_{-1}^0.5 =  0.053131432105002804
Newton iteration: 68 Time elapsed =0:38:12.864370
<A u 68 , A u 68 >_{-1}^0.5 =  0.051543783437589044
Newton iteration: 69 Time elapsed =0:38:47.228691
<A u 69 , A u 69 >_{-1}^0.5 =  0.050003399543886135
Newton iteration: 70 Time elapsed =0:39:15.533641
<A u 70 , A u 70 >_{-1}^0.5 =  0.048508883377310144
Newton iteration: 71 Time elapsed =0:39:49.219030
<A u 71 , A u 71 >_{-1}^0.5 =  0.04705887862717636
Newton iteration: 72 Time elapsed =0:40:21.787096
<A u 72 , A u 72 >_{-1}^0.5 =  0.045651869122690196
Newton iteration: 73 Time elapsed =0:40:54.256579
<A u 73 , A u 73 >_{-1}^0.5 =  0.04428698168383074
Newton iteration: 74 Time elapsed =0:41:28.745156
<A u 74 , A u 74 >_{-1}^0.5 =  0.042962835057547034
Newton iteration: 75 Time elapsed =0:42:01.689136
<A u 75 , A u 75 >_{-1}^0.5 =  0.041678184428624414
Newton iteration: 76 Time elapsed =0:42:30.629613
<A u 76 , A u 76 >_{-1}^0.5 =  0.04043182308023715
Newton iteration: 77 Time elapsed =0:43:01.717592
<A u 77 , A u 77 >_{-1}^0.5 =  0.03922254413287661
Newton iteration: 78 Time elapsed =0:43:34.378414
<A u 78 , A u 78 >_{-1}^0.5 =  0.03804914965441565
Newton iteration: 79 Time elapsed =0:44:09.746827
<A u 79 , A u 79 >_{-1}^0.5 =  0.03691080111708408
Newton iteration: 80 Time elapsed =0:44:44.990648
<A u 80 , A u 80 >_{-1}^0.5 =  0.03580645255194683
Newton iteration: 81 Time elapsed =0:45:19.954658
<A u 81 , A u 81 >_{-1}^0.5 =  0.034735197564646554
Newton iteration: 82 Time elapsed =0:45:55.712562
<A u 82 , A u 82 >_{-1}^0.5 =  0.03369586209900679
Newton iteration: 83 Time elapsed =0:46:30.739381
<A u 83 , A u 83 >_{-1}^0.5 =  0.032687547888828015
Newton iteration: 84 Time elapsed =0:47:04.099639
<A u 84 , A u 84 >_{-1}^0.5 =  0.03170933350679424
Newton iteration: 85 Time elapsed =0:47:37.144867
<A u 85 , A u 85 >_{-1}^0.5 =  0.030760324639749884
Newton iteration: 86 Time elapsed =0:48:09.635181
<A u 86 , A u 86 >_{-1}^0.5 =  0.029839653305104376
Newton iteration: 87 Time elapsed =0:48:40.814195
<A u 87 , A u 87 >_{-1}^0.5 =  0.028946477089112715
Newton iteration: 88 Time elapsed =0:49:11.161642
<A u 88 , A u 88 >_{-1}^0.5 =  0.028079890380960867
Newton iteration: 89 Time elapsed =0:49:48.718172
<A u 89 , A u 89 >_{-1}^0.5 =  0.027239278675044745
Newton iteration: 90 Time elapsed =0:50:23.857635
<A u 90 , A u 90 >_{-1}^0.5 =  0.02642366287621681
Newton iteration: 91 Time elapsed =0:50:57.754157
<A u 91 , A u 91 >_{-1}^0.5 =  0.02563253523154263
Newton iteration: 92 Time elapsed =0:51:31.840494
<A u 92 , A u 92 >_{-1}^0.5 =  0.024865048759259684
Newton iteration: 93 Time elapsed =0:52:04.097558
<A u 93 , A u 93 >_{-1}^0.5 =  0.024120499624666576
Newton iteration: 94 Time elapsed =0:52:38.821045
<A u 94 , A u 94 >_{-1}^0.5 =  0.02339820479565224
Newton iteration: 95 Time elapsed =0:53:11.700467
<A u 95 , A u 95 >_{-1}^0.5 =  0.022697501436482515
Newton iteration: 96 Time elapsed =0:53:46.253600
<A u 96 , A u 96 >_{-1}^0.5 =  0.022017746318774716
Newton iteration: 97 Time elapsed =0:54:21.166496
<A u 97 , A u 97 >_{-1}^0.5 =  0.021358315249190605
Newton iteration: 98 Time elapsed =0:54:56.217608
<A u 98 , A u 98 >_{-1}^0.5 =  0.02071859755205971
Newton iteration: 99 Time elapsed =0:55:27.853703
<A u 99 , A u 99 >_{-1}^0.5 =  0.020098015532354428
Total time elapsed =11:59:11.894947
*** Iteration # 13 . Shear modulus G =  0.15904474545323
Newton iteration: 0 Time elapsed =0:00:31.983014
<A u 0 , A u 0 >_{-1}^0.5 =  0.3789274307066618
Newton iteration: 1 Time elapsed =0:01:03.099251
<A u 1 , A u 1 >_{-1}^0.5 =  0.3677359173503462
Newton iteration: 2 Time elapsed =0:01:35.214145
<A u 2 , A u 2 >_{-1}^0.5 =  0.35688208851694375
Newton iteration: 3 Time elapsed =0:02:07.818390
<A u 3 , A u 3 >_{-1}^0.5 =  0.3463535282934235
Newton iteration: 4 Time elapsed =0:02:41.089511
<A u 4 , A u 4 >_{-1}^0.5 =  0.33613177965677105
Newton iteration: 5 Time elapsed =0:03:14.009816
<A u 5 , A u 5 >_{-1}^0.5 =  0.32621127707181957
Newton iteration: 6 Time elapsed =0:03:48.668553
<A u 6 , A u 6 >_{-1}^0.5 =  0.31658543507988396
Newton iteration: 7 Time elapsed =0:04:23.058572
<A u 7 , A u 7 >_{-1}^0.5 =  0.3072400296440313
Newton iteration: 8 Time elapsed =0:04:57.428304
<A u 8 , A u 8 >_{-1}^0.5 =  0.2981739236808247
Newton iteration: 9 Time elapsed =0:05:30.551349
<A u 9 , A u 9 >_{-1}^0.5 =  0.28937186969086287
Newton iteration: 10 Time elapsed =0:06:04.094195
<A u 10 , A u 10 >_{-1}^0.5 =  0.2808299617660611
Newton iteration: 11 Time elapsed =0:06:38.517534
<A u 11 , A u 11 >_{-1}^0.5 =  0.2725312049551089
Newton iteration: 12 Time elapsed =0:07:14.173676
<A u 12 , A u 12 >_{-1}^0.5 =  0.2644791560826641
Newton iteration: 13 Time elapsed =0:07:48.883441
<A u 13 , A u 13 >_{-1}^0.5 =  0.2566685025216045
Newton iteration: 14 Time elapsed =0:08:20.332627
<A u 14 , A u 14 >_{-1}^0.5 =  0.24908337691010018
Newton iteration: 15 Time elapsed =0:08:51.585539
<A u 15 , A u 15 >_{-1}^0.5 =  0.24171856310601833
Newton iteration: 16 Time elapsed =0:09:25.858068
<A u 16 , A u 16 >_{-1}^0.5 =  0.23457430073503632
Newton iteration: 17 Time elapsed =0:10:00.714418
<A u 17 , A u 17 >_{-1}^0.5 =  0.22763474767631853
Newton iteration: 18 Time elapsed =0:10:34.967488
<A u 18 , A u 18 >_{-1}^0.5 =  0.22090061950738332
Newton iteration: 19 Time elapsed =0:11:08.419274
<A u 19 , A u 19 >_{-1}^0.5 =  0.21436307317815567
Newton iteration: 20 Time elapsed =0:11:41.281526
<A u 20 , A u 20 >_{-1}^0.5 =  0.20801666952636452
Newton iteration: 21 Time elapsed =0:12:17.494679
<A u 21 , A u 21 >_{-1}^0.5 =  0.2018514759882611
Newton iteration: 22 Time elapsed =0:12:51.820895
<A u 22 , A u 22 >_{-1}^0.5 =  0.195870021493905
Newton iteration: 23 Time elapsed =0:13:23.309864
<A u 23 , A u 23 >_{-1}^0.5 =  0.19006631226572582
Newton iteration: 24 Time elapsed =0:13:53.820529
<A u 24 , A u 24 >_{-1}^0.5 =  0.18443039890745497
Newton iteration: 25 Time elapsed =0:14:27.865375
<A u 25 , A u 25 >_{-1}^0.5 =  0.1789567534208737
Newton iteration: 26 Time elapsed =0:15:01.430124
<A u 26 , A u 26 >_{-1}^0.5 =  0.17368229548730374
Newton iteration: 27 Time elapsed =0:15:35.328490
<A u 27 , A u 27 >_{-1}^0.5 =  0.16849675270277975
Newton iteration: 28 Time elapsed =0:16:08.620052
<A u 28 , A u 28 >_{-1}^0.5 =  0.16347292271703656
Newton iteration: 29 Time elapsed =0:16:43.637596
<A u 29 , A u 29 >_{-1}^0.5 =  0.1586551442498423
Newton iteration: 30 Time elapsed =0:17:15.608421
<A u 30 , A u 30 >_{-1}^0.5 =  0.1539465193560457
Newton iteration: 31 Time elapsed =0:17:48.468282
<A u 31 , A u 31 >_{-1}^0.5 =  0.14937547416127903
Newton iteration: 32 Time elapsed =0:18:19.882689
<A u 32 , A u 32 >_{-1}^0.5 =  0.1449406265972757
Newton iteration: 33 Time elapsed =0:18:52.002387
<A u 33 , A u 33 >_{-1}^0.5 =  0.14064006758897737
Newton iteration: 34 Time elapsed =0:19:25.680810
<A u 34 , A u 34 >_{-1}^0.5 =  0.13641338676743012
Newton iteration: 35 Time elapsed =0:19:58.566861
<A u 35 , A u 35 >_{-1}^0.5 =  0.1323954015726012
Newton iteration: 36 Time elapsed =0:20:31.101639
<A u 36 , A u 36 >_{-1}^0.5 =  0.12846550788044045
Newton iteration: 37 Time elapsed =0:21:03.976881
<A u 37 , A u 37 >_{-1}^0.5 =  0.12455897571322269
Newton iteration: 38 Time elapsed =0:21:36.590704
<A u 38 , A u 38 >_{-1}^0.5 =  0.12092489608615031
Newton iteration: 39 Time elapsed =0:22:07.853843
<A u 39 , A u 39 >_{-1}^0.5 =  0.11732698366289722
Newton iteration: 40 Time elapsed =0:22:42.260080
<A u 40 , A u 40 >_{-1}^0.5 =  0.11383545738148651
Newton iteration: 41 Time elapsed =0:23:16.686958
<A u 41 , A u 41 >_{-1}^0.5 =  0.1104468208090163
Newton iteration: 42 Time elapsed =0:23:51.130432
<A u 42 , A u 42 >_{-1}^0.5 =  0.1071582260338381
Newton iteration: 43 Time elapsed =0:24:24.574570
<A u 43 , A u 43 >_{-1}^0.5 =  0.10396754190594872
Newton iteration: 44 Time elapsed =0:24:54.887557
<A u 44 , A u 44 >_{-1}^0.5 =  0.10087219672076143
Newton iteration: 45 Time elapsed =0:25:27.726831
<A u 45 , A u 45 >_{-1}^0.5 =  0.09786770287365325
Newton iteration: 46 Time elapsed =0:26:03.863288
<A u 46 , A u 46 >_{-1}^0.5 =  0.09495262950472418
Newton iteration: 47 Time elapsed =0:26:34.507848
<A u 47 , A u 47 >_{-1}^0.5 =  0.09212437890444516
Newton iteration: 48 Time elapsed =0:27:06.173561
<A u 48 , A u 48 >_{-1}^0.5 =  0.08938089151178798
Newton iteration: 49 Time elapsed =0:27:41.504500
<A u 49 , A u 49 >_{-1}^0.5 =  0.08672007242289015
Newton iteration: 50 Time elapsed =0:28:15.167610
<A u 50 , A u 50 >_{-1}^0.5 =  0.08414088109556138
Newton iteration: 51 Time elapsed =0:28:50.398139
<A u 51 , A u 51 >_{-1}^0.5 =  0.0816933984295497
Newton iteration: 52 Time elapsed =0:29:23.374823
<A u 52 , A u 52 >_{-1}^0.5 =  0.07914720059665627
Newton iteration: 53 Time elapsed =0:29:56.588136
<A u 53 , A u 53 >_{-1}^0.5 =  0.07676725460057897
Newton iteration: 54 Time elapsed =0:30:32.229533
<A u 54 , A u 54 >_{-1}^0.5 =  0.07456544113765592
Newton iteration: 55 Time elapsed =0:31:05.454541
<A u 55 , A u 55 >_{-1}^0.5 =  0.07219018317094175
Newton iteration: 56 Time elapsed =0:31:37.630205
<A u 56 , A u 56 >_{-1}^0.5 =  0.07015206486124433
Newton iteration: 57 Time elapsed =0:32:08.354574
<A u 57 , A u 57 >_{-1}^0.5 =  0.06805956534027827
Newton iteration: 58 Time elapsed =0:32:41.035492
<A u 58 , A u 58 >_{-1}^0.5 =  0.06602967497489491
Newton iteration: 59 Time elapsed =0:33:14.878216
<A u 59 , A u 59 >_{-1}^0.5 =  0.06406050382331503
Newton iteration: 60 Time elapsed =0:33:50.023184
<A u 60 , A u 60 >_{-1}^0.5 =  0.06215141104807644
Newton iteration: 61 Time elapsed =0:34:23.871464
<A u 61 , A u 61 >_{-1}^0.5 =  0.060302171215765255
Newton iteration: 62 Time elapsed =0:34:56.630572
<A u 62 , A u 62 >_{-1}^0.5 =  0.0585179860741261
Newton iteration: 63 Time elapsed =0:35:30.801551
<A u 63 , A u 63 >_{-1}^0.5 =  0.05693633629516963
Newton iteration: 64 Time elapsed =0:36:04.218580
<A u 64 , A u 64 >_{-1}^0.5 =  0.055079275985883365
Newton iteration: 65 Time elapsed =0:36:37.404690
<A u 65 , A u 65 >_{-1}^0.5 =  0.05343063815688472
Newton iteration: 66 Time elapsed =0:37:10.190729
<A u 66 , A u 66 >_{-1}^0.5 =  0.051831139414543065
Newton iteration: 67 Time elapsed =0:37:44.499602
<A u 67 , A u 67 >_{-1}^0.5 =  0.05028022616048787
Newton iteration: 68 Time elapsed =0:38:16.066907
<A u 68 , A u 68 >_{-1}^0.5 =  0.04877593185296806
Newton iteration: 69 Time elapsed =0:38:49.699713
<A u 69 , A u 69 >_{-1}^0.5 =  0.047316749171348996
Newton iteration: 70 Time elapsed =0:39:22.016567
<A u 70 , A u 70 >_{-1}^0.5 =  0.045901272681891266
Newton iteration: 71 Time elapsed =0:39:57.105643
<A u 71 , A u 71 >_{-1}^0.5 =  0.04452778898090507
Newton iteration: 72 Time elapsed =0:40:31.594556
<A u 72 , A u 72 >_{-1}^0.5 =  0.04319573641105667
Newton iteration: 73 Time elapsed =0:41:04.760094
<A u 73 , A u 73 >_{-1}^0.5 =  0.041903495519745176
Newton iteration: 74 Time elapsed =0:41:37.083189
<A u 74 , A u 74 >_{-1}^0.5 =  0.04064986439343222
Newton iteration: 75 Time elapsed =0:42:07.862486
<A u 75 , A u 75 >_{-1}^0.5 =  0.039433681933738106
Newton iteration: 76 Time elapsed =0:42:41.738483
<A u 76 , A u 76 >_{-1}^0.5 =  0.0382533465188746
Newton iteration: 77 Time elapsed =0:43:14.654959
<A u 77 , A u 77 >_{-1}^0.5 =  0.03710874284861184
Newton iteration: 78 Time elapsed =0:43:46.386578
<A u 78 , A u 78 >_{-1}^0.5 =  0.03599817399195903
Newton iteration: 79 Time elapsed =0:44:19.916545
<A u 79 , A u 79 >_{-1}^0.5 =  0.034920504432555344
Newton iteration: 80 Time elapsed =0:44:52.821465
<A u 80 , A u 80 >_{-1}^0.5 =  0.033875306934898555
Newton iteration: 81 Time elapsed =0:45:25.540625
<A u 81 , A u 81 >_{-1}^0.5 =  0.032861463425579884
Newton iteration: 82 Time elapsed =0:46:00.330015
<A u 82 , A u 82 >_{-1}^0.5 =  0.03187777882787967
Newton iteration: 83 Time elapsed =0:46:30.591500
<A u 83 , A u 83 >_{-1}^0.5 =  0.030923604655950624
Newton iteration: 84 Time elapsed =0:47:04.590498
<A u 84 , A u 84 >_{-1}^0.5 =  0.02999767615615311
Newton iteration: 85 Time elapsed =0:47:36.987854
<A u 85 , A u 85 >_{-1}^0.5 =  0.029099630951478595
Newton iteration: 86 Time elapsed =0:48:11.434683
<A u 86 , A u 86 >_{-1}^0.5 =  0.028228350273203976
Newton iteration: 87 Time elapsed =0:48:45.979913
<A u 87 , A u 87 >_{-1}^0.5 =  0.027382960828293286
Newton iteration: 88 Time elapsed =0:49:19.928528
<A u 88 , A u 88 >_{-1}^0.5 =  0.026562975810489303
Newton iteration: 89 Time elapsed =0:49:53.887766
<A u 89 , A u 89 >_{-1}^0.5 =  0.02576761472162781
Newton iteration: 90 Time elapsed =0:50:28.603895
<A u 90 , A u 90 >_{-1}^0.5 =  0.024996027632931
Newton iteration: 91 Time elapsed =0:51:02.390800
<A u 91 , A u 91 >_{-1}^0.5 =  0.024247425143645668
Newton iteration: 92 Time elapsed =0:51:35.158360
<A u 92 , A u 92 >_{-1}^0.5 =  0.023521284006321263
Newton iteration: 93 Time elapsed =0:52:11.496164
<A u 93 , A u 93 >_{-1}^0.5 =  0.02281675593266158
Newton iteration: 94 Time elapsed =0:52:44.560417
<A u 94 , A u 94 >_{-1}^0.5 =  0.02213329915837473
Newton iteration: 95 Time elapsed =0:53:19.198638
<A u 95 , A u 95 >_{-1}^0.5 =  0.02147030675670488
Newton iteration: 96 Time elapsed =0:53:53.903338
<A u 96 , A u 96 >_{-1}^0.5 =  0.020827209451831988
Newton iteration: 97 Time elapsed =0:54:29.535703
<A u 97 , A u 97 >_{-1}^0.5 =  0.0202031075391106
Newton iteration: 98 Time elapsed =0:55:01.851153
<A u 98 , A u 98 >_{-1}^0.5 =  0.01959782311233924
Newton iteration: 99 Time elapsed =0:55:32.043620
<A u 99 , A u 99 >_{-1}^0.5 =  0.019010735220626906
Total time elapsed =12:54:44.507343
*** Iteration # 14 . Shear modulus G =  0.1438462208844834
Newton iteration: 0 Time elapsed =0:00:32.617070
<A u 0 , A u 0 >_{-1}^0.5 =  0.3594633818538298
Newton iteration: 1 Time elapsed =0:01:08.434438
<A u 1 , A u 1 >_{-1}^0.5 =  0.3488284967614636
Newton iteration: 2 Time elapsed =0:01:39.565217
<A u 2 , A u 2 >_{-1}^0.5 =  0.3385083001531563
Newton iteration: 3 Time elapsed =0:02:14.595346
<A u 3 , A u 3 >_{-1}^0.5 =  0.3284931965559777
Newton iteration: 4 Time elapsed =0:02:48.209175
<A u 4 , A u 4 >_{-1}^0.5 =  0.31877816457702873
Newton iteration: 5 Time elapsed =0:03:21.981461
<A u 5 , A u 5 >_{-1}^0.5 =  0.30934776535151315
Newton iteration: 6 Time elapsed =0:03:55.578372
<A u 6 , A u 6 >_{-1}^0.5 =  0.3001894437288568
Newton iteration: 7 Time elapsed =0:04:30.658985
<A u 7 , A u 7 >_{-1}^0.5 =  0.2912988502575976
Newton iteration: 8 Time elapsed =0:05:05.497195
<A u 8 , A u 8 >_{-1}^0.5 =  0.2826774587963383
Newton iteration: 9 Time elapsed =0:05:36.899256
<A u 9 , A u 9 >_{-1}^0.5 =  0.27431546863755535
Newton iteration: 10 Time elapsed =0:06:09.201095
<A u 10 , A u 10 >_{-1}^0.5 =  0.26619178566187746
Newton iteration: 11 Time elapsed =0:06:42.189082
<A u 11 , A u 11 >_{-1}^0.5 =  0.25832317802575827
Newton iteration: 12 Time elapsed =0:07:14.745257
<A u 12 , A u 12 >_{-1}^0.5 =  0.25067536333001933
Newton iteration: 13 Time elapsed =0:07:48.897461
<A u 13 , A u 13 >_{-1}^0.5 =  0.2432457592210973
Newton iteration: 14 Time elapsed =0:08:20.316731
<A u 14 , A u 14 >_{-1}^0.5 =  0.23604330593191195
Newton iteration: 15 Time elapsed =0:08:54.012278
<A u 15 , A u 15 >_{-1}^0.5 =  0.22905039737620822
Newton iteration: 16 Time elapsed =0:09:27.603641
<A u 16 , A u 16 >_{-1}^0.5 =  0.22226555250076588
Newton iteration: 17 Time elapsed =0:10:05.151044
<A u 17 , A u 17 >_{-1}^0.5 =  0.2156823146078444
Newton iteration: 18 Time elapsed =0:10:38.689329
<A u 18 , A u 18 >_{-1}^0.5 =  0.2092954572494872
Newton iteration: 19 Time elapsed =0:11:15.354652
<A u 19 , A u 19 >_{-1}^0.5 =  0.20309460368915697
Newton iteration: 20 Time elapsed =0:11:45.738306
<A u 20 , A u 20 >_{-1}^0.5 =  0.1970771790676546
Newton iteration: 21 Time elapsed =0:12:18.449428
<A u 21 , A u 21 >_{-1}^0.5 =  0.19123562106116163
Newton iteration: 22 Time elapsed =0:12:52.484275
<A u 22 , A u 22 >_{-1}^0.5 =  0.18556807011528662
Newton iteration: 23 Time elapsed =0:13:25.853541
<A u 23 , A u 23 >_{-1}^0.5 =  0.18006680275086875
Newton iteration: 24 Time elapsed =0:13:59.720000
<A u 24 , A u 24 >_{-1}^0.5 =  0.17472635287967903
Newton iteration: 25 Time elapsed =0:14:33.721560
<A u 25 , A u 25 >_{-1}^0.5 =  0.16954208891086114
Newton iteration: 26 Time elapsed =0:15:01.622346
<A u 26 , A u 26 >_{-1}^0.5 =  0.16451013196202136
Newton iteration: 27 Time elapsed =0:15:35.345328
<A u 27 , A u 27 >_{-1}^0.5 =  0.15962759109101154
Newton iteration: 28 Time elapsed =0:16:06.447400
<A u 28 , A u 28 >_{-1}^0.5 =  0.1548872229837139
Newton iteration: 29 Time elapsed =0:16:38.021252
<A u 29 , A u 29 >_{-1}^0.5 =  0.15028933327692393
Newton iteration: 30 Time elapsed =0:17:10.038551
<A u 30 , A u 30 >_{-1}^0.5 =  0.14582609233764843
Newton iteration: 31 Time elapsed =0:17:45.173380
<A u 31 , A u 31 >_{-1}^0.5 =  0.141492570625015
Newton iteration: 32 Time elapsed =0:18:20.261672
<A u 32 , A u 32 >_{-1}^0.5 =  0.1372884087280831
Newton iteration: 33 Time elapsed =0:18:50.779811
<A u 33 , A u 33 >_{-1}^0.5 =  0.1332069074921002
Newton iteration: 34 Time elapsed =0:19:22.389148
<A u 34 , A u 34 >_{-1}^0.5 =  0.12924513783290278
Newton iteration: 35 Time elapsed =0:19:53.955487
<A u 35 , A u 35 >_{-1}^0.5 =  0.12540221638403015
Newton iteration: 36 Time elapsed =0:20:23.970060
<A u 36 , A u 36 >_{-1}^0.5 =  0.12167269940294878
Newton iteration: 37 Time elapsed =0:20:57.739322
<A u 37 , A u 37 >_{-1}^0.5 =  0.11804875373531229
Newton iteration: 38 Time elapsed =0:21:33.403387
<A u 38 , A u 38 >_{-1}^0.5 =  0.11453748503930873
Newton iteration: 39 Time elapsed =0:22:04.988944
<A u 39 , A u 39 >_{-1}^0.5 =  0.11112829598990531
Newton iteration: 40 Time elapsed =0:22:37.551771
<A u 40 , A u 40 >_{-1}^0.5 =  0.10782088924395025
Newton iteration: 41 Time elapsed =0:23:10.064922
<A u 41 , A u 41 >_{-1}^0.5 =  0.10460916422539962
Newton iteration: 42 Time elapsed =0:23:43.510403
<A u 42 , A u 42 >_{-1}^0.5 =  0.10149298020981173
Newton iteration: 43 Time elapsed =0:24:17.109313
<A u 43 , A u 43 >_{-1}^0.5 =  0.09847035561644289
Newton iteration: 44 Time elapsed =0:24:48.013365
<A u 44 , A u 44 >_{-1}^0.5 =  0.09553596105453635
Newton iteration: 45 Time elapsed =0:25:22.443051
<A u 45 , A u 45 >_{-1}^0.5 =  0.09268868409174459
Newton iteration: 46 Time elapsed =0:25:53.809371
<A u 46 , A u 46 >_{-1}^0.5 =  0.08992456116470789
Newton iteration: 47 Time elapsed =0:26:28.661322
<A u 47 , A u 47 >_{-1}^0.5 =  0.08724468611774486
Newton iteration: 48 Time elapsed =0:27:04.991471
<A u 48 , A u 48 >_{-1}^0.5 =  0.08464387176283618
Newton iteration: 49 Time elapsed =0:27:37.890271
<A u 49 , A u 49 >_{-1}^0.5 =  0.08211967582616943
Newton iteration: 50 Time elapsed =0:28:13.753442
<A u 50 , A u 50 >_{-1}^0.5 =  0.07967056530144728
Newton iteration: 51 Time elapsed =0:28:45.086232
<A u 51 , A u 51 >_{-1}^0.5 =  0.07729311523634834
Newton iteration: 52 Time elapsed =0:29:16.228324
<A u 52 , A u 52 >_{-1}^0.5 =  0.0749870480331984
Newton iteration: 53 Time elapsed =0:29:49.303547
<A u 53 , A u 53 >_{-1}^0.5 =  0.07274989013463572
Newton iteration: 54 Time elapsed =0:30:23.412331
<A u 54 , A u 54 >_{-1}^0.5 =  0.07057918135880342
Newton iteration: 55 Time elapsed =0:30:56.638241
<A u 55 , A u 55 >_{-1}^0.5 =  0.06847240689138699
Newton iteration: 56 Time elapsed =0:31:31.110414
<A u 56 , A u 56 >_{-1}^0.5 =  0.06642756683094449
Newton iteration: 57 Time elapsed =0:32:05.060955
<A u 57 , A u 57 >_{-1}^0.5 =  0.06444481816554763
Newton iteration: 58 Time elapsed =0:32:38.438587
<A u 58 , A u 58 >_{-1}^0.5 =  0.06252034467737493
Newton iteration: 59 Time elapsed =0:33:12.266840
<A u 59 , A u 59 >_{-1}^0.5 =  0.06065284634986037
Newton iteration: 60 Time elapsed =0:33:40.730506
<A u 60 , A u 60 >_{-1}^0.5 =  0.058841142641894495
Newton iteration: 61 Time elapsed =0:34:11.436963
<A u 61 , A u 61 >_{-1}^0.5 =  0.05708329161066874
Newton iteration: 62 Time elapsed =0:34:44.671244
<A u 62 , A u 62 >_{-1}^0.5 =  0.05537793311164159
Newton iteration: 63 Time elapsed =0:35:17.185589
<A u 63 , A u 63 >_{-1}^0.5 =  0.053723220664111865
Newton iteration: 64 Time elapsed =0:35:53.864040
<A u 64 , A u 64 >_{-1}^0.5 =  0.052117181645326645
Newton iteration: 65 Time elapsed =0:36:27.824900
<A u 65 , A u 65 >_{-1}^0.5 =  0.0505585242238372
Newton iteration: 66 Time elapsed =0:37:05.164327
<A u 66 , A u 66 >_{-1}^0.5 =  0.049047300837033056
Newton iteration: 67 Time elapsed =0:37:39.718164
<A u 67 , A u 67 >_{-1}^0.5 =  0.04758121574061584
Newton iteration: 68 Time elapsed =0:38:12.497488
<A u 68 , A u 68 >_{-1}^0.5 =  0.04615894585755695
Newton iteration: 69 Time elapsed =0:38:43.576004
<A u 69 , A u 69 >_{-1}^0.5 =  0.04477897257387156
Newton iteration: 70 Time elapsed =0:39:19.731128
<A u 70 , A u 70 >_{-1}^0.5 =  0.043440189541562375
Newton iteration: 71 Time elapsed =0:39:52.794069
<A u 71 , A u 71 >_{-1}^0.5 =  0.04214088146635117
Newton iteration: 72 Time elapsed =0:40:25.917310
<A u 72 , A u 72 >_{-1}^0.5 =  0.04088069642267675
Newton iteration: 73 Time elapsed =0:41:01.514417
<A u 73 , A u 73 >_{-1}^0.5 =  0.039658057316762266
Newton iteration: 74 Time elapsed =0:41:34.174471
<A u 74 , A u 74 >_{-1}^0.5 =  0.038471928736230745
Newton iteration: 75 Time elapsed =0:42:07.900415
<A u 75 , A u 75 >_{-1}^0.5 =  0.03732269604196506
Newton iteration: 76 Time elapsed =0:42:38.243507
<A u 76 , A u 76 >_{-1}^0.5 =  0.036206082225990935
Newton iteration: 77 Time elapsed =0:43:11.668473
<A u 77 , A u 77 >_{-1}^0.5 =  0.03512291841837324
Newton iteration: 78 Time elapsed =0:43:42.092402
<A u 78 , A u 78 >_{-1}^0.5 =  0.034071871889732104
Newton iteration: 79 Time elapsed =0:44:14.318541
<A u 79 , A u 79 >_{-1}^0.5 =  0.03305210466143334
Newton iteration: 80 Time elapsed =0:44:45.769324
<A u 80 , A u 80 >_{-1}^0.5 =  0.03206274032831837
Newton iteration: 81 Time elapsed =0:45:20.016236
<A u 81 , A u 81 >_{-1}^0.5 =  0.031103234696027795
Newton iteration: 82 Time elapsed =0:45:52.118224
<A u 82 , A u 82 >_{-1}^0.5 =  0.03017219432750816
Newton iteration: 83 Time elapsed =0:46:25.174914
<A u 83 , A u 83 >_{-1}^0.5 =  0.02926893661525127
Newton iteration: 84 Time elapsed =0:46:58.754155
<A u 84 , A u 84 >_{-1}^0.5 =  0.02839285399934106
Newton iteration: 85 Time elapsed =0:47:33.197270
<A u 85 , A u 85 >_{-1}^0.5 =  0.027542895331031114
Newton iteration: 86 Time elapsed =0:48:06.084981
<A u 86 , A u 86 >_{-1}^0.5 =  0.02671831305964138
Newton iteration: 87 Time elapsed =0:48:35.852286
<A u 87 , A u 87 >_{-1}^0.5 =  0.025918421368218654
Newton iteration: 88 Time elapsed =0:49:07.436502
<A u 88 , A u 88 >_{-1}^0.5 =  0.02514232921889711
Newton iteration: 89 Time elapsed =0:49:42.479147
<A u 89 , A u 89 >_{-1}^0.5 =  0.024389429102995797
Newton iteration: 90 Time elapsed =0:50:15.852369
<A u 90 , A u 90 >_{-1}^0.5 =  0.023658790710219285
Newton iteration: 91 Time elapsed =0:50:48.762492
<A u 91 , A u 91 >_{-1}^0.5 =  0.02295033073779473
Newton iteration: 92 Time elapsed =0:51:22.623345
<A u 92 , A u 92 >_{-1}^0.5 =  0.022263048241230363
Newton iteration: 93 Time elapsed =0:51:56.552758
<A u 93 , A u 93 >_{-1}^0.5 =  0.021596029836105788
Newton iteration: 94 Time elapsed =0:52:29.304422
<A u 94 , A u 94 >_{-1}^0.5 =  0.020949161888660882
Newton iteration: 95 Time elapsed =0:53:05.600620
<A u 95 , A u 95 >_{-1}^0.5 =  0.020321712034523712
Newton iteration: 96 Time elapsed =0:53:38.000007
<A u 96 , A u 96 >_{-1}^0.5 =  0.019713082670022794
Newton iteration: 97 Time elapsed =0:54:11.543058
<A u 97 , A u 97 >_{-1}^0.5 =  0.01912253057031235
Newton iteration: 98 Time elapsed =0:54:44.647717
<A u 98 , A u 98 >_{-1}^0.5 =  0.018549709735063386
Newton iteration: 99 Time elapsed =0:55:18.471493
<A u 99 , A u 99 >_{-1}^0.5 =  0.01799394830209363
Total time elapsed =13:50:03.308694
*** Iteration # 15 . Shear modulus G =  0.13
Newton iteration: 0 Time elapsed =0:00:30.946244
<A u 0 , A u 0 >_{-1}^0.5 =  0.3541085605745489
Newton iteration: 1 Time elapsed =0:01:06.874910
<A u 1 , A u 1 >_{-1}^0.5 =  0.34357292342546697
Newton iteration: 2 Time elapsed =0:01:43.588305
<A u 2 , A u 2 >_{-1}^0.5 =  0.33339621156335153
Newton iteration: 3 Time elapsed =0:02:14.343262
<A u 3 , A u 3 >_{-1}^0.5 =  0.3235252387361156
Newton iteration: 4 Time elapsed =0:02:47.846293
<A u 4 , A u 4 >_{-1}^0.5 =  0.31392594121405
Newton iteration: 5 Time elapsed =0:03:21.737796
<A u 5 , A u 5 >_{-1}^0.5 =  0.3046250699688116
Newton iteration: 6 Time elapsed =0:03:56.569327
<A u 6 , A u 6 >_{-1}^0.5 =  0.2956054730211113
Newton iteration: 7 Time elapsed =0:04:31.606192
<A u 7 , A u 7 >_{-1}^0.5 =  0.2868523318417734
Newton iteration: 8 Time elapsed =0:05:04.725520
<A u 8 , A u 8 >_{-1}^0.5 =  0.27835748616318506
Newton iteration: 9 Time elapsed =0:05:38.992206
<A u 9 , A u 9 >_{-1}^0.5 =  0.27012581760046905
Newton iteration: 10 Time elapsed =0:06:13.725122
<A u 10 , A u 10 >_{-1}^0.5 =  0.2621342978818425
Newton iteration: 11 Time elapsed =0:06:47.783670
<A u 11 , A u 11 >_{-1}^0.5 =  0.2543808875470917
Newton iteration: 12 Time elapsed =0:07:18.846206
<A u 12 , A u 12 >_{-1}^0.5 =  0.24685298536887593
Newton iteration: 13 Time elapsed =0:07:51.665204
<A u 13 , A u 13 >_{-1}^0.5 =  0.23955798759013064
Newton iteration: 14 Time elapsed =0:08:29.887003
<A u 14 , A u 14 >_{-1}^0.5 =  0.23246740324121712
Newton iteration: 15 Time elapsed =0:09:05.369524
<A u 15 , A u 15 >_{-1}^0.5 =  0.2255890250512839
Newton iteration: 16 Time elapsed =0:09:36.959482
<A u 16 , A u 16 >_{-1}^0.5 =  0.2189111233343039
Newton iteration: 17 Time elapsed =0:10:07.864426
<A u 17 , A u 17 >_{-1}^0.5 =  0.21243461331341204
Newton iteration: 18 Time elapsed =0:10:41.174449
<A u 18 , A u 18 >_{-1}^0.5 =  0.20614722113854483
Newton iteration: 19 Time elapsed =0:11:14.395668
<A u 19 , A u 19 >_{-1}^0.5 =  0.20004334305116095
Newton iteration: 20 Time elapsed =0:11:49.901114
<A u 20 , A u 20 >_{-1}^0.5 =  0.1941211036792342
Newton iteration: 21 Time elapsed =0:12:22.025314
<A u 21 , A u 21 >_{-1}^0.5 =  0.18837071079896903
Newton iteration: 22 Time elapsed =0:12:54.822258
<A u 22 , A u 22 >_{-1}^0.5 =  0.1827876357690049
Newton iteration: 23 Time elapsed =0:13:26.833505
<A u 23 , A u 23 >_{-1}^0.5 =  0.17737058363285205
Newton iteration: 24 Time elapsed =0:13:58.201341
<A u 24 , A u 24 >_{-1}^0.5 =  0.17211070449050392
Newton iteration: 25 Time elapsed =0:14:32.728158
<A u 25 , A u 25 >_{-1}^0.5 =  0.16700454659204447
Newton iteration: 26 Time elapsed =0:15:04.823294
<A u 26 , A u 26 >_{-1}^0.5 =  0.1620517424486658
Newton iteration: 27 Time elapsed =0:15:39.862538
<A u 27 , A u 27 >_{-1}^0.5 =  0.15724515386910776
Newton iteration: 28 Time elapsed =0:16:16.240451
<A u 28 , A u 28 >_{-1}^0.5 =  0.15257796364794848
Newton iteration: 29 Time elapsed =0:16:48.120442
<A u 29 , A u 29 >_{-1}^0.5 =  0.14804638630432956
Newton iteration: 30 Time elapsed =0:17:23.087589
<A u 30 , A u 30 >_{-1}^0.5 =  0.14365224170654026
Newton iteration: 31 Time elapsed =0:17:53.178291
<A u 31 , A u 31 >_{-1}^0.5 =  0.13938633816138712
Newton iteration: 32 Time elapsed =0:18:24.121502
<A u 32 , A u 32 >_{-1}^0.5 =  0.13524419992343312
Newton iteration: 33 Time elapsed =0:18:58.030784
<A u 33 , A u 33 >_{-1}^0.5 =  0.13122329449454756
Newton iteration: 34 Time elapsed =0:19:33.230337
<A u 34 , A u 34 >_{-1}^0.5 =  0.12731960572134007
Newton iteration: 35 Time elapsed =0:20:05.841373
<A u 35 , A u 35 >_{-1}^0.5 =  0.12353445958176829
Newton iteration: 36 Time elapsed =0:20:40.628696
<A u 36 , A u 36 >_{-1}^0.5 =  0.11986032928856119
Newton iteration: 37 Time elapsed =0:21:11.326306
<A u 37 , A u 37 >_{-1}^0.5 =  0.11629655527524294
Newton iteration: 38 Time elapsed =0:21:42.541285
<A u 38 , A u 38 >_{-1}^0.5 =  0.11283756710598593
Newton iteration: 39 Time elapsed =0:22:15.565072
<A u 39 , A u 39 >_{-1}^0.5 =  0.10947759230536823
Newton iteration: 40 Time elapsed =0:22:45.272308
<A u 40 , A u 40 >_{-1}^0.5 =  0.10621987689943564
Newton iteration: 41 Time elapsed =0:23:22.310205
<A u 41 , A u 41 >_{-1}^0.5 =  0.10305810671426996
Newton iteration: 42 Time elapsed =0:23:57.412184
<A u 42 , A u 42 >_{-1}^0.5 =  0.09999008079735132
Newton iteration: 43 Time elapsed =0:24:30.739768
<A u 43 , A u 43 >_{-1}^0.5 =  0.09701234786826984
Newton iteration: 44 Time elapsed =0:25:05.665227
<A u 44 , A u 44 >_{-1}^0.5 =  0.09412266806888492
Newton iteration: 45 Time elapsed =0:25:41.209929
<A u 45 , A u 45 >_{-1}^0.5 =  0.091319193565914
Newton iteration: 46 Time elapsed =0:26:13.384329
<A u 46 , A u 46 >_{-1}^0.5 =  0.08859781339800224
Newton iteration: 47 Time elapsed =0:26:44.517408
<A u 47 , A u 47 >_{-1}^0.5 =  0.08595758342537721
Newton iteration: 48 Time elapsed =0:27:20.492238
<A u 48 , A u 48 >_{-1}^0.5 =  0.0833945364227692
Newton iteration: 49 Time elapsed =0:27:52.933678
<A u 49 , A u 49 >_{-1}^0.5 =  0.08090879614425352
Newton iteration: 50 Time elapsed =0:28:24.441912
<A u 50 , A u 50 >_{-1}^0.5 =  0.07849607484318746
Newton iteration: 51 Time elapsed =0:28:57.056231
<A u 51 , A u 51 >_{-1}^0.5 =  0.0761546235749944
Newton iteration: 52 Time elapsed =0:29:31.531194
<A u 52 , A u 52 >_{-1}^0.5 =  0.07388337711858907
Newton iteration: 53 Time elapsed =0:30:01.780512
<A u 53 , A u 53 >_{-1}^0.5 =  0.07167943923934066
Newton iteration: 54 Time elapsed =0:30:34.881939
<A u 54 , A u 54 >_{-1}^0.5 =  0.06954068721674221
Newton iteration: 55 Time elapsed =0:31:07.728774
<A u 55 , A u 55 >_{-1}^0.5 =  0.0674658310046967
Newton iteration: 56 Time elapsed =0:31:40.483273
<A u 56 , A u 56 >_{-1}^0.5 =  0.06545199316366555
Newton iteration: 57 Time elapsed =0:32:10.772532
<A u 57 , A u 57 >_{-1}^0.5 =  0.06349715453592843
Newton iteration: 58 Time elapsed =0:32:45.176488
<A u 58 , A u 58 >_{-1}^0.5 =  0.06160132809421169
Newton iteration: 59 Time elapsed =0:33:22.246702
<A u 59 , A u 59 >_{-1}^0.5 =  0.05976227253265641
Newton iteration: 60 Time elapsed =0:33:56.826287
<A u 60 , A u 60 >_{-1}^0.5 =  0.05797763854400813
Newton iteration: 61 Time elapsed =0:34:31.149852
<A u 61 , A u 61 >_{-1}^0.5 =  0.05624605846164086
Newton iteration: 62 Time elapsed =0:35:06.063686
<A u 62 , A u 62 >_{-1}^0.5 =  0.054565952749189975
Newton iteration: 63 Time elapsed =0:35:38.643298
<A u 63 , A u 63 >_{-1}^0.5 =  0.052935778729714514
Newton iteration: 64 Time elapsed =0:36:11.010548
<A u 64 , A u 64 >_{-1}^0.5 =  0.05135420431353409
Newton iteration: 65 Time elapsed =0:36:46.794959
<A u 65 , A u 65 >_{-1}^0.5 =  0.049819508663693134
Newton iteration: 66 Time elapsed =0:37:24.577135
<A u 66 , A u 66 >_{-1}^0.5 =  0.048330735575475486
Newton iteration: 67 Time elapsed =0:37:57.954091
<A u 67 , A u 67 >_{-1}^0.5 =  0.0468864028939181
Newton iteration: 68 Time elapsed =0:38:29.011192
<A u 68 , A u 68 >_{-1}^0.5 =  0.045484561574518724
Newton iteration: 69 Time elapsed =0:39:01.654191
<A u 69 , A u 69 >_{-1}^0.5 =  0.04412463937631216
Newton iteration: 70 Time elapsed =0:39:35.526398
<A u 70 , A u 70 >_{-1}^0.5 =  0.042805576610491974
Newton iteration: 71 Time elapsed =0:40:11.824548
<A u 71 , A u 71 >_{-1}^0.5 =  0.04152594964450484
Newton iteration: 72 Time elapsed =0:40:45.788386
<A u 72 , A u 72 >_{-1}^0.5 =  0.040284002447256266
Newton iteration: 73 Time elapsed =0:41:19.919258
<A u 73 , A u 73 >_{-1}^0.5 =  0.03907936529537981
Newton iteration: 74 Time elapsed =0:41:51.974399
<A u 74 , A u 74 >_{-1}^0.5 =  0.037910665903398984
Newton iteration: 75 Time elapsed =0:42:27.743196
<A u 75 , A u 75 >_{-1}^0.5 =  0.03677681326007763
Newton iteration: 76 Time elapsed =0:43:01.098269
<A u 76 , A u 76 >_{-1}^0.5 =  0.03567660055430682
Newton iteration: 77 Time elapsed =0:43:32.465238
<A u 77 , A u 77 >_{-1}^0.5 =  0.034609378357013186
Newton iteration: 78 Time elapsed =0:44:03.514294
<A u 78 , A u 78 >_{-1}^0.5 =  0.033573924053176475
Newton iteration: 79 Time elapsed =0:44:37.001109
<A u 79 , A u 79 >_{-1}^0.5 =  0.03256943426673994
Newton iteration: 80 Time elapsed =0:45:07.077399
<A u 80 , A u 80 >_{-1}^0.5 =  0.0315954765620943
Newton iteration: 81 Time elapsed =0:45:38.022442
<A u 81 , A u 81 >_{-1}^0.5 =  0.03064984629315274
Newton iteration: 82 Time elapsed =0:46:11.844324
<A u 82 , A u 82 >_{-1}^0.5 =  0.029732628937847297
Newton iteration: 83 Time elapsed =0:46:46.336211
<A u 83 , A u 83 >_{-1}^0.5 =  0.028842795053308893
Newton iteration: 84 Time elapsed =0:47:18.006227
<A u 84 , A u 84 >_{-1}^0.5 =  0.027979430522459825
Newton iteration: 85 Time elapsed =0:47:48.981343
<A u 85 , A u 85 >_{-1}^0.5 =  0.027141949474061507
Newton iteration: 86 Time elapsed =0:48:25.428195
<A u 86 , A u 86 >_{-1}^0.5 =  0.026329446942413823
Newton iteration: 87 Time elapsed =0:49:00.239222
<A u 87 , A u 87 >_{-1}^0.5 =  0.025541249563327414
Newton iteration: 88 Time elapsed =0:49:30.552962
<A u 88 , A u 88 >_{-1}^0.5 =  0.024776599453812793
Newton iteration: 89 Time elapsed =0:50:06.268363
<A u 89 , A u 89 >_{-1}^0.5 =  0.024034795938014414
Newton iteration: 90 Time elapsed =0:50:40.152331
<A u 90 , A u 90 >_{-1}^0.5 =  0.023315159028842774
Newton iteration: 91 Time elapsed =0:51:14.655769
<A u 91 , A u 91 >_{-1}^0.5 =  0.022617028826202278
Newton iteration: 92 Time elapsed =0:51:46.477898
<A u 92 , A u 92 >_{-1}^0.5 =  0.02193976493221222
Newton iteration: 93 Time elapsed =0:52:18.172285
<A u 93 , A u 93 >_{-1}^0.5 =  0.021283039894598833
Newton iteration: 94 Time elapsed =0:52:55.208263
<A u 94 , A u 94 >_{-1}^0.5 =  0.020645653582998188
Newton iteration: 95 Time elapsed =0:53:28.665078
<A u 95 , A u 95 >_{-1}^0.5 =  0.020027752320518677
Newton iteration: 96 Time elapsed =0:54:05.537227
<A u 96 , A u 96 >_{-1}^0.5 =  0.019427898708735382
Newton iteration: 97 Time elapsed =0:54:39.199534
<A u 97 , A u 97 >_{-1}^0.5 =  0.018845983279891624
Newton iteration: 98 Time elapsed =0:55:14.449968
<A u 98 , A u 98 >_{-1}^0.5 =  0.018281471244239594
Newton iteration: 99 Time elapsed =0:55:49.587514
<A u 99 , A u 99 >_{-1}^0.5 =  0.017734187922600023
Newton iteration: 100 Time elapsed =0:56:26.697208
<A u 100 , A u 100 >_{-1}^0.5 =  0.017202930687439572
Newton iteration: 101 Time elapsed =0:57:01.301294
<A u 101 , A u 101 >_{-1}^0.5 =  0.016687519491841326
Newton iteration: 102 Time elapsed =0:57:31.642227
<A u 102 , A u 102 >_{-1}^0.5 =  0.016187574807383125
Newton iteration: 103 Time elapsed =0:58:03.211890
<A u 103 , A u 103 >_{-1}^0.5 =  0.01570263523958011
Newton iteration: 104 Time elapsed =0:58:37.980854
<A u 104 , A u 104 >_{-1}^0.5 =  0.015232159356766618
Newton iteration: 105 Time elapsed =0:59:12.498659
<A u 105 , A u 105 >_{-1}^0.5 =  0.014775762308729989
Newton iteration: 106 Time elapsed =0:59:47.076738
<A u 106 , A u 106 >_{-1}^0.5 =  0.014333023806878413
Newton iteration: 107 Time elapsed =1:00:19.211762
<A u 107 , A u 107 >_{-1}^0.5 =  0.013903536050165869
Newton iteration: 108 Time elapsed =1:00:54.648246
<A u 108 , A u 108 >_{-1}^0.5 =  0.01348687932288441
Newton iteration: 109 Time elapsed =1:01:26.334509
<A u 109 , A u 109 >_{-1}^0.5 =  0.013082691799355981
Newton iteration: 110 Time elapsed =1:01:58.412771
<A u 110 , A u 110 >_{-1}^0.5 =  0.012690630481758964
Newton iteration: 111 Time elapsed =1:02:32.845227
<A u 111 , A u 111 >_{-1}^0.5 =  0.012310271368607914
Newton iteration: 112 Time elapsed =1:03:02.970252
<A u 112 , A u 112 >_{-1}^0.5 =  0.011941305028433297
Newton iteration: 113 Time elapsed =1:03:35.016194
<A u 113 , A u 113 >_{-1}^0.5 =  0.011583415642286331
Newton iteration: 114 Time elapsed =1:04:11.574424
<A u 114 , A u 114 >_{-1}^0.5 =  0.011236242356291342
Newton iteration: 115 Time elapsed =1:04:47.487687
<A u 115 , A u 115 >_{-1}^0.5 =  0.010899430103308799
Newton iteration: 116 Time elapsed =1:05:18.047624
<A u 116 , A u 116 >_{-1}^0.5 =  0.010572738787159827
Newton iteration: 117 Time elapsed =1:05:49.719328
<A u 117 , A u 117 >_{-1}^0.5 =  0.010255822115323854
Newton iteration: 118 Time elapsed =1:06:22.539413
<A u 118 , A u 118 >_{-1}^0.5 =  0.009948405015074768
Newton iteration: 119 Time elapsed =1:06:56.308319
<A u 119 , A u 119 >_{-1}^0.5 =  0.009650182922957638
Newton iteration: 120 Time elapsed =1:07:31.849968
<A u 120 , A u 120 >_{-1}^0.5 =  0.009360906207779915
Newton iteration: 121 Time elapsed =1:08:05.883048
<A u 121 , A u 121 >_{-1}^0.5 =  0.009080294320667431
Newton iteration: 122 Time elapsed =1:08:40.039215
<A u 122 , A u 122 >_{-1}^0.5 =  0.00880808810892212
Newton iteration: 123 Time elapsed =1:09:16.036273
<A u 123 , A u 123 >_{-1}^0.5 =  0.00854403614797391
Newton iteration: 124 Time elapsed =1:09:49.001448
<A u 124 , A u 124 >_{-1}^0.5 =  0.008287894512251395
Newton iteration: 125 Time elapsed =1:10:20.713283
<A u 125 , A u 125 >_{-1}^0.5 =  0.008039426552767799
Newton iteration: 126 Time elapsed =1:10:53.464688
<A u 126 , A u 126 >_{-1}^0.5 =  0.007798402681230402
Newton iteration: 127 Time elapsed =1:11:27.540778
<A u 127 , A u 127 >_{-1}^0.5 =  0.007564600160486005
Newton iteration: 128 Time elapsed =1:12:01.098491
<A u 128 , A u 128 >_{-1}^0.5 =  0.00733780290112392
Newton iteration: 129 Time elapsed =1:12:35.191497
<A u 129 , A u 129 >_{-1}^0.5 =  0.007117801264053906
Newton iteration: 130 Time elapsed =1:13:06.423198
<A u 130 , A u 130 >_{-1}^0.5 =  0.006904391868890463
Newton iteration: 131 Time elapsed =1:13:38.314294
<A u 131 , A u 131 >_{-1}^0.5 =  0.006697377407977045
Newton iteration: 132 Time elapsed =1:14:11.228296
<A u 132 , A u 132 >_{-1}^0.5 =  0.0064965664658817555
Newton iteration: 133 Time elapsed =1:14:42.866520
<A u 133 , A u 133 >_{-1}^0.5 =  0.006301773344215209
Newton iteration: 134 Time elapsed =1:15:15.296754
<A u 134 , A u 134 >_{-1}^0.5 =  0.006112817891606147
Newton iteration: 135 Time elapsed =1:15:48.623394
<A u 135 , A u 135 >_{-1}^0.5 =  0.005929525338696539
Newton iteration: 136 Time elapsed =1:16:21.524763
<A u 136 , A u 136 >_{-1}^0.5 =  0.0057517131635656995
Newton iteration: 137 Time elapsed =1:16:56.607819
<A u 137 , A u 137 >_{-1}^0.5 =  0.0055792199139659
Newton iteration: 138 Time elapsed =1:17:28.657595
<A u 138 , A u 138 >_{-1}^0.5 =  0.005411919988121024
Newton iteration: 139 Time elapsed =1:18:03.352186
<A u 139 , A u 139 >_{-1}^0.5 =  0.005249617576855167
Newton iteration: 140 Time elapsed =1:18:38.899976
<A u 140 , A u 140 >_{-1}^0.5 =  0.005092196951369777
Newton iteration: 141 Time elapsed =1:19:13.576164
<A u 141 , A u 141 >_{-1}^0.5 =  0.004939494939144833
Newton iteration: 142 Time elapsed =1:19:44.862216
<A u 142 , A u 142 >_{-1}^0.5 =  0.004791370217852676
Newton iteration: 143 Time elapsed =1:20:17.363278
<A u 143 , A u 143 >_{-1}^0.5 =  0.004647685690938931
Newton iteration: 144 Time elapsed =1:20:52.086742
<A u 144 , A u 144 >_{-1}^0.5 =  0.004508308361669447
Newton iteration: 145 Time elapsed =1:21:24.345681
<A u 145 , A u 145 >_{-1}^0.5 =  0.004373109210901093
Newton iteration: 146 Time elapsed =1:21:54.772656
<A u 146 , A u 146 >_{-1}^0.5 =  0.004241963078480883
Newton iteration: 147 Time elapsed =1:22:27.284950
<A u 147 , A u 147 >_{-1}^0.5 =  0.004114762844729872
Newton iteration: 148 Time elapsed =1:23:02.692543
<A u 148 , A u 148 >_{-1}^0.5 =  0.003991361697423044
Newton iteration: 149 Time elapsed =1:23:37.619762
<A u 149 , A u 149 >_{-1}^0.5 =  0.003871660121419079
Newton iteration: 150 Time elapsed =1:24:10.054980
<A u 150 , A u 150 >_{-1}^0.5 =  0.0037555360701890064
Newton iteration: 151 Time elapsed =1:24:42.310158
<A u 151 , A u 151 >_{-1}^0.5 =  0.0036429047653452388
Newton iteration: 152 Time elapsed =1:25:15.990738
<A u 152 , A u 152 >_{-1}^0.5 =  0.003533650347047461
Newton iteration: 153 Time elapsed =1:25:50.000174
<A u 153 , A u 153 >_{-1}^0.5 =  0.0034276716297679637
Newton iteration: 154 Time elapsed =1:26:22.614933
<A u 154 , A u 154 >_{-1}^0.5 =  0.0033248704564109778
Newton iteration: 155 Time elapsed =1:26:58.885742
<A u 155 , A u 155 >_{-1}^0.5 =  0.0032251516078795907
Newton iteration: 156 Time elapsed =1:27:29.604680
<A u 156 , A u 156 >_{-1}^0.5 =  0.0031284227153305045
Newton iteration: 157 Time elapsed =1:28:04.663924
<A u 157 , A u 157 >_{-1}^0.5 =  0.0030345941750377285
Newton iteration: 158 Time elapsed =1:28:36.240407
<A u 158 , A u 158 >_{-1}^0.5 =  0.0029435790657902127
Newton iteration: 159 Time elapsed =1:29:15.322861
<A u 159 , A u 159 >_{-1}^0.5 =  0.002855293068746159
Newton iteration: 160 Time elapsed =1:29:48.667973
<A u 160 , A u 160 >_{-1}^0.5 =  0.002769654389670114
Newton iteration: 161 Time elapsed =1:30:21.574851
<A u 161 , A u 161 >_{-1}^0.5 =  0.0026865836834898335
Newton iteration: 162 Time elapsed =1:30:54.629556
<A u 162 , A u 162 >_{-1}^0.5 =  0.0026060039810917195
Newton iteration: 163 Time elapsed =1:31:27.353127
<A u 163 , A u 163 >_{-1}^0.5 =  0.0025278406183064698
Newton iteration: 164 Time elapsed =1:31:58.309153
<A u 164 , A u 164 >_{-1}^0.5 =  0.0024520211669986727
Newton iteration: 165 Time elapsed =1:32:32.363775
<A u 165 , A u 165 >_{-1}^0.5 =  0.002378475368218479
Newton iteration: 166 Time elapsed =1:33:04.310489
<A u 166 , A u 166 >_{-1}^0.5 =  0.002307132459120652
Newton iteration: 167 Time elapsed =1:33:40.398242
<A u 167 , A u 167 >_{-1}^0.5 =  0.002237931621451846
Newton iteration: 168 Time elapsed =1:34:11.905692
<A u 168 , A u 168 >_{-1}^0.5 =  0.002170806033201883
Newton iteration: 169 Time elapsed =1:34:46.786974
<A u 169 , A u 169 >_{-1}^0.5 =  0.0021056934826772207
Newton iteration: 170 Time elapsed =1:35:22.611869
<A u 170 , A u 170 >_{-1}^0.5 =  0.0020425336218343406
Newton iteration: 171 Time elapsed =1:35:57.530631
<A u 171 , A u 171 >_{-1}^0.5 =  0.0019812543148814404
Newton iteration: 172 Time elapsed =1:36:30.757247
<A u 172 , A u 172 >_{-1}^0.5 =  0.0019218263762412577
Newton iteration: 173 Time elapsed =1:37:01.684713
<A u 173 , A u 173 >_{-1}^0.5 =  0.0018641807034336644
Newton iteration: 174 Time elapsed =1:37:37.254584
<A u 174 , A u 174 >_{-1}^0.5 =  0.0018082638622736553
Newton iteration: 175 Time elapsed =1:38:09.175450
<A u 175 , A u 175 >_{-1}^0.5 =  0.0017540240196064834
Newton iteration: 176 Time elapsed =1:38:42.823334
<A u 176 , A u 176 >_{-1}^0.5 =  0.0017014108953974393
Newton iteration: 177 Time elapsed =1:39:20.671490
<A u 177 , A u 177 >_{-1}^0.5 =  0.0016503757162462966
Newton iteration: 178 Time elapsed =1:39:50.089753
<A u 178 , A u 178 >_{-1}^0.5 =  0.0016008711702929347
Newton iteration: 179 Time elapsed =1:40:22.610474
<A u 179 , A u 179 >_{-1}^0.5 =  0.0015528513634705098
Newton iteration: 180 Time elapsed =1:40:57.553081
<A u 180 , A u 180 >_{-1}^0.5 =  0.0015062717770618138
Newton iteration: 181 Time elapsed =1:41:30.303036
<A u 181 , A u 181 >_{-1}^0.5 =  0.0014610892265267612
Newton iteration: 182 Time elapsed =1:42:05.752810
<A u 182 , A u 182 >_{-1}^0.5 =  0.0014172618215600528
Newton iteration: 183 Time elapsed =1:42:40.750848
<A u 183 , A u 183 >_{-1}^0.5 =  0.0013747489273368246
Newton iteration: 184 Time elapsed =1:43:17.394582
<A u 184 , A u 184 >_{-1}^0.5 =  0.0013335111269260056
Newton iteration: 185 Time elapsed =1:43:51.617670
<A u 185 , A u 185 >_{-1}^0.5 =  0.0012935101848168245
Newton iteration: 186 Time elapsed =1:44:25.971328
<A u 186 , A u 186 >_{-1}^0.5 =  0.0012547090115433554
Newton iteration: 187 Time elapsed =1:44:59.265615
<A u 187 , A u 187 >_{-1}^0.5 =  0.0012170716293623042
Newton iteration: 188 Time elapsed =1:45:32.986296
<A u 188 , A u 188 >_{-1}^0.5 =  0.0011805631389574106
Newton iteration: 189 Time elapsed =1:46:07.448348
<A u 189 , A u 189 >_{-1}^0.5 =  0.0011451496871412658
Newton iteration: 190 Time elapsed =1:46:38.569325
<A u 190 , A u 190 >_{-1}^0.5 =  0.001110798435521166
Newton iteration: 191 Time elapsed =1:47:11.856372
<A u 191 , A u 191 >_{-1}^0.5 =  0.0010774775301025945
Newton iteration: 192 Time elapsed =1:47:44.868945
<A u 192 , A u 192 >_{-1}^0.5 =  0.001045156071800791
Newton iteration: 193 Time elapsed =1:48:17.058749
<A u 193 , A u 193 >_{-1}^0.5 =  0.001013804087836631
Newton iteration: 194 Time elapsed =1:48:48.327272
<A u 194 , A u 194 >_{-1}^0.5 =  0.00098339250398712
Newton iteration: 195 Time elapsed =1:49:21.942822
<A u 195 , A u 195 >_{-1}^0.5 =  0.0009538931176645159
Newton iteration: 196 Time elapsed =1:49:57.245892
<A u 196 , A u 196 >_{-1}^0.5 =  0.0009252785718026381
Newton iteration: 197 Time elapsed =1:50:31.876354
<A u 197 , A u 197 >_{-1}^0.5 =  0.0008975223295238596
Newton iteration: 198 Time elapsed =1:51:06.777263
<A u 198 , A u 198 >_{-1}^0.5 =  0.000870598649565011
Newton iteration: 199 Time elapsed =1:51:39.822248
<A u 199 , A u 199 >_{-1}^0.5 =  0.0008444825624372085
Newton iteration: 200 Time elapsed =1:52:17.494517
<A u 200 , A u 200 >_{-1}^0.5 =  0.0008191498473009459
Newton iteration: 201 Time elapsed =1:52:54.405086
<A u 201 , A u 201 >_{-1}^0.5 =  0.0007945770095307253
Newton iteration: 202 Time elapsed =1:53:27.112119
<A u 202 , A u 202 >_{-1}^0.5 =  0.0007707412589546966
Newton iteration: 203 Time elapsed =1:53:59.735332
<A u 203 , A u 203 >_{-1}^0.5 =  0.0007476204887432338
Newton iteration: 204 Time elapsed =1:54:32.888939
<A u 204 , A u 204 >_{-1}^0.5 =  0.00072519325492881
Newton iteration: 205 Time elapsed =1:55:06.878106
<A u 205 , A u 205 >_{-1}^0.5 =  0.000703438756541816
Newton iteration: 206 Time elapsed =1:55:37.978288
<A u 206 , A u 206 >_{-1}^0.5 =  0.0006823368163405778
Newton iteration: 207 Time elapsed =1:56:10.930304
<A u 207 , A u 207 >_{-1}^0.5 =  0.0006618678621129892
Newton iteration: 208 Time elapsed =1:56:46.515209
<A u 208 , A u 208 >_{-1}^0.5 =  0.0006420129085480344
Newton iteration: 209 Time elapsed =1:57:20.189846
<A u 209 , A u 209 >_{-1}^0.5 =  0.0006227535396415601
Newton iteration: 210 Time elapsed =1:57:53.338298
<A u 210 , A u 210 >_{-1}^0.5 =  0.000604071891630908
Newton iteration: 211 Time elapsed =1:58:25.974074
<A u 211 , A u 211 >_{-1}^0.5 =  0.0005859506364448338
Newton iteration: 212 Time elapsed =1:58:58.638262
<A u 212 , A u 212 >_{-1}^0.5 =  0.000568372965642988
Newton iteration: 213 Time elapsed =1:59:31.445216
<A u 213 , A u 213 >_{-1}^0.5 =  0.0005513225748419513
Newton iteration: 214 Time elapsed =2:00:05.842366
<A u 214 , A u 214 >_{-1}^0.5 =  0.0005347836486027265
Newton iteration: 215 Time elapsed =2:00:41.176841
<A u 215 , A u 215 >_{-1}^0.5 =  0.0005187408457743231
Newton iteration: 216 Time elapsed =2:01:15.606354
<A u 216 , A u 216 >_{-1}^0.5 =  0.0005031792852771119
Newton iteration: 217 Time elapsed =2:01:46.570460
<A u 217 , A u 217 >_{-1}^0.5 =  0.0004880845323072106
Newton iteration: 218 Time elapsed =2:02:21.546280
<A u 218 , A u 218 >_{-1}^0.5 =  0.0004734425849614183
Newton iteration: 219 Time elapsed =2:02:54.222273
<A u 219 , A u 219 >_{-1}^0.5 =  0.00045923986125402926
Newton iteration: 220 Time elapsed =2:03:27.762203
<A u 220 , A u 220 >_{-1}^0.5 =  0.0004454631865313808
Newton iteration: 221 Time elapsed =2:04:00.924917
<A u 221 , A u 221 >_{-1}^0.5 =  0.0004320997812574463
Newton iteration: 222 Time elapsed =2:04:36.067427
<A u 222 , A u 222 >_{-1}^0.5 =  0.00041913724916780437
Newton iteration: 223 Time elapsed =2:05:07.673902
<A u 223 , A u 223 >_{-1}^0.5 =  0.0004065635657795766
Newton iteration: 224 Time elapsed =2:05:37.953465
<A u 224 , A u 224 >_{-1}^0.5 =  0.0003943670672423034
Newton iteration: 225 Time elapsed =2:06:12.913881
<A u 225 , A u 225 >_{-1}^0.5 =  0.0003825364395261432
Newton iteration: 226 Time elapsed =2:06:45.230253
<A u 226 , A u 226 >_{-1}^0.5 =  0.00037106070793241477
Newton iteration: 227 Time elapsed =2:07:19.395304
<A u 227 , A u 227 >_{-1}^0.5 =  0.0003599292269189782
Newton iteration: 228 Time elapsed =2:07:53.039216
<A u 228 , A u 228 >_{-1}^0.5 =  0.0003491316702316589
Newton iteration: 229 Time elapsed =2:08:25.372277
<A u 229 , A u 229 >_{-1}^0.5 =  0.00033865802132802104
Newton iteration: 230 Time elapsed =2:08:56.813275
<A u 230 , A u 230 >_{-1}^0.5 =  0.0003284974355256599
Newton iteration: 231 Time elapsed =2:09:31.629894
<A u 231 , A u 231 >_{-1}^0.5 =  0.00031864277915578465
Newton iteration: 232 Time elapsed =2:10:05.739423
<A u 232 , A u 232 >_{-1}^0.5 =  0.00030908374671712865
Newton iteration: 233 Time elapsed =2:10:37.925255
<A u 233 , A u 233 >_{-1}^0.5 =  0.00029981147042329253
Newton iteration: 234 Time elapsed =2:11:09.976526
<A u 234 , A u 234 >_{-1}^0.5 =  0.0002908173484654475
Newton iteration: 235 Time elapsed =2:11:41.560379
<A u 235 , A u 235 >_{-1}^0.5 =  0.000282093037038608
Newton iteration: 236 Time elapsed =2:12:15.126485
<A u 236 , A u 236 >_{-1}^0.5 =  0.000273630442602744
Newton iteration: 237 Time elapsed =2:12:48.600480
<A u 237 , A u 237 >_{-1}^0.5 =  0.0002654217143768761
Newton iteration: 238 Time elapsed =2:13:20.851176
<A u 238 , A u 238 >_{-1}^0.5 =  0.0002574592370626464
Newton iteration: 239 Time elapsed =2:13:51.812233
<A u 239 , A u 239 >_{-1}^0.5 =  0.00024973562377836675
Newton iteration: 240 Time elapsed =2:14:27.358426
<A u 240 , A u 240 >_{-1}^0.5 =  0.00024224370921142283
Newton iteration: 241 Time elapsed =2:14:58.815213
<A u 241 , A u 241 >_{-1}^0.5 =  0.00023497654297188888
Newton iteration: 242 Time elapsed =2:15:35.114490
<A u 242 , A u 242 >_{-1}^0.5 =  0.00022792738314899121
Newton iteration: 243 Time elapsed =2:16:08.502944
<A u 243 , A u 243 >_{-1}^0.5 =  0.00022108969005569528
Newton iteration: 244 Time elapsed =2:16:43.945252
<A u 244 , A u 244 >_{-1}^0.5 =  0.00021445712016815655
Newton iteration: 245 Time elapsed =2:17:22.307104
<A u 245 , A u 245 >_{-1}^0.5 =  0.0002080235202369176
Newton iteration: 246 Time elapsed =2:17:55.138192
<A u 246 , A u 246 >_{-1}^0.5 =  0.00020178292158645194
Newton iteration: 247 Time elapsed =2:18:28.276807
<A u 247 , A u 247 >_{-1}^0.5 =  0.0001957295345747957
Newton iteration: 248 Time elapsed =2:19:01.842262
<A u 248 , A u 248 >_{-1}^0.5 =  0.00018985774322610111
Newton iteration: 249 Time elapsed =2:19:32.956341
<A u 249 , A u 249 >_{-1}^0.5 =  0.00018416210002241608
Newton iteration: 250 Time elapsed =2:20:04.439176
<A u 250 , A u 250 >_{-1}^0.5 =  0.00017863732084938844
Newton iteration: 251 Time elapsed =2:20:34.728190
<A u 251 , A u 251 >_{-1}^0.5 =  0.00017327828009799397
Newton iteration: 252 Time elapsed =2:21:06.830226
<A u 252 , A u 252 >_{-1}^0.5 =  0.00016808000590794916
Newton iteration: 253 Time elapsed =2:21:41.653574
<A u 253 , A u 253 >_{-1}^0.5 =  0.00016303767555802076
Newton iteration: 254 Time elapsed =2:22:14.663240
<A u 254 , A u 254 >_{-1}^0.5 =  0.00015814661099178292
Newton iteration: 255 Time elapsed =2:22:48.929668
<A u 255 , A u 255 >_{-1}^0.5 =  0.0001534022744797005
Newton iteration: 256 Time elapsed =2:23:21.220516
<A u 256 , A u 256 >_{-1}^0.5 =  0.0001488002644101988
Newton iteration: 257 Time elapsed =2:23:57.938244
<A u 257 , A u 257 >_{-1}^0.5 =  0.00014433631120506414
Newton iteration: 258 Time elapsed =2:24:29.794505
<A u 258 , A u 258 >_{-1}^0.5 =  0.0001400062733618782
Newton iteration: 259 Time elapsed =2:25:01.457525
<A u 259 , A u 259 >_{-1}^0.5 =  0.00013580613361125697
Newton iteration: 260 Time elapsed =2:25:35.970607
<A u 260 , A u 260 >_{-1}^0.5 =  0.0001317319951895461
Newton iteration: 261 Time elapsed =2:26:13.379857
<A u 261 , A u 261 >_{-1}^0.5 =  0.00012778007822652164
Newton iteration: 262 Time elapsed =2:26:45.877087
<A u 262 , A u 262 >_{-1}^0.5 =  0.00012394671623771903
Newton iteration: 263 Time elapsed =2:27:20.725149
<A u 263 , A u 263 >_{-1}^0.5 =  0.00012022835272341042
Newton iteration: 264 Time elapsed =2:27:53.795986
<A u 264 , A u 264 >_{-1}^0.5 =  0.00011662153787030333
Newton iteration: 265 Time elapsed =2:28:28.206854
<A u 265 , A u 265 >_{-1}^0.5 =  0.00011312292535170152
Newton iteration: 266 Time elapsed =2:29:02.739327
<A u 266 , A u 266 >_{-1}^0.5 =  0.0001097292692217456
Newton iteration: 267 Time elapsed =2:29:36.883715
<A u 267 , A u 267 >_{-1}^0.5 =  0.00010643742090649462
Newton iteration: 268 Time elapsed =2:30:09.658243
<A u 268 , A u 268 >_{-1}^0.5 =  0.0001032443262814857
Newton iteration: 269 Time elapsed =2:30:43.889038
<A u 269 , A u 269 >_{-1}^0.5 =  0.00010014702284038758
Newton iteration: 270 Time elapsed =2:31:18.713308
<A u 270 , A u 270 >_{-1}^0.5 =  9.714263694584126e-05
Newton iteration: 271 Time elapsed =2:31:54.831839
<A u 271 , A u 271 >_{-1}^0.5 =  9.422838116307575e-05
Newton iteration: 272 Time elapsed =2:32:30.091274
<A u 272 , A u 272 >_{-1}^0.5 =  9.140155167480088e-05
Newton iteration: 273 Time elapsed =2:33:03.981572
<A u 273 , A u 273 >_{-1}^0.5 =  8.86595257747667e-05
Newton iteration: 274 Time elapsed =2:33:38.710186
<A u 274 , A u 274 >_{-1}^0.5 =  8.599975943097868e-05
Newton iteration: 275 Time elapsed =2:34:10.942421
<A u 275 , A u 275 >_{-1}^0.5 =  8.341978492917994e-05
Newton iteration: 276 Time elapsed =2:34:43.554130
<A u 276 , A u 276 >_{-1}^0.5 =  8.091720858235062e-05
Newton iteration: 277 Time elapsed =2:35:21.330707
<A u 277 , A u 277 >_{-1}^0.5 =  7.848970850928146e-05
Newton iteration: 278 Time elapsed =2:35:54.774133
<A u 278 , A u 278 >_{-1}^0.5 =  7.613503248168969e-05
Newton iteration: 279 Time elapsed =2:36:26.449051
<A u 279 , A u 279 >_{-1}^0.5 =  7.385099583527051e-05
Newton iteration: 280 Time elapsed =2:36:59.030351
<A u 280 , A u 280 >_{-1}^0.5 =  7.163547944147465e-05
Newton iteration: 281 Time elapsed =2:37:32.596057
<A u 281 , A u 281 >_{-1}^0.5 =  6.948642774245485e-05
Newton iteration: 282 Time elapsed =2:38:07.130358
<A u 282 , A u 282 >_{-1}^0.5 =  6.740184684527797e-05
Newton iteration: 283 Time elapsed =2:38:39.867787
<A u 283 , A u 283 >_{-1}^0.5 =  6.53798026693702e-05
Newton iteration: 284 Time elapsed =2:39:11.206227
<A u 284 , A u 284 >_{-1}^0.5 =  6.341841915500429e-05
Newton iteration: 285 Time elapsed =2:39:45.671240
<A u 285 , A u 285 >_{-1}^0.5 =  6.151587652181652e-05
Newton iteration: 286 Time elapsed =2:40:21.473938
<A u 286 , A u 286 >_{-1}^0.5 =  5.9670409579975584e-05
Newton iteration: 287 Time elapsed =2:40:55.729239
<A u 287 , A u 287 >_{-1}^0.5 =  5.7880306093626575e-05
Newton iteration: 288 Time elapsed =2:41:28.626834
<A u 288 , A u 288 >_{-1}^0.5 =  5.6143905191809205e-05
Newton iteration: 289 Time elapsed =2:41:59.628308
<A u 289 , A u 289 >_{-1}^0.5 =  5.4459595827716316e-05
Newton iteration: 290 Time elapsed =2:42:34.454395
<A u 290 , A u 290 >_{-1}^0.5 =  5.2825815283878673e-05
Newton iteration: 291 Time elapsed =2:43:06.900681
<A u 291 , A u 291 >_{-1}^0.5 =  5.1241047722923675e-05
Newton iteration: 292 Time elapsed =2:43:40.938201
<A u 292 , A u 292 >_{-1}^0.5 =  4.970382278168766e-05
Newton iteration: 293 Time elapsed =2:44:13.370265
<A u 293 , A u 293 >_{-1}^0.5 =  4.8212714204695695e-05
Newton iteration: 294 Time elapsed =2:44:47.014941
<A u 294 , A u 294 >_{-1}^0.5 =  4.6766338524391115e-05
Newton iteration: 295 Time elapsed =2:45:20.417154
<A u 295 , A u 295 >_{-1}^0.5 =  4.536335377507647e-05
Newton iteration: 296 Time elapsed =2:45:56.973340
<A u 296 , A u 296 >_{-1}^0.5 =  4.40024582485672e-05
Newton iteration: 297 Time elapsed =2:46:31.604187
<A u 297 , A u 297 >_{-1}^0.5 =  4.268238928703736e-05
Newton iteration: 298 Time elapsed =2:47:04.142535
<A u 298 , A u 298 >_{-1}^0.5 =  4.14019221113306e-05
Newton iteration: 299 Time elapsed =2:47:39.390390
<A u 299 , A u 299 >_{-1}^0.5 =  4.0159868685236855e-05
Newton iteration: 300 Time elapsed =2:48:11.072189
<A u 300 , A u 300 >_{-1}^0.5 =  3.8955076611547336e-05
Newton iteration: 301 Time elapsed =2:48:46.319116
<A u 301 , A u 301 >_{-1}^0.5 =  3.7786428063983735e-05
Newton iteration: 302 Time elapsed =2:49:20.383348
<A u 302 , A u 302 >_{-1}^0.5 =  3.6652838751404526e-05
Newton iteration: 303 Time elapsed =2:49:55.421490
<A u 303 , A u 303 >_{-1}^0.5 =  3.555325690975333e-05
Newton iteration: 304 Time elapsed =2:50:28.681316
<A u 304 , A u 304 >_{-1}^0.5 =  3.4486662326813906e-05
Newton iteration: 305 Time elapsed =2:50:59.736085
<A u 305 , A u 305 >_{-1}^0.5 =  3.345206539698794e-05
Newton iteration: 306 Time elapsed =2:51:32.822526
<A u 306 , A u 306 >_{-1}^0.5 =  3.244850620121541e-05
Newton iteration: 307 Time elapsed =2:52:05.756271
<A u 307 , A u 307 >_{-1}^0.5 =  3.147505361773004e-05
Newton iteration: 308 Time elapsed =2:52:41.086307
<A u 308 , A u 308 >_{-1}^0.5 =  3.053080445797907e-05
Newton iteration: 309 Time elapsed =2:53:15.309488
<A u 309 , A u 309 >_{-1}^0.5 =  2.961488262833416e-05
Newton iteration: 310 Time elapsed =2:53:49.963225
<A u 310 , A u 310 >_{-1}^0.5 =  2.87264383173068e-05
Newton iteration: 311 Time elapsed =2:54:24.130709
<A u 311 , A u 311 >_{-1}^0.5 =  2.7864647207945477e-05
Newton iteration: 312 Time elapsed =2:54:57.105399
<A u 312 , A u 312 >_{-1}^0.5 =  2.7028709710760866e-05
Newton iteration: 313 Time elapsed =2:55:28.695134
<A u 313 , A u 313 >_{-1}^0.5 =  2.6217850225198713e-05
Newton iteration: 314 Time elapsed =2:56:00.816223
<A u 314 , A u 314 >_{-1}^0.5 =  2.5431316417489023e-05
Newton iteration: 315 Time elapsed =2:56:34.871301
<A u 315 , A u 315 >_{-1}^0.5 =  2.4668378523974868e-05
Newton iteration: 316 Time elapsed =2:57:08.568279
<A u 316 , A u 316 >_{-1}^0.5 =  2.392832867231575e-05
Newton iteration: 317 Time elapsed =2:57:41.832400
<A u 317 , A u 317 >_{-1}^0.5 =  2.3210480227500283e-05
Newton iteration: 318 Time elapsed =2:58:16.008197
<A u 318 , A u 318 >_{-1}^0.5 =  2.2514167152490808e-05
Newton iteration: 319 Time elapsed =2:58:48.703271
<A u 319 , A u 319 >_{-1}^0.5 =  2.1838743390624855e-05
Newton iteration: 320 Time elapsed =2:59:23.102828
<A u 320 , A u 320 >_{-1}^0.5 =  2.1183582267978303e-05
Newton iteration: 321 Time elapsed =2:59:55.165227
<A u 321 , A u 321 >_{-1}^0.5 =  2.0548075908741502e-05
Newton iteration: 322 Time elapsed =3:00:29.684234
<A u 322 , A u 322 >_{-1}^0.5 =  1.9931634675335646e-05
Newton iteration: 323 Time elapsed =3:01:00.642441
<A u 323 , A u 323 >_{-1}^0.5 =  1.9333686617185173e-05
Newton iteration: 324 Time elapsed =3:01:30.653611
<A u 324 , A u 324 >_{-1}^0.5 =  1.875367694280984e-05
Newton iteration: 325 Time elapsed =3:02:06.836330
<A u 325 , A u 325 >_{-1}^0.5 =  1.8191067503960455e-05
Newton iteration: 326 Time elapsed =3:02:39.588280
<A u 326 , A u 326 >_{-1}^0.5 =  1.7645336296549075e-05
Newton iteration: 327 Time elapsed =3:03:10.966408
<A u 327 , A u 327 >_{-1}^0.5 =  1.711597697742007e-05
Newton iteration: 328 Time elapsed =3:03:43.806386
<A u 328 , A u 328 >_{-1}^0.5 =  1.660249839223195e-05
Newton iteration: 329 Time elapsed =3:04:17.070468
<A u 329 , A u 329 >_{-1}^0.5 =  1.610442412196923e-05
Newton iteration: 330 Time elapsed =3:04:49.616921
<A u 330 , A u 330 >_{-1}^0.5 =  1.5621292039041887e-05
Newton iteration: 331 Time elapsed =3:05:21.372917
<A u 331 , A u 331 >_{-1}^0.5 =  1.5152653881018387e-05
Newton iteration: 332 Time elapsed =3:05:52.746356
<A u 332 , A u 332 >_{-1}^0.5 =  1.4698074832426167e-05
Newton iteration: 333 Time elapsed =3:06:26.979511
<A u 333 , A u 333 >_{-1}^0.5 =  1.42571331215172e-05
Newton iteration: 334 Time elapsed =3:06:59.536607
<A u 334 , A u 334 >_{-1}^0.5 =  1.3829419630288474e-05
Newton iteration: 335 Time elapsed =3:07:36.991617
<A u 335 , A u 335 >_{-1}^0.5 =  1.3414537513879075e-05
Newton iteration: 336 Time elapsed =3:08:11.936419
<A u 336 , A u 336 >_{-1}^0.5 =  1.3012101833488473e-05
Newton iteration: 337 Time elapsed =3:08:46.357857
<A u 337 , A u 337 >_{-1}^0.5 =  1.2621739196783868e-05
Newton iteration: 338 Time elapsed =3:09:19.709339
<A u 338 , A u 338 >_{-1}^0.5 =  1.2243087414835659e-05
Newton iteration: 339 Time elapsed =3:09:54.193001
<A u 339 , A u 339 >_{-1}^0.5 =  1.1875795163067953e-05
Newton iteration: 340 Time elapsed =3:10:26.234492
<A u 340 , A u 340 >_{-1}^0.5 =  1.1519521656605205e-05
Newton iteration: 341 Time elapsed =3:10:57.962996
<A u 341 , A u 341 >_{-1}^0.5 =  1.1173936335046608e-05
Newton iteration: 342 Time elapsed =3:11:30.065050
<A u 342 , A u 342 >_{-1}^0.5 =  1.0838718553658723e-05
Newton iteration: 343 Time elapsed =3:12:03.244184
<A u 343 , A u 343 >_{-1}^0.5 =  1.0513557287471625e-05
Newton iteration: 344 Time elapsed =3:12:37.772298
<A u 344 , A u 344 >_{-1}^0.5 =  1.0198150841979725e-05
Newton iteration: 345 Time elapsed =3:13:11.396188
<A u 345 , A u 345 >_{-1}^0.5 =  9.892206573516945e-06
Newton iteration: 346 Time elapsed =3:13:44.805063
<A u 346 , A u 346 >_{-1}^0.5 =  9.595440618604825e-06
Newton iteration: 347 Time elapsed =3:14:18.568243
<A u 347 , A u 347 >_{-1}^0.5 =  9.307577627398694e-06
Newton iteration: 348 Time elapsed =3:14:50.421215
<A u 348 , A u 348 >_{-1}^0.5 =  9.028350512562331e-06
Newton iteration: 349 Time elapsed =3:15:21.640418
<A u 349 , A u 349 >_{-1}^0.5 =  8.757500199055669e-06
Newton iteration: 350 Time elapsed =3:15:58.418188
<A u 350 , A u 350 >_{-1}^0.5 =  8.494775382579939e-06
Newton iteration: 351 Time elapsed =3:16:31.204925
<A u 351 , A u 351 >_{-1}^0.5 =  8.23993229969694e-06
Newton iteration: 352 Time elapsed =3:17:06.574520
<A u 352 , A u 352 >_{-1}^0.5 =  7.992734498062144e-06
Newton iteration: 353 Time elapsed =3:17:39.448586
<A u 353 , A u 353 >_{-1}^0.5 =  7.752952620978978e-06
Newton iteration: 354 Time elapsed =3:18:10.153284
<A u 354 , A u 354 >_{-1}^0.5 =  7.520364191070874e-06
Newton iteration: 355 Time elapsed =3:18:44.203055
<A u 355 , A u 355 >_{-1}^0.5 =  7.294753405350965e-06
Newton iteration: 356 Time elapsed =3:19:18.326841
<A u 356 , A u 356 >_{-1}^0.5 =  7.075910934801294e-06
Newton iteration: 357 Time elapsed =3:19:51.278864
<A u 357 , A u 357 >_{-1}^0.5 =  6.863633730150168e-06
Newton iteration: 358 Time elapsed =3:20:22.540398
<A u 358 , A u 358 >_{-1}^0.5 =  6.657724834834855e-06
Newton iteration: 359 Time elapsed =3:20:57.291737
<A u 359 , A u 359 >_{-1}^0.5 =  6.4579931993166805e-06
Newton iteration: 360 Time elapsed =3:21:30.175368
<A u 360 , A u 360 >_{-1}^0.5 =  6.264253506434938e-06
Newton iteration: 361 Time elapsed =3:22:04.636186
<A u 361 , A u 361 >_{-1}^0.5 =  6.076325998228738e-06
Newton iteration: 362 Time elapsed =3:22:39.730162
<A u 362 , A u 362 >_{-1}^0.5 =  5.894036309675498e-06
Newton iteration: 363 Time elapsed =3:23:10.786701
<A u 363 , A u 363 >_{-1}^0.5 =  5.717215306164346e-06
Newton iteration: 364 Time elapsed =3:23:43.842807
<A u 364 , A u 364 >_{-1}^0.5 =  5.545698927775633e-06
Newton iteration: 365 Time elapsed =3:24:16.219996
<A u 365 , A u 365 >_{-1}^0.5 =  5.379328036015002e-06
Newton iteration: 366 Time elapsed =3:24:51.144885
<A u 366 , A u 366 >_{-1}^0.5 =  5.217948266436194e-06
Newton iteration: 367 Time elapsed =3:25:26.753292
<A u 367 , A u 367 >_{-1}^0.5 =  5.061409885952073e-06
Newton iteration: 368 Time elapsed =3:26:01.891212
<A u 368 , A u 368 >_{-1}^0.5 =  4.909567652874898e-06
Newton iteration: 369 Time elapsed =3:26:35.210840
<A u 369 , A u 369 >_{-1}^0.5 =  4.76228068269246e-06
Newton iteration: 370 Time elapsed =3:27:08.652495
<A u 370 , A u 370 >_{-1}^0.5 =  4.61941231808081e-06
Newton iteration: 371 Time elapsed =3:27:44.209562
<A u 371 , A u 371 >_{-1}^0.5 =  4.4808300013574905e-06
Newton iteration: 372 Time elapsed =3:28:17.985355
<A u 372 , A u 372 >_{-1}^0.5 =  4.346405151026899e-06
Newton iteration: 373 Time elapsed =3:28:49.649231
<A u 373 , A u 373 >_{-1}^0.5 =  4.216013043164082e-06
Newton iteration: 374 Time elapsed =3:29:23.551491
<A u 374 , A u 374 >_{-1}^0.5 =  4.089532695952974e-06
Newton iteration: 375 Time elapsed =3:29:59.779935
<A u 375 , A u 375 >_{-1}^0.5 =  3.966846756223388e-06
Newton iteration: 376 Time elapsed =3:30:33.001945
<A u 376 , A u 376 >_{-1}^0.5 =  3.8478413925760045e-06
Newton iteration: 377 Time elapsed =3:31:07.573569
<A u 377 , A u 377 >_{-1}^0.5 =  3.732406187394635e-06
Newton iteration: 378 Time elapsed =3:31:41.128330
<A u 378 , A u 378 >_{-1}^0.5 =  3.6204340362821347e-06
Newton iteration: 379 Time elapsed =3:32:13.746230
<A u 379 , A u 379 >_{-1}^0.5 =  3.511821047220199e-06
Newton iteration: 380 Time elapsed =3:32:45.785265
<A u 380 , A u 380 >_{-1}^0.5 =  3.4064664466539712e-06
Newton iteration: 381 Time elapsed =3:33:17.661311
<A u 381 , A u 381 >_{-1}^0.5 =  3.304272481709478e-06
Newton iteration: 382 Time elapsed =3:33:51.655040
<A u 382 , A u 382 >_{-1}^0.5 =  3.2051443340948576e-06
Newton iteration: 383 Time elapsed =3:34:23.986066
<A u 383 , A u 383 >_{-1}^0.5 =  3.1089900297577446e-06
Newton iteration: 384 Time elapsed =3:34:58.985618
<A u 384 , A u 384 >_{-1}^0.5 =  3.0157203524098364e-06
Newton iteration: 385 Time elapsed =3:35:33.291306
<A u 385 , A u 385 >_{-1}^0.5 =  2.9252487646412618e-06
Newton iteration: 386 Time elapsed =3:36:07.684213
<A u 386 , A u 386 >_{-1}^0.5 =  2.8374913228052764e-06
Newton iteration: 387 Time elapsed =3:36:39.739737
<A u 387 , A u 387 >_{-1}^0.5 =  2.752366602792802e-06
Newton iteration: 388 Time elapsed =3:37:13.450451
<A u 388 , A u 388 >_{-1}^0.5 =  2.6697956234809683e-06
Newton iteration: 389 Time elapsed =3:37:47.140443
<A u 389 , A u 389 >_{-1}^0.5 =  2.5897017724459044e-06
Newton iteration: 390 Time elapsed =3:38:21.863250
<A u 390 , A u 390 >_{-1}^0.5 =  2.5120107357209613e-06
Newton iteration: 391 Time elapsed =3:38:52.557987
<A u 391 , A u 391 >_{-1}^0.5 =  2.436650429560581e-06
Newton iteration: 392 Time elapsed =3:39:26.099442
<A u 392 , A u 392 >_{-1}^0.5 =  2.363550931295136e-06
Newton iteration: 393 Time elapsed =3:39:57.983378
<A u 393 , A u 393 >_{-1}^0.5 =  2.292644416951011e-06
Newton iteration: 394 Time elapsed =3:40:30.471544
<A u 394 , A u 394 >_{-1}^0.5 =  2.2238650975158248e-06
Newton iteration: 395 Time elapsed =3:41:05.521497
<A u 395 , A u 395 >_{-1}^0.5 =  2.157149156915755e-06
Newton iteration: 396 Time elapsed =3:41:37.453033
<A u 396 , A u 396 >_{-1}^0.5 =  2.0924346937026e-06
Newton iteration: 397 Time elapsed =3:42:11.097551
<A u 397 , A u 397 >_{-1}^0.5 =  2.0296616637817976e-06
Newton iteration: 398 Time elapsed =3:42:44.447857
<A u 398 , A u 398 >_{-1}^0.5 =  1.9687718239920726e-06
Newton iteration: 399 Time elapsed =3:43:15.387281
<A u 399 , A u 399 >_{-1}^0.5 =  1.909708678997162e-06
Newton iteration: 400 Time elapsed =3:43:51.273790
<A u 400 , A u 400 >_{-1}^0.5 =  1.8524174276579875e-06
Newton iteration: 401 Time elapsed =3:44:25.599945
<A u 401 , A u 401 >_{-1}^0.5 =  1.796844913277625e-06
Newton iteration: 402 Time elapsed =3:44:59.778257
<A u 402 , A u 402 >_{-1}^0.5 =  1.7429395738114836e-06
Newton iteration: 403 Time elapsed =3:45:32.180270
<A u 403 , A u 403 >_{-1}^0.5 =  1.6906513941425472e-06
Newton iteration: 404 Time elapsed =3:46:05.625124
<A u 404 , A u 404 >_{-1}^0.5 =  1.6399318594694858e-06
Newton iteration: 405 Time elapsed =3:46:36.464735
<A u 405 , A u 405 >_{-1}^0.5 =  1.5907339102122383e-06
Newton iteration: 406 Time elapsed =3:47:08.955194
<A u 406 , A u 406 >_{-1}^0.5 =  1.543011899143907e-06
Newton iteration: 407 Time elapsed =3:47:41.588102
<A u 407 , A u 407 >_{-1}^0.5 =  1.4967215482889081e-06
Newton iteration: 408 Time elapsed =3:48:15.318813
<A u 408 , A u 408 >_{-1}^0.5 =  1.4518199071190138e-06
Newton iteration: 409 Time elapsed =3:48:48.693648
<A u 409 , A u 409 >_{-1}^0.5 =  1.4082653146967522e-06
Newton iteration: 410 Time elapsed =3:49:24.665238
<A u 410 , A u 410 >_{-1}^0.5 =  1.3660173606142414e-06
Newton iteration: 411 Time elapsed =3:49:55.639832
<A u 411 , A u 411 >_{-1}^0.5 =  1.3250368441719676e-06
Newton iteration: 412 Time elapsed =3:50:27.776405
<A u 412 , A u 412 >_{-1}^0.5 =  1.2852857432191468e-06
Newton iteration: 413 Time elapsed =3:51:03.353234
<A u 413 , A u 413 >_{-1}^0.5 =  1.246727175310036e-06
Newton iteration: 414 Time elapsed =3:51:37.989295
<A u 414 , A u 414 >_{-1}^0.5 =  1.2093253637126715e-06
Newton iteration: 415 Time elapsed =3:52:11.459845
<A u 415 , A u 415 >_{-1}^0.5 =  1.1730456064902816e-06
Newton iteration: 416 Time elapsed =3:52:41.958691
<A u 416 , A u 416 >_{-1}^0.5 =  1.1378542413433042e-06
Newton iteration: 417 Time elapsed =3:53:14.825301
<A u 417 , A u 417 >_{-1}^0.5 =  1.103718617697026e-06
Newton iteration: 418 Time elapsed =3:53:47.371327
<A u 418 , A u 418 >_{-1}^0.5 =  1.0706070622287164e-06
Newton iteration: 419 Time elapsed =3:54:22.585007
<A u 419 , A u 419 >_{-1}^0.5 =  1.0384888530696174e-06
Newton iteration: 420 Time elapsed =3:54:55.398266
<A u 420 , A u 420 >_{-1}^0.5 =  1.0073341902145568e-06
Newton iteration: 421 Time elapsed =3:55:29.678872
<A u 421 , A u 421 >_{-1}^0.5 =  9.771141669619976e-07
Total time elapsed =17:45:33.376374
